address,status,full_window,tx_in_window,window_days,hit_max_cap,estimated_remaining_tx,estimated_remaining_pages,pct_time_covered
ckb1qzda0cr08m85hc8jlnfp3zer7xulejywt49kt2rr0vthywaa50xwsq0w7teyh77d48krwz2837wwejrppzw905cm588n0,complete,True,23506,30,False,,,
ckb1qzda0cr08m85hc8jlnfp3zer7xulejywt49kt2rr0vthywaa50xwsqv8cuf7vzh62m9gwyv59lzha9nx6ar5d9qqkp5em,complete,True,8337,30,False,,,
ckb1qzda0cr08m85hc8jlnfp3zer7xulejywt49kt2rr0vthywaa50xwsqt3vn6g67jm7g5czehcmqdcr6jwjz8pdtg59p03h,complete,True,6732,30,False,,,
ckb1qzda0cr08m85hc8jlnfp3zer7xulejywt49kt2rr0vthywaa50xwsqv9ft027uv84z4nc4wsgwl32u6ex4e4qsscccscx,complete,True,4297,30,False,,,
ckb1qzda0cr08m85hc8jlnfp3zer7xulejywt49kt2rr0vthywaa50xwsqwf587k2zv9cxghautlmp0t89ufk5khvjs6cy70d,complete,True,4143,30,False,,,
ckb1qzda0cr08m85hc8jlnfp3zer7xulejywt49kt2rr0vthywaa50xwsq238c5e34lfkzag3r9mnzxkw2j5kv3dd9qm83gxr,complete,True,1420,30,False,,,
ckb1qzda0cr08m85hc8jlnfp3zer7xulejywt49kt2rr0vthywaa50xwsq2fwvu3c3vnh3pnrnynrn3zqzmsu7shaxg5tcdyt,complete,True,1320,30,False,,,
ckb1qzda0cr08m85hc8jlnfp3zer7xulejywt49kt2rr0vthywaa50xwsqfcls7pnlg5eausdqrj4k0jrlhm7zy3jrsjljh33,complete,True,1184,30,False,,,
ckb1qzda0cr08m85hc8jlnfp3zer7xulejywt49kt2rr0vthywaa50xwsqw8q4nj0qyp80m5pnsgqg0n09zmtxmfccgm4ldvz,complete,True,1174,30,False,,,
ckb1qzda0cr08m85hc8jlnfp3zer7xulejywt49kt2rr0vthywaa50xwsq084l0edu0ucchdngufewmh2mp2mlmqk8cqsq99n,complete,True,1047,30,False,,,
ckb1qzda0cr08m85hc8jlnfp3zer7xulejywt49kt2rr0vthywaa50xwsqd3ele94wtw253dum78vpuuy2rcspueckqp9hktf,complete,True,903,30,False,,,
ckb1qzda0cr08m85hc8jlnfp3zer7xulejywt49kt2rr0vthywaa50xwsqf2pf3uu524tn9umy7g3gchaa6sgamvs4sx454l6,complete,True,869,30,False,,,
ckb1qzda0cr08m85hc8jlnfp3zer7xulejywt49kt2rr0vthywaa50xwsqfxqr07vgqlgcke2waa8llnuc6e6fmqxdgpe06nl,complete,True,839,30,False,,,
ckb1qzda0cr08m85hc8jlnfp3zer7xulejywt49kt2rr0vthywaa50xwsq2knh0gfpas59yxcp9hhl6dl22tztaxtwg5e4yru,complete,True,812,30,False,,,
ckb1qzda0cr08m85hc8jlnfp3zer7xulejywt49kt2rr0vthywaa50xwsqw0dr0ghl76nf5xkw6lx0lxm032kw2jwwq6lnmhx,complete,True,778,30,False,,,
ckb1qzda0cr08m85hc8jlnfp3zer7xulejywt49kt2rr0vthywaa50xwsqwj2d4whqxn9v85cy236x5vhnaw0h859pq02dapz,complete,True,768,30,False,,,
ckb1qzda0cr08m85hc8jlnfp3zer7xulejywt49kt2rr0vthywaa50xwsqt44hj52utz2v6cpmwxuxyvkd6szca35fg4gv4wz,complete,True,728,30,False,,,
ckb1qzda0cr08m85hc8jlnfp3zer7xulejywt49kt2rr0vthywaa50xwsqgh5jw6a3ex5mu4ry0dzl70rlmwmgq094s05vvyk,complete,True,716,30,False,,,
ckb1qzda0cr08m85hc8jlnfp3zer7xulejywt49kt2rr0vthywaa50xwsqd2jafc05hxqah3mxwdfmcej0dynvhpf4gz3rjm2,complete,True,574,30,False,,,
ckb1qzda0cr08m85hc8jlnfp3zer7xulejywt49kt2rr0vthywaa50xwsqd3w85684vvlhfh93nrvkq6rz6ve7xu0ugjyfg3s,complete,True,573,30,False,,,
ckb1qzda0cr08m85hc8jlnfp3zer7xulejywt49kt2rr0vthywaa50xwsqt9xmgc7s0x0ly43qpzev2er4w4320lwdgw4anh7,complete,True,573,30,False,,,
ckb1qzda0cr08m85hc8jlnfp3zer7xulejywt49kt2rr0vthywaa50xwsqgyy000nyw2vusqvhqnhpclqay3ppme74q30qusp,complete,True,528,30,False,,,
ckb1qzda0cr08m85hc8jlnfp3zer7xulejywt49kt2rr0vthywaa50xwsqdwhyh3f06wztrf9xlh56pu9nxvgf3k0lqjypm82,complete,True,524,30,False,,,
ckb1qzda0cr08m85hc8jlnfp3zer7xulejywt49kt2rr0vthywaa50xwsqf874y3dwj99zjh5h9cah9cs5x30e3eajgxyv8lt,complete,True,511,30,False,,,
ckb1qzda0cr08m85hc8jlnfp3zer7xulejywt49kt2rr0vthywaa50xwsqwpyugm7a4wtc5tphl0lwzjhcf9fu2l0ksdaezkc,complete,True,504,30,False,,,
ckb1qzda0cr08m85hc8jlnfp3zer7xulejywt49kt2rr0vthywaa50xwsq2qjj3mqkrdhzuga2qfzf72ma38xhpsaasfj3trw,complete,True,494,30,False,,,
ckb1qzda0cr08m85hc8jlnfp3zer7xulejywt49kt2rr0vthywaa50xwsq00s3af7c2hmt6at6mc8cmru3y799zsgaslvt7dx,complete,True,493,30,False,,,
ckb1qzda0cr08m85hc8jlnfp3zer7xulejywt49kt2rr0vthywaa50xwsq2e7teagdtnarf320ckuekrnpcdc4uzpdscj99tg,complete,True,476,30,False,,,
ckb1qzda0cr08m85hc8jlnfp3zer7xulejywt49kt2rr0vthywaa50xwsq0d430ajed30h2df3d4eudc2d2jr45mr2qtpx9rj,complete,True,474,30,False,,,
ckb1qzda0cr08m85hc8jlnfp3zer7xulejywt49kt2rr0vthywaa50xwsq0cq8e9avklws5c6s8zqkh4gluc0q2jrasq93la2,complete,True,462,30,False,,,
ckb1qzda0cr08m85hc8jlnfp3zer7xulejywt49kt2rr0vthywaa50xwsq0anafacyafq0j2rek0jx5rztanvvw9kcqdtkwna,complete,True,459,30,False,,,
ckb1qzda0cr08m85hc8jlnfp3zer7xulejywt49kt2rr0vthywaa50xwsq0atd3ep6w47442fk86cxg5n0nsactvlts9nzk3r,complete,True,457,30,False,,,
ckb1qzda0cr08m85hc8jlnfp3zer7xulejywt49kt2rr0vthywaa50xwsqwlfetev6txju367sg90xq0twvwgp7qa6qelcq7y,complete,True,456,30,False,,,
ckb1qzda0cr08m85hc8jlnfp3zer7xulejywt49kt2rr0vthywaa50xwsqfk8ulu9g9wd9h3z4uvuct55u9xf3g5rwcf6r2em,complete,True,450,30,False,,,
ckb1qzda0cr08m85hc8jlnfp3zer7xulejywt49kt2rr0vthywaa50xwsq0pqtmdkm4krzmr2frcwaug2zdndcm9mcgj0lp5q,complete,True,436,30,False,,,
ckb1qzda0cr08m85hc8jlnfp3zer7xulejywt49kt2rr0vthywaa50xwsq29kqmgkuplk5r7j3h8tjdex4cruvfzkfcmnttus,complete,True,432,30,False,,,
ckb1qzda0cr08m85hc8jlnfp3zer7xulejywt49kt2rr0vthywaa50xwsqt6ppdkmsp25ffsxyr8ey2hg5detv2ulcsq54hkh,complete,True,408,30,False,,,
ckb1qzda0cr08m85hc8jlnfp3zer7xulejywt49kt2rr0vthywaa50xwsq04vdv80ce23y6cs8050zkhdnm6v39y6ysd7rhfz,complete,True,404,30,False,,,
ckb1qzda0cr08m85hc8jlnfp3zer7xulejywt49kt2rr0vthywaa50xwsqwrn48zffgqgctt2netwvhcdn3pnznxceg9lhd3j,complete,True,404,30,False,,,
ckb1qzda0cr08m85hc8jlnfp3zer7xulejywt49kt2rr0vthywaa50xwsqwfna6z53rzj0vrgm3tujzzwldryr6jcnc8z4zde,complete,True,382,30,False,,,
ckb1qzda0cr08m85hc8jlnfp3zer7xulejywt49kt2rr0vthywaa50xwsqv2mxk8gk0kdcqrjee7fdyy4dzjs3c8etq9dlarq,complete,True,377,30,False,,,
ckb1qzda0cr08m85hc8jlnfp3zer7xulejywt49kt2rr0vthywaa50xwsqwy94evgzp6dpm0l454hcs685zt9uq34tg9rk4w6,complete,True,376,30,False,,,
ckb1qzda0cr08m85hc8jlnfp3zer7xulejywt49kt2rr0vthywaa50xwsqvvchzc8yxvnsrkmuncs6gvgdp4qemefwck97ulz,complete,True,369,30,False,,,
ckb1qzda0cr08m85hc8jlnfp3zer7xulejywt49kt2rr0vthywaa50xwsqg7ufw40k8zhr0203nhe009gug2x5m9hfc7k2a50,complete,True,357,30,False,,,
ckb1qzda0cr08m85hc8jlnfp3zer7xulejywt49kt2rr0vthywaa50xwsqvtxvfgqpch85c3ygzs5mfzy7002ns368c4elvct,complete,True,326,30,False,,,
ckb1qzda0cr08m85hc8jlnfp3zer7xulejywt49kt2rr0vthywaa50xwsqtg4cs6f9a2z82rlt748wx8jghe6qj9wfs6fnl7j,complete,True,321,30,False,,,
ckb1qzda0cr08m85hc8jlnfp3zer7xulejywt49kt2rr0vthywaa50xwsq087uc2epsa0ft08zu747g30c6zuh2lyxcsqugmn,complete,True,312,30,False,,,
ckb1qzda0cr08m85hc8jlnfp3zer7xulejywt49kt2rr0vthywaa50xwsq2vr8y8dws0jkz062k8vlpafpu8x9rucvcggdkr4,complete,True,306,30,False,,,
ckb1qzda0cr08m85hc8jlnfp3zer7xulejywt49kt2rr0vthywaa50xwsqgstg3ve68wkpcxkpy62ujul25dvpe0h4szkqsmr,complete,True,288,30,False,,,
ckb1qzda0cr08m85hc8jlnfp3zer7xulejywt49kt2rr0vthywaa50xwsqdly7vzugjpxpzy4wc8u8dkpt6gmv2kknsw36cs0,complete,True,287,30,False,,,
ckb1qzda0cr08m85hc8jlnfp3zer7xulejywt49kt2rr0vthywaa50xwsqv5uwm78vrgdrfmd056xn32q9junu3rg2c2we24p,complete,True,268,30,False,,,
ckb1qzda0cr08m85hc8jlnfp3zer7xulejywt49kt2rr0vthywaa50xwsqg7hr6px90xaq7398ykma025h78hlt9q6sx6xhlc,complete,True,264,30,False,,,
ckb1qzda0cr08m85hc8jlnfp3zer7xulejywt49kt2rr0vthywaa50xwsqvnz75wpz7kgfy6kmvukhlfmpkmg2kd2zgtuhp4d,complete,True,257,30,False,,,
ckb1qzda0cr08m85hc8jlnfp3zer7xulejywt49kt2rr0vthywaa50xwsq0gc0l4ju4sqmn2zcvhsv54srw725z40ac9kk09c,complete,True,256,30,False,,,
ckb1qzda0cr08m85hc8jlnfp3zer7xulejywt49kt2rr0vthywaa50xwsq0p98vhh244qylurw3dl3luu76gx5awvss0lgkv2,complete,True,255,30,False,,,
ckb1qzda0cr08m85hc8jlnfp3zer7xulejywt49kt2rr0vthywaa50xwsqv9vxgmpvg55u2p84e8xerreq8kg4lf4ugyddftc,complete,True,245,30,False,,,
ckb1qzda0cr08m85hc8jlnfp3zer7xulejywt49kt2rr0vthywaa50xwsq2e0epw8crx5qg3qz0v43fy5mql74jketq6hmau6,complete,True,244,30,False,,,
ckb1qzda0cr08m85hc8jlnfp3zer7xulejywt49kt2rr0vthywaa50xwsq0xwaml2uqrvvy6fs9ade8nrxhtm9xagkqquphny,complete,True,222,30,False,,,
ckb1qzda0cr08m85hc8jlnfp3zer7xulejywt49kt2rr0vthywaa50xwsq2aauj9xs25kff4dlkgydl9zs7ytyx8lgs0w28r7,complete,True,222,30,False,,,
ckb1qzda0cr08m85hc8jlnfp3zer7xulejywt49kt2rr0vthywaa50xwsqgjdw5vq6y0me78r46vf29flspd83qy9us3p3jgp,complete,True,222,30,False,,,
ckb1qzda0cr08m85hc8jlnfp3zer7xulejywt49kt2rr0vthywaa50xwsqt5w5jtzg2qf05s9u53cj2gv47v0uvu8dcwlvrqc,complete,True,215,30,False,,,
ckb1qzda0cr08m85hc8jlnfp3zer7xulejywt49kt2rr0vthywaa50xwsqg6etjlacez8tnmwnue2rpngpyjzn7nd8q46sh5m,complete,True,205,30,False,,,
ckb1qzda0cr08m85hc8jlnfp3zer7xulejywt49kt2rr0vthywaa50xwsqfza43g58rzyhcd8j6nav9c7cgefmwfgsq34yn7t,complete,True,200,30,False,,,
ckb1qzda0cr08m85hc8jlnfp3zer7xulejywt49kt2rr0vthywaa50xwsq0fuqrqqcykvepusm4st0asqya208yzxcgcgewm5,complete,True,199,30,False,,,
ckb1qzda0cr08m85hc8jlnfp3zer7xulejywt49kt2rr0vthywaa50xwsq2x2jxnym8qzdt7sn29pnlzwgneh80w3jszglw9k,complete,True,198,30,False,,,
ckb1qzda0cr08m85hc8jlnfp3zer7xulejywt49kt2rr0vthywaa50xwsq0y6r5a4py64gccqrd77qvuhr8v3d2xfjcnrz45r,complete,True,186,30,False,,,
ckb1qzda0cr08m85hc8jlnfp3zer7xulejywt49kt2rr0vthywaa50xwsqgf977v8w9d3pd0fk7w6fxx48pl6veplgstupmw8,complete,True,183,30,False,,,
ckb1qzda0cr08m85hc8jlnfp3zer7xulejywt49kt2rr0vthywaa50xwsq0she9la0u4z5zlwj3ckv25cvg6f2kjxmgw9vxx3,complete,True,179,30,False,,,
ckb1qzda0cr08m85hc8jlnfp3zer7xulejywt49kt2rr0vthywaa50xwsqdqq677slvjxejspzxxuyrz3r8m4glpqrqve4u4k,complete,True,178,30,False,,,
ckb1qzda0cr08m85hc8jlnfp3zer7xulejywt49kt2rr0vthywaa50xwsq2pnp7gglp8clvahem5mpf7wmr0pjk5krgf4lwf2,complete,True,162,30,False,,,
ckb1qzda0cr08m85hc8jlnfp3zer7xulejywt49kt2rr0vthywaa50xwsq2yg6kr7zvjzw0ts2j7qtkd6jzr2kq3g7sdh3azr,complete,True,159,30,False,,,
ckb1qzda0cr08m85hc8jlnfp3zer7xulejywt49kt2rr0vthywaa50xwsqwdr5q4rwruykhehd8hn6gxh892wtmdprcw3h3ce,complete,True,152,30,False,,,
ckb1qzda0cr08m85hc8jlnfp3zer7xulejywt49kt2rr0vthywaa50xwsqdmvgx9866nn68gsfshgy660unf97wzfcgcxrvec,complete,True,149,30,False,,,
ckb1qzda0cr08m85hc8jlnfp3zer7xulejywt49kt2rr0vthywaa50xwsq2qtfq8zdd9rs86hslwh8j4h8qjk6r3e6s0k50ul,complete,True,146,30,False,,,
ckb1qzda0cr08m85hc8jlnfp3zer7xulejywt49kt2rr0vthywaa50xwsq08nxknd7g5pzwe9mmdcqtqfs5f8ckh8fq34kxj8,complete,True,144,30,False,,,
ckb1qzda0cr08m85hc8jlnfp3zer7xulejywt49kt2rr0vthywaa50xwsq0gh7ka68snu80v2lq4n9nzjzmu0ergyyg9ygwm0,complete,True,138,30,False,,,
ckb1qzda0cr08m85hc8jlnfp3zer7xulejywt49kt2rr0vthywaa50xwsqw24xn0tc4wjrun2gtdu7c092jqk98cl4gcazzl2,complete,True,134,30,False,,,
ckb1qzda0cr08m85hc8jlnfp3zer7xulejywt49kt2rr0vthywaa50xwsqwlkxpk8rnrzz2nhuswk2kzvempzsz2zjgwxnwny,complete,True,132,30,False,,,
ckb1qzda0cr08m85hc8jlnfp3zer7xulejywt49kt2rr0vthywaa50xwsq0smcdjfuapeu9zuahwrsrtp4qetjgngpg5xr5fq,complete,True,128,30,False,,,
ckb1qzda0cr08m85hc8jlnfp3zer7xulejywt49kt2rr0vthywaa50xwsq0rrr3az2mu0ncjeqj26du5ymfhtq5l0gcv2rv08,complete,True,112,30,False,,,
ckb1qzda0cr08m85hc8jlnfp3zer7xulejywt49kt2rr0vthywaa50xwsq2ej77z72kujyzg0jh8awf7hsttpp7lzmsksm76u,complete,True,106,30,False,,,
ckb1qzda0cr08m85hc8jlnfp3zer7xulejywt49kt2rr0vthywaa50xwsqgygj0n7vv7vk6ejt4d23yp87v5fe5352sv3hvfw,complete,True,105,30,False,,,
ckb1qzda0cr08m85hc8jlnfp3zer7xulejywt49kt2rr0vthywaa50xwsq2pgrf442dam0aa0l8gd2s8jlxfu7hha3c7hg4qq,complete,True,104,30,False,,,
ckb1qzda0cr08m85hc8jlnfp3zer7xulejywt49kt2rr0vthywaa50xwsq2uxysa465m2k0hxh4zefzd2k5j36dly3gxkjc57,complete,True,99,30,False,,,
ckb1qzda0cr08m85hc8jlnfp3zer7xulejywt49kt2rr0vthywaa50xwsqdw7svu2fzp5uqpu4xfupgkm4xw0zd79agr0jz8p,complete,True,99,30,False,,,
ckb1qzda0cr08m85hc8jlnfp3zer7xulejywt49kt2rr0vthywaa50xwsqfkwd5sdf803w98t5l5yk4k2myy60x3qyqzn876v,complete,True,94,30,False,,,
ckb1qzda0cr08m85hc8jlnfp3zer7xulejywt49kt2rr0vthywaa50xwsqw4xpk4t3688duglxp0xvupwfj9u4y20rc5xvtlj,complete,True,94,30,False,,,
ckb1qzda0cr08m85hc8jlnfp3zer7xulejywt49kt2rr0vthywaa50xwsq0a7apfhwtpcrx2vwh4rverv53y377dgsqtkmuyv,complete,True,92,30,False,,,
ckb1qzda0cr08m85hc8jlnfp3zer7xulejywt49kt2rr0vthywaa50xwsqguvzhn36ualhchhnpmm7w5l5w6wwyzdjc9gyxqq,complete,True,89,30,False,,,
ckb1qzda0cr08m85hc8jlnfp3zer7xulejywt49kt2rr0vthywaa50xwsqw2qmgk7tphggddk6mavjxzxhlaguum7ds7c7t8q,complete,True,88,30,False,,,
ckb1qzda0cr08m85hc8jlnfp3zer7xulejywt49kt2rr0vthywaa50xwsq0kc5h0xhqlmc2y7d6w3lghpg60xda5e0cynpnzj,complete,True,86,30,False,,,
ckb1qzda0cr08m85hc8jlnfp3zer7xulejywt49kt2rr0vthywaa50xwsqtcz03jau3958a7esc84ygpk8vj8ad0njcym245u,complete,True,85,30,False,,,
ckb1qzda0cr08m85hc8jlnfp3zer7xulejywt49kt2rr0vthywaa50xwsqvkzgznnkkedc0yda0qvv3r29vmzd3690cgu4u3m,complete,True,84,30,False,,,
ckb1qzda0cr08m85hc8jlnfp3zer7xulejywt49kt2rr0vthywaa50xwsqg40ucnf7tt8zvnje7xhatf3yllc8zh4pqq25wqh,complete,True,79,30,False,,,
ckb1qzda0cr08m85hc8jlnfp3zer7xulejywt49kt2rr0vthywaa50xwsq02lstf96jmmavf7uln9acpkedt2clz3tqc6chk8,complete,True,74,30,False,,,
ckb1qzda0cr08m85hc8jlnfp3zer7xulejywt49kt2rr0vthywaa50xwsqdxzlmuqal6c37hk678qjekya0qjd5m5lq7hhzaq,complete,True,72,30,False,,,
ckb1qzda0cr08m85hc8jlnfp3zer7xulejywt49kt2rr0vthywaa50xwsqf8dmcwxvvdpwl6uefpwajgydh4un9yulqxl5y8f,complete,True,71,30,False,,,
ckb1qqcratfhhe0whl8n2pyyw9248r9kyw3x7gmkp80jf0ffvagvzgc8sqgdzm4fw,complete,True,70,30,False,,,
ckb1qzda0cr08m85hc8jlnfp3zer7xulejywt49kt2rr0vthywaa50xwsqfsu2mrnwlnau7687z605999cuqgmzkyqs0u3985,complete,True,68,30,False,,,
ckb1qzda0cr08m85hc8jlnfp3zer7xulejywt49kt2rr0vthywaa50xwsqdak37z6wn6w6aea983ruzrfl8yweej95cfkzyn9,complete,True,66,30,False,,,
ckb1qzda0cr08m85hc8jlnfp3zer7xulejywt49kt2rr0vthywaa50xwsqtdjy59w688e9h3e6spw0ypv7k69nl2h6q3sma2z,complete,True,66,30,False,,,
ckb1qzda0cr08m85hc8jlnfp3zer7xulejywt49kt2rr0vthywaa50xwsqfnxmdem0nvxr00pmjc4nva7aft2e6gtus2lccwn,complete,True,64,30,False,,,
ckb1qzda0cr08m85hc8jlnfp3zer7xulejywt49kt2rr0vthywaa50xwsqdwtq4te2zfzem37hsacgzq4t4y8t8tgmcyy9v3v,complete,True,63,30,False,,,
ckb1qzda0cr08m85hc8jlnfp3zer7xulejywt49kt2rr0vthywaa50xwsqvjpnzdqgz2pqdmn72qmm3wus9je59wheqangdzf,complete,True,63,30,False,,,
ckb1qzda0cr08m85hc8jlnfp3zer7xulejywt49kt2rr0vthywaa50xwsqwzmg9q6njct6tvpsylhv4dgdt2jtesqeqzx57u7,complete,True,62,30,False,,,
ckb1qzda0cr08m85hc8jlnfp3zer7xulejywt49kt2rr0vthywaa50xwsqt4jrqf6nhnqwxw4fqv9t70sezcz4qk35c6emrmj,complete,True,61,30,False,,,
ckb1qzda0cr08m85hc8jlnfp3zer7xulejywt49kt2rr0vthywaa50xwsq02rtsalknt9nezey405ay2gek8v5x0ncc3fd62k,complete,True,60,30,False,,,
ckb1qzda0cr08m85hc8jlnfp3zer7xulejywt49kt2rr0vthywaa50xwsq06hq9768t33hwp5cxyq4kxaskw7xgrqhgyj6gz0,complete,True,60,30,False,,,
ckb1qzda0cr08m85hc8jlnfp3zer7xulejywt49kt2rr0vthywaa50xwsq07zh8qks3jgz4rzfnnvz6l3669qm0nrugucl40c,complete,True,60,30,False,,,
ckb1qzda0cr08m85hc8jlnfp3zer7xulejywt49kt2rr0vthywaa50xwsq0c46k06e2fp7rg9aq9yqxwaat763nrpegmdg0qn,complete,True,60,30,False,,,
ckb1qzda0cr08m85hc8jlnfp3zer7xulejywt49kt2rr0vthywaa50xwsq0ccj0jne37a2e7g4aw9473j0wju4xx2ag7zssne,complete,True,60,30,False,,,
ckb1qzda0cr08m85hc8jlnfp3zer7xulejywt49kt2rr0vthywaa50xwsq0gcpdgn07xeev0gcfc9eskt7zvmnvwyuqv3vek3,complete,True,60,30,False,,,
ckb1qzda0cr08m85hc8jlnfp3zer7xulejywt49kt2rr0vthywaa50xwsq0hdpsvr460r784ym6afepeygsacdj7vksh7jjd6,complete,True,60,30,False,,,
ckb1qzda0cr08m85hc8jlnfp3zer7xulejywt49kt2rr0vthywaa50xwsq0mmaezyca50v248mvc47vss8sxtrt0h9c4z835r,complete,True,60,30,False,,,
ckb1qzda0cr08m85hc8jlnfp3zer7xulejywt49kt2rr0vthywaa50xwsq0p2y5tnuw0y02sequmjwswja4v5ywc3ag3xanwy,complete,True,60,30,False,,,
ckb1qzda0cr08m85hc8jlnfp3zer7xulejywt49kt2rr0vthywaa50xwsq0r6u0pkm3j5lhvy5dlqe0wcppr4cftwacwfa6sd,complete,True,60,30,False,,,
ckb1qzda0cr08m85hc8jlnfp3zer7xulejywt49kt2rr0vthywaa50xwsq0s0kdxjtk6w92mphezmw02vgq8f9c3n2chrrtuk,complete,True,60,30,False,,,
ckb1qzda0cr08m85hc8jlnfp3zer7xulejywt49kt2rr0vthywaa50xwsq0s2sjs6vxhfxkk22fms3k3tt4c02c9jmc5y4vrm,complete,True,60,30,False,,,
ckb1qzda0cr08m85hc8jlnfp3zer7xulejywt49kt2rr0vthywaa50xwsq0tc0g06xvj256jx3v9f7ffxsrtfd8zuhqr9cqcg,complete,True,60,30,False,,,
ckb1qzda0cr08m85hc8jlnfp3zer7xulejywt49kt2rr0vthywaa50xwsq0yagawpkdal8gysxt2jymqx3te0znzm3gdefnjd,complete,True,60,30,False,,,
ckb1qzda0cr08m85hc8jlnfp3zer7xulejywt49kt2rr0vthywaa50xwsq2akxm0aqm8896a8ma4x7tsj0nugj4ldmg9egwhg,complete,True,60,30,False,,,
ckb1qzda0cr08m85hc8jlnfp3zer7xulejywt49kt2rr0vthywaa50xwsq2cte26209d9uf8efuawf7zykhdxhggjjsr8msdw,complete,True,60,30,False,,,
ckb1qzda0cr08m85hc8jlnfp3zer7xulejywt49kt2rr0vthywaa50xwsq2czvm3xs4y353l9hfh4k8u0a5a3fpvwysp4mlc0,complete,True,60,30,False,,,
ckb1qzda0cr08m85hc8jlnfp3zer7xulejywt49kt2rr0vthywaa50xwsq2g7t7wtgqxq0528gsnsprw8adlz7mvpncn6cxdt,complete,True,60,30,False,,,
ckb1qzda0cr08m85hc8jlnfp3zer7xulejywt49kt2rr0vthywaa50xwsq2k3fxq87k84uvjlx93f6kjgfllm0uasqge8xsjk,complete,True,60,30,False,,,
ckb1qzda0cr08m85hc8jlnfp3zer7xulejywt49kt2rr0vthywaa50xwsq2kv9ul6hjx0yuw490vs9mn789uz6fv5rqgw9r8v,complete,True,60,30,False,,,
ckb1qzda0cr08m85hc8jlnfp3zer7xulejywt49kt2rr0vthywaa50xwsq2stwwespmk3ffj7g7g7auauwvzcqrvf3g7mtxue,complete,True,60,30,False,,,
ckb1qzda0cr08m85hc8jlnfp3zer7xulejywt49kt2rr0vthywaa50xwsqd532x7yagmmqne0jkrwggysarh5kufcjgp5ry3g,complete,True,60,30,False,,,
ckb1qzda0cr08m85hc8jlnfp3zer7xulejywt49kt2rr0vthywaa50xwsqd7w5u492rs93nr0e0086myx8qdknytcmsw3hx46,complete,True,60,30,False,,,
ckb1qzda0cr08m85hc8jlnfp3zer7xulejywt49kt2rr0vthywaa50xwsqd8k7hgtu960r0sefypjj5c80zvdyyhagq0k0z5r,complete,True,60,30,False,,,
ckb1qzda0cr08m85hc8jlnfp3zer7xulejywt49kt2rr0vthywaa50xwsqda6qmftuk4uc08kxa6mchk5gl52wj46usevshdf,complete,True,60,30,False,,,
ckb1qzda0cr08m85hc8jlnfp3zer7xulejywt49kt2rr0vthywaa50xwsqdgjmn0k90sa3q24g3lr6qmgv5hqdjdjwcm7mukc,complete,True,60,30,False,,,
ckb1qzda0cr08m85hc8jlnfp3zer7xulejywt49kt2rr0vthywaa50xwsqdj4umj7up8wpnzcfyfluuedu62pk2sk2c5lwnrt,complete,True,60,30,False,,,
ckb1qzda0cr08m85hc8jlnfp3zer7xulejywt49kt2rr0vthywaa50xwsqdmttx5ka8lg5ejf2q9rxnmu5vavlpcy7c2frlzd,complete,True,60,30,False,,,
ckb1qzda0cr08m85hc8jlnfp3zer7xulejywt49kt2rr0vthywaa50xwsqdrke350wl8qag3cv75pp4q2zh9wurf25c8csrmu,complete,True,60,30,False,,,
ckb1qzda0cr08m85hc8jlnfp3zer7xulejywt49kt2rr0vthywaa50xwsqdug54pz4xhn0z0exgx6kune22z0k5xpdqap800k,complete,True,60,30,False,,,
ckb1qzda0cr08m85hc8jlnfp3zer7xulejywt49kt2rr0vthywaa50xwsqf2el7rdezj77kunr7ncjup03x55y849rqa5khs6,complete,True,60,30,False,,,
ckb1qzda0cr08m85hc8jlnfp3zer7xulejywt49kt2rr0vthywaa50xwsqfh8xfzhxnsgxq7st5khe2fa59da8lp6gchut7ky,complete,True,60,30,False,,,
ckb1qzda0cr08m85hc8jlnfp3zer7xulejywt49kt2rr0vthywaa50xwsqfhhns5zvr3d2rxe8lswgx9whpq0a0kmzsruh3s5,complete,True,60,30,False,,,
ckb1qzda0cr08m85hc8jlnfp3zer7xulejywt49kt2rr0vthywaa50xwsqfrmvt598cnr70mhtyt9afjg9yju7s0n6gw0e8d4,complete,True,60,30,False,,,
ckb1qzda0cr08m85hc8jlnfp3zer7xulejywt49kt2rr0vthywaa50xwsqfrwmam5nkqvxfjujhr7kk9d2f2dvdj4egq7kqlm,complete,True,60,30,False,,,
ckb1qzda0cr08m85hc8jlnfp3zer7xulejywt49kt2rr0vthywaa50xwsqfxgd9zxl6czs4s3kzr55letennz2l3yjqpt8r79,complete,True,60,30,False,,,
ckb1qzda0cr08m85hc8jlnfp3zer7xulejywt49kt2rr0vthywaa50xwsqfxqhntpalmhxqf2dls2ak9tq52pclnals5mtv4z,complete,True,60,30,False,,,
ckb1qzda0cr08m85hc8jlnfp3zer7xulejywt49kt2rr0vthywaa50xwsqg234899dy86s85krenks2uxma9pz0thwsukch3x,complete,True,60,30,False,,,
ckb1qzda0cr08m85hc8jlnfp3zer7xulejywt49kt2rr0vthywaa50xwsqg5jmhqdrajsdjx6cfxjxh8rgcyd0tqknsgt33vf,complete,True,60,30,False,,,
ckb1qzda0cr08m85hc8jlnfp3zer7xulejywt49kt2rr0vthywaa50xwsqg5lst9mlwu80g4jr84edy4yl3aznsjppqhnt9pw,complete,True,60,30,False,,,
ckb1qzda0cr08m85hc8jlnfp3zer7xulejywt49kt2rr0vthywaa50xwsqg8zg7hg80ul7sj74vc0rfe2ya7zxvzxxcv5tleh,complete,True,60,30,False,,,
ckb1qzda0cr08m85hc8jlnfp3zer7xulejywt49kt2rr0vthywaa50xwsqgcz52lrjnahz4fqftgu99pl00ekkzmcnqw90ng6,complete,True,60,30,False,,,
ckb1qzda0cr08m85hc8jlnfp3zer7xulejywt49kt2rr0vthywaa50xwsqgdfkqjl4zve8hmvt72a2gykfrwnae27ecw45zxl,complete,True,60,30,False,,,
ckb1qzda0cr08m85hc8jlnfp3zer7xulejywt49kt2rr0vthywaa50xwsqggtmv990h0ggv7g747uk0mj422sf3anps8teujc,complete,True,60,30,False,,,
ckb1qzda0cr08m85hc8jlnfp3zer7xulejywt49kt2rr0vthywaa50xwsqgymz5r96gzf6r87vldacvwxsxmk99t47swcpt4f,complete,True,60,30,False,,,
ckb1qzda0cr08m85hc8jlnfp3zer7xulejywt49kt2rr0vthywaa50xwsqgyvkdp7jhf7qmnqwwwwqkcx486ph24weqs2g79k,complete,True,60,30,False,,,
ckb1qzda0cr08m85hc8jlnfp3zer7xulejywt49kt2rr0vthywaa50xwsqgyxsdzsqagk0lly758rp0hawjzx76wstsungwjh,complete,True,60,30,False,,,
ckb1qzda0cr08m85hc8jlnfp3zer7xulejywt49kt2rr0vthywaa50xwsqgzw9vj0prshmp4pm5jr0t8m4vwf353syqvqfm08,complete,True,60,30,False,,,
ckb1qzda0cr08m85hc8jlnfp3zer7xulejywt49kt2rr0vthywaa50xwsqt3j4qnk2pk9pwdn0wnx04ngejfc5de4dccgk8ws,complete,True,60,30,False,,,
ckb1qzda0cr08m85hc8jlnfp3zer7xulejywt49kt2rr0vthywaa50xwsqt8cqqp7h76xg76krfy7gf9e76ukjptnwsggzgwq,complete,True,60,30,False,,,
ckb1qzda0cr08m85hc8jlnfp3zer7xulejywt49kt2rr0vthywaa50xwsqtequhzd3hfxhammwmwh6e2sw6xynnrkzqzq6wuh,complete,True,60,30,False,,,
ckb1qzda0cr08m85hc8jlnfp3zer7xulejywt49kt2rr0vthywaa50xwsqthl80tuq23uvh5fxm6auu4va9dw76gclqtu8vax,complete,True,60,30,False,,,
ckb1qzda0cr08m85hc8jlnfp3zer7xulejywt49kt2rr0vthywaa50xwsqtjv4gnawq9taamz2yvlh5pe06vaw2u66qmwqjs7,complete,True,60,30,False,,,
ckb1qzda0cr08m85hc8jlnfp3zer7xulejywt49kt2rr0vthywaa50xwsqts0nuc7ay2w00u35eal83750sgsr4xr9c723k5h,complete,True,60,30,False,,,
ckb1qzda0cr08m85hc8jlnfp3zer7xulejywt49kt2rr0vthywaa50xwsqtwhwseukev26py79eqk25vcqy6p7ldkngzrmrvv,complete,True,60,30,False,,,
ckb1qzda0cr08m85hc8jlnfp3zer7xulejywt49kt2rr0vthywaa50xwsqv28623ss9uptevpdfusyqk7rf6ggh9lucdgrcf5,complete,True,60,30,False,,,
ckb1qzda0cr08m85hc8jlnfp3zer7xulejywt49kt2rr0vthywaa50xwsqv45yf5q6ynep69kppw897xdgxd86w69nstg29fy,complete,True,60,30,False,,,
ckb1qzda0cr08m85hc8jlnfp3zer7xulejywt49kt2rr0vthywaa50xwsqv4twdpchew2fdreeukg2dtl9p7f0wnjxckl7k7s,complete,True,60,30,False,,,
ckb1qzda0cr08m85hc8jlnfp3zer7xulejywt49kt2rr0vthywaa50xwsqvac5x8rl5h5ha25vngn064x44uep988tgt5sz7p,complete,True,60,30,False,,,
ckb1qzda0cr08m85hc8jlnfp3zer7xulejywt49kt2rr0vthywaa50xwsqvhrfezapvnxmakv6relqsjugjyeccwwaqz6drgw,complete,True,60,30,False,,,
ckb1qzda0cr08m85hc8jlnfp3zer7xulejywt49kt2rr0vthywaa50xwsqvyeguxz4y45vydqtdrvz6xz43tlcdc7acjhkesk,complete,True,60,30,False,,,
ckb1qzda0cr08m85hc8jlnfp3zer7xulejywt49kt2rr0vthywaa50xwsqw4klymd5zxdtersxfu8wafdq803fudg7qpp9dz7,complete,True,60,30,False,,,
ckb1qzda0cr08m85hc8jlnfp3zer7xulejywt49kt2rr0vthywaa50xwsqw55e3a0nd8dflp7ew8km8njxh3mp57e6qp75cau,complete,True,60,30,False,,,
ckb1qzda0cr08m85hc8jlnfp3zer7xulejywt49kt2rr0vthywaa50xwsqw5lewnq2e8cv8kmsye0k5z6jlnhrs5pdgfzkhzy,complete,True,60,30,False,,,
ckb1qzda0cr08m85hc8jlnfp3zer7xulejywt49kt2rr0vthywaa50xwsqw70980sa70epqpxnhawt4ek50d7t99augeehwa4,complete,True,60,30,False,,,
ckb1qzda0cr08m85hc8jlnfp3zer7xulejywt49kt2rr0vthywaa50xwsqw8agrm4yvlzsah4ca3dyvt9hz9qsdaxmq5qskx2,complete,True,60,30,False,,,
ckb1qzda0cr08m85hc8jlnfp3zer7xulejywt49kt2rr0vthywaa50xwsqw8n05pvq0v6vht3graz05kjzla3edv9cgf7s09r,complete,True,60,30,False,,,
ckb1qzda0cr08m85hc8jlnfp3zer7xulejywt49kt2rr0vthywaa50xwsqwclramlxrmcu6r5nwxg55jmhj8ycwtcfs0lxcas,complete,True,60,30,False,,,
ckb1qzda0cr08m85hc8jlnfp3zer7xulejywt49kt2rr0vthywaa50xwsqwdds9zeghmn5d5jl8htyp8wm3gyl7jz9qqrsxqy,complete,True,60,30,False,,,
ckb1qzda0cr08m85hc8jlnfp3zer7xulejywt49kt2rr0vthywaa50xwsqwexweexwze3qsd7a425f2hmm8296utjkc0850ly,complete,True,60,30,False,,,
ckb1qzda0cr08m85hc8jlnfp3zer7xulejywt49kt2rr0vthywaa50xwsqwfa8pxvswqfjn530whn97try3rq9l7gjg4nddxz,complete,True,60,30,False,,,
ckb1qzda0cr08m85hc8jlnfp3zer7xulejywt49kt2rr0vthywaa50xwsqwgp8u8962lw0pup3qdeaxga29denq87ygrhw3x2,complete,True,60,30,False,,,
ckb1qzda0cr08m85hc8jlnfp3zer7xulejywt49kt2rr0vthywaa50xwsqwkr8fn99ghht0zeyert3w949f25zjw24gcwcxy8,complete,True,60,30,False,,,
ckb1qzda0cr08m85hc8jlnfp3zer7xulejywt49kt2rr0vthywaa50xwsqwuu3rvzwd5vm6wn45ql8qjgrw6tqh0cvgrxrwtu,complete,True,60,30,False,,,
ckb1qzda0cr08m85hc8jlnfp3zer7xulejywt49kt2rr0vthywaa50xwsqwx5d4t4cwytglh7fx5pu96lx79d69ur3q25xsmm,complete,True,60,30,False,,,
ckb1qzda0cr08m85hc8jlnfp3zer7xulejywt49kt2rr0vthywaa50xwsqwxf6vz0rvzjta205fyfevvv2jw3q35s0q7pzc7q,complete,True,60,30,False,,,
ckb1qzda0cr08m85hc8jlnfp3zer7xulejywt49kt2rr0vthywaa50xwsqwxlcluqtxv4qjnxfa3y53qjyyan3ym5xc0uwhmj,complete,True,60,30,False,,,
ckb1qzda0cr08m85hc8jlnfp3zer7xulejywt49kt2rr0vthywaa50xwsq0w5cger8gkfqrzly29erurag0yrmkx8vgk92dj4,complete,True,59,30,False,,,
ckb1qzda0cr08m85hc8jlnfp3zer7xulejywt49kt2rr0vthywaa50xwsq2cf62jx0mk0t2c2xdrgmy43rqumz8t0gsvd6jh7,complete,True,59,30,False,,,
ckb1qzda0cr08m85hc8jlnfp3zer7xulejywt49kt2rr0vthywaa50xwsqf0qpamhk3hv8a8yv79krku3zfspql7zkq0ddtu4,complete,True,59,30,False,,,
ckb1qzda0cr08m85hc8jlnfp3zer7xulejywt49kt2rr0vthywaa50xwsqfrylux2xrmpnzgkwzs8u9cjgq5cy6lqusc94mes,complete,True,59,30,False,,,
ckb1qzda0cr08m85hc8jlnfp3zer7xulejywt49kt2rr0vthywaa50xwsqg2ww55lsgft0gcwr3d3t4q080au6w59dcm27x2h,complete,True,59,30,False,,,
ckb1qzda0cr08m85hc8jlnfp3zer7xulejywt49kt2rr0vthywaa50xwsqg338aj4hnmutep9ufyd9yyuh3ju7rr8lq03fejn,complete,True,59,30,False,,,
ckb1qzda0cr08m85hc8jlnfp3zer7xulejywt49kt2rr0vthywaa50xwsqg7s83aycfqw32rp2cl30mezyc5l5q4zfqppp5t0,complete,True,59,30,False,,,
ckb1qzda0cr08m85hc8jlnfp3zer7xulejywt49kt2rr0vthywaa50xwsqg8pu56q5tq5fw73kv89xfvc8krqrwmz4seqggu7,complete,True,59,30,False,,,
ckb1qzda0cr08m85hc8jlnfp3zer7xulejywt49kt2rr0vthywaa50xwsqgzsfhz25zu4du35s2eyyre700dhhc04pqghrdgn,complete,True,59,30,False,,,
ckb1qzda0cr08m85hc8jlnfp3zer7xulejywt49kt2rr0vthywaa50xwsqts8lza76xjqvsahh9zhwwpacxd30ctx7gmvqr75,complete,True,59,30,False,,,
ckb1qzda0cr08m85hc8jlnfp3zer7xulejywt49kt2rr0vthywaa50xwsqv080q88xv7q4vjthljxx8hqyhma76nypggwehsa,complete,True,59,30,False,,,
ckb1qzda0cr08m85hc8jlnfp3zer7xulejywt49kt2rr0vthywaa50xwsqv52twl330j4d2n858snefzewnuwchku7ql2qas8,complete,True,59,30,False,,,
ckb1qzda0cr08m85hc8jlnfp3zer7xulejywt49kt2rr0vthywaa50xwsqvde0h8xdeqmmvrxqsjqf8pl9kjltjsupsfxlpgt,complete,True,59,30,False,,,
ckb1qzda0cr08m85hc8jlnfp3zer7xulejywt49kt2rr0vthywaa50xwsqvjzc76tmx2q85dz9l660n2625wnk6vngga7rpqc,complete,True,59,30,False,,,
ckb1qzda0cr08m85hc8jlnfp3zer7xulejywt49kt2rr0vthywaa50xwsqvqjuupm239tnfp88qrra95336xzvm4dtqpxss5m,complete,True,59,30,False,,,
ckb1qzda0cr08m85hc8jlnfp3zer7xulejywt49kt2rr0vthywaa50xwsqvvlm7uccuwt0shwln4mp4xnetf24h3h4sezvcyk,complete,True,59,30,False,,,
ckb1qzda0cr08m85hc8jlnfp3zer7xulejywt49kt2rr0vthywaa50xwsqw35ntna3rkqcmgextlmp8pfwnmcxlafeqh6ry93,complete,True,59,30,False,,,
ckb1qzda0cr08m85hc8jlnfp3zer7xulejywt49kt2rr0vthywaa50xwsqw9u3r7vuv8pskppxp50rsf2xxxw8cj7nqyxyy7c,complete,True,59,30,False,,,
ckb1qzda0cr08m85hc8jlnfp3zer7xulejywt49kt2rr0vthywaa50xwsqwepkut2qzg2udxm2g38plwwslh0ejrmzs7qle27,complete,True,59,30,False,,,
ckb1qzda0cr08m85hc8jlnfp3zer7xulejywt49kt2rr0vthywaa50xwsq0g3rymnznt4dm00ep5yekxtdulmepc85g8av65a,complete,True,58,30,False,,,
ckb1qzda0cr08m85hc8jlnfp3zer7xulejywt49kt2rr0vthywaa50xwsqd622kmxwaqw0x24xqxfcc9vu6gh3c3w9qpeguet,complete,True,58,30,False,,,
ckb1qzda0cr08m85hc8jlnfp3zer7xulejywt49kt2rr0vthywaa50xwsqfsq8jqye7jzl6krc66gkd3lch36mxyhts00xst4,complete,True,58,30,False,,,
ckb1qzda0cr08m85hc8jlnfp3zer7xulejywt49kt2rr0vthywaa50xwsqgdh67vg3ffv9r3zccpq3nmdysrqzgv77s04dskt,complete,True,58,30,False,,,
ckb1qzda0cr08m85hc8jlnfp3zer7xulejywt49kt2rr0vthywaa50xwsqgrz3hvgkrdt2k7cfdpwj8dfnunvjtssssjl8n5h,complete,True,58,30,False,,,
ckb1qzda0cr08m85hc8jlnfp3zer7xulejywt49kt2rr0vthywaa50xwsqwq5jlc6p7y2g7c59emwef66z5dc02m36sq3vsmj,complete,True,58,30,False,,,
ckb1qzda0cr08m85hc8jlnfp3zer7xulejywt49kt2rr0vthywaa50xwsq2avras5exc632a794vzxp4cflqny59w2g4ytdca,complete,True,57,30,False,,,
ckb1qzda0cr08m85hc8jlnfp3zer7xulejywt49kt2rr0vthywaa50xwsqf3q9e554euxmpqyaju2n3prxl3fxuphqs9l8zmt,complete,True,57,30,False,,,
ckb1qzda0cr08m85hc8jlnfp3zer7xulejywt49kt2rr0vthywaa50xwsq0y9wlz9hgd8yt8rtckqxejvja2wtde45sxllrnv,complete,True,56,30,False,,,
ckb1qzda0cr08m85hc8jlnfp3zer7xulejywt49kt2rr0vthywaa50xwsq23h24ts4fzu5nu799amfkhkc85t28qc8ghp5r90,complete,True,56,30,False,,,
ckb1qzda0cr08m85hc8jlnfp3zer7xulejywt49kt2rr0vthywaa50xwsq2lfh4w2sguefdcw8fmehy5fpaenhehr9cped0e2,complete,True,56,30,False,,,
ckb1qzda0cr08m85hc8jlnfp3zer7xulejywt49kt2rr0vthywaa50xwsqd6ttxhzqms8gqpqw02ld92az8vy6g824gcc9ffr,complete,True,56,30,False,,,
ckb1qzda0cr08m85hc8jlnfp3zer7xulejywt49kt2rr0vthywaa50xwsqfqr2l6rqllmnhtpzptgq9fnagsykcffxcpqmjuu,complete,True,56,30,False,,,
ckb1qzda0cr08m85hc8jlnfp3zer7xulejywt49kt2rr0vthywaa50xwsqg6agcch2m7k8lsh00nv05ztfmz0euvqkcfpz7ec,complete,True,56,30,False,,,
ckb1qzda0cr08m85hc8jlnfp3zer7xulejywt49kt2rr0vthywaa50xwsqgq74prpeqz7rlncvqz0j2gn4jxsg75ztggj7v7a,complete,True,56,30,False,,,
ckb1qzda0cr08m85hc8jlnfp3zer7xulejywt49kt2rr0vthywaa50xwsqgw7a8wtdmg4er900svtg4vqn27upcpq4cnd4g7v,complete,True,56,30,False,,,
ckb1qzda0cr08m85hc8jlnfp3zer7xulejywt49kt2rr0vthywaa50xwsqt54rd9j3r3zpapkccj9y7p7m48y228hngff7u47,complete,True,56,30,False,,,
ckb1qzda0cr08m85hc8jlnfp3zer7xulejywt49kt2rr0vthywaa50xwsqwmk6ckqgsgj3vszez0ujy68ryrhfegksq3jpy2e,complete,True,56,30,False,,,
ckb1qzda0cr08m85hc8jlnfp3zer7xulejywt49kt2rr0vthywaa50xwsqwpcd535qtqw2pdwmaxkyeevw02nhxes8sh82574,complete,True,56,30,False,,,
ckb1qzda0cr08m85hc8jlnfp3zer7xulejywt49kt2rr0vthywaa50xwsqwxa6w0ye7fsk6q5ekdrmynesst3y88nxqmqfn4f,complete,True,56,30,False,,,
ckb1qzda0cr08m85hc8jlnfp3zer7xulejywt49kt2rr0vthywaa50xwsq0g42eercj9puzjr3aj5qzej2kky9xvgrqcqehre,complete,True,54,30,False,,,
ckb1qzda0cr08m85hc8jlnfp3zer7xulejywt49kt2rr0vthywaa50xwsq0q7j4qlaslzp5hhf78d6xyungvhetzy8cj9wr5a,complete,True,54,30,False,,,
ckb1qzda0cr08m85hc8jlnfp3zer7xulejywt49kt2rr0vthywaa50xwsqftut643fj67jhgc0u2h4m3ggtt290vqmqxqpkju,complete,True,54,30,False,,,
ckb1qzda0cr08m85hc8jlnfp3zer7xulejywt49kt2rr0vthywaa50xwsqv24kjravky74cfx5ff2k56kxqnvd22qngclpjwx,complete,True,54,30,False,,,
ckb1qzda0cr08m85hc8jlnfp3zer7xulejywt49kt2rr0vthywaa50xwsqvpgseqcuuk9dl4s3rp7x0vehjyj3hjwuq5d67zk,complete,True,54,30,False,,,
ckb1qzda0cr08m85hc8jlnfp3zer7xulejywt49kt2rr0vthywaa50xwsqwg4vuyxa8u6yekv7n3vevs5xj6mzn5rxgeudapp,complete,True,54,30,False,,,
ckb1qzda0cr08m85hc8jlnfp3zer7xulejywt49kt2rr0vthywaa50xwsq258tee40n8kuyqgcleve2z46h0wacml4gmt9drn,complete,True,53,30,False,,,
ckb1qzda0cr08m85hc8jlnfp3zer7xulejywt49kt2rr0vthywaa50xwsq272xupqa54z4q8z05qt2fywfvdcuxd4dqku7vr4,complete,True,53,30,False,,,
ckb1qzda0cr08m85hc8jlnfp3zer7xulejywt49kt2rr0vthywaa50xwsqvyj2r4yc3a4cch60f6xdk37zuyvhfm30gnzj3gx,complete,True,53,30,False,,,
ckb1qzda0cr08m85hc8jlnfp3zer7xulejywt49kt2rr0vthywaa50xwsqv0d3y4xzhcy0lglxd46uqzqx6hfge8rfcu59hjh,complete,True,51,30,False,,,
ckb1qzda0cr08m85hc8jlnfp3zer7xulejywt49kt2rr0vthywaa50xwsqdfpcl42753m0xgau9yefhgfxukx83dwysy7tdl3,complete,True,50,30,False,,,
ckb1qzda0cr08m85hc8jlnfp3zer7xulejywt49kt2rr0vthywaa50xwsqf9jwdl03xznuj4m32a9mlc2ejzu3rj3sc2k2ffj,complete,True,50,30,False,,,
ckb1qzda0cr08m85hc8jlnfp3zer7xulejywt49kt2rr0vthywaa50xwsqw4z50cyvxxvvnt8akzu07gn8agqvlx5js7pep0j,complete,True,50,30,False,,,
ckb1qzda0cr08m85hc8jlnfp3zer7xulejywt49kt2rr0vthywaa50xwsqwqkl23ey6ndp7q5vss36xfjhnq3pwnmjsqhs3p2,complete,True,50,30,False,,,
ckb1qzda0cr08m85hc8jlnfp3zer7xulejywt49kt2rr0vthywaa50xwsqv7nn9j6tfzxufy3v6enaren4n9ds6f0dqvkwddv,complete,True,49,30,False,,,
ckb1qzda0cr08m85hc8jlnfp3zer7xulejywt49kt2rr0vthywaa50xwsqw6pm0xlgq3kdfmf29zqd9yfpd8q2g6duqjl7wqm,complete,True,49,30,False,,,
ckb1qzda0cr08m85hc8jlnfp3zer7xulejywt49kt2rr0vthywaa50xwsq0ww9n0ex40pmhtz6ltslng7rtl35w96nszujfva,complete,True,48,30,False,,,
ckb1qzda0cr08m85hc8jlnfp3zer7xulejywt49kt2rr0vthywaa50xwsqvdd6sal6kly783vvjjs7z67v96lrelzss078v03,complete,True,48,30,False,,,
ckb1qzda0cr08m85hc8jlnfp3zer7xulejywt49kt2rr0vthywaa50xwsqw25a63jaehqxerg5z263nfp6s3dljrntgwkkw4h,complete,True,48,30,False,,,
ckb1qzda0cr08m85hc8jlnfp3zer7xulejywt49kt2rr0vthywaa50xwsqfp04y6gl6glspp4rl0g3utgs20pgfp8yqk27w29,complete,True,46,30,False,,,
ckb1qzda0cr08m85hc8jlnfp3zer7xulejywt49kt2rr0vthywaa50xwsq0z3cryxyjf4df3u2p4t4t2ujzhwa74wpga7me7t,complete,True,44,30,False,,,
ckb1qzda0cr08m85hc8jlnfp3zer7xulejywt49kt2rr0vthywaa50xwsq28ps4hf8swzexa6ky8dp2q540tsrvz60qt2wtqk,complete,True,43,30,False,,,
ckb1qzda0cr08m85hc8jlnfp3zer7xulejywt49kt2rr0vthywaa50xwsqd5hxteyzsxsfckx7my779ksvgyrznwzsqhe3qgy,complete,True,42,30,False,,,
ckb1qzda0cr08m85hc8jlnfp3zer7xulejywt49kt2rr0vthywaa50xwsqdkkkugnz4gyqn76qczl78zlnzalysguqql53kq3,complete,True,42,30,False,,,
ckb1qzda0cr08m85hc8jlnfp3zer7xulejywt49kt2rr0vthywaa50xwsqdsczh9v0wp9w3p7th99t7kdf5sscfsd5g5w0zah,complete,True,42,30,False,,,
ckb1qzda0cr08m85hc8jlnfp3zer7xulejywt49kt2rr0vthywaa50xwsqg2fnljwt423kchx368x8xwstmkhx0k2agegvx0a,complete,True,42,30,False,,,
ckb1qzda0cr08m85hc8jlnfp3zer7xulejywt49kt2rr0vthywaa50xwsqg4yg2m9jpx5efeu4q0vrp643gjmad37nqrk9glt,complete,True,42,30,False,,,
ckb1qzda0cr08m85hc8jlnfp3zer7xulejywt49kt2rr0vthywaa50xwsqw665xuq56xz04qvkwaw304fyyt2ng6u8sxapmgw,complete,True,41,30,False,,,
ckb1qzda0cr08m85hc8jlnfp3zer7xulejywt49kt2rr0vthywaa50xwsqwz6xqpyrsgqm4xt07drgukqjdy5p4eq8semnq2f,complete,True,41,30,False,,,
ckb1qzda0cr08m85hc8jlnfp3zer7xulejywt49kt2rr0vthywaa50xwsqtq9mzfvdhvl99qcucewayuw90g7s8477ckg5zhe,complete,True,40,30,False,,,
ckb1qzda0cr08m85hc8jlnfp3zer7xulejywt49kt2rr0vthywaa50xwsqtr5klxrl240p2jsldlwhd6w3dv7fjj59cp6nkwy,complete,True,40,30,False,,,
ckb1qzda0cr08m85hc8jlnfp3zer7xulejywt49kt2rr0vthywaa50xwsqgdxphgsetrscx0nayzu4w3y0mptppcf2cdy8eyh,complete,True,39,30,False,,,
ckb1qzda0cr08m85hc8jlnfp3zer7xulejywt49kt2rr0vthywaa50xwsqwu20nshpqgcg45hh2zla8uxjmyxxma63ca9emrw,complete,True,39,30,False,,,
ckb1qzda0cr08m85hc8jlnfp3zer7xulejywt49kt2rr0vthywaa50xwsq07vlts907h0ev3vz40qttyg6qx7xh3xlqgyyr4j,complete,True,38,30,False,,,
ckb1qzda0cr08m85hc8jlnfp3zer7xulejywt49kt2rr0vthywaa50xwsq0jlpszzdm77mdd9hrknh9ppd9g850pfcs3yqwhx,complete,True,38,30,False,,,
ckb1qzda0cr08m85hc8jlnfp3zer7xulejywt49kt2rr0vthywaa50xwsqteef8yemqzzx7zrqzw9tl8admfvcn57js5lzt82,complete,True,38,30,False,,,
ckb1qzfhdsa4syv599s2s3nfrctwga70g0tu07n9gpnun9ydlngf5vsnwqg9dnyjujv6rzkylpamzyqu07lsdlm93v62q4kvjtjfngv2cnu8hvgsr3lm7phlvk9nfg9pt4kt,complete,True,38,30,False,,,
ckb1qzda0cr08m85hc8jlnfp3zer7xulejywt49kt2rr0vthywaa50xwsq0uddvtx7dvuxl3cyasr6820dwuslmvvnqa8qtus,complete,True,37,30,False,,,
ckb1qzda0cr08m85hc8jlnfp3zer7xulejywt49kt2rr0vthywaa50xwsqgkfv8pzr5d26zcapqrd58ksc65w0qv8qqqp6xtc,complete,True,37,30,False,,,
ckb1qzda0cr08m85hc8jlnfp3zer7xulejywt49kt2rr0vthywaa50xwsq2eqg5mtlwgsjzpwjel4kdtlyamfyflfwshadjmx,complete,True,36,30,False,,,
ckb1qzda0cr08m85hc8jlnfp3zer7xulejywt49kt2rr0vthywaa50xwsqvehcws3ggwuk35js8qz299pmtd20ppvmg5ksx6t,complete,True,36,30,False,,,
ckb1qzda0cr08m85hc8jlnfp3zer7xulejywt49kt2rr0vthywaa50xwsqgtnlxsdxd59738lfcuwtx9rwht50pmcus3ye2h3,complete,True,35,30,False,,,
ckb1qzda0cr08m85hc8jlnfp3zer7xulejywt49kt2rr0vthywaa50xwsqf4s8sxvjqhp8qpxyqj03kwmry2a43kggq7um8ef,complete,True,34,30,False,,,
ckb1qzda0cr08m85hc8jlnfp3zer7xulejywt49kt2rr0vthywaa50xwsq2ku65a3majew8emwdz60lvu64h6jx8lwsqh9wnz,complete,True,33,30,False,,,
ckb1qzda0cr08m85hc8jlnfp3zer7xulejywt49kt2rr0vthywaa50xwsqdjsydf39sklhfvtfnk57vvd7d2vn4kxwqpr3prn,complete,True,33,30,False,,,
ckb1qzda0cr08m85hc8jlnfp3zer7xulejywt49kt2rr0vthywaa50xwsqv47n6dc9ay34npwktvlpp5huzjvd07t4qhspqyz,complete,True,33,30,False,,,
ckb1qzda0cr08m85hc8jlnfp3zer7xulejywt49kt2rr0vthywaa50xwsqvva6zmstttmwvat2uw3k057rgnv5t3hts4vk7tv,complete,True,33,30,False,,,
ckb1qzda0cr08m85hc8jlnfp3zer7xulejywt49kt2rr0vthywaa50xwsq0ekw80jpvudufmn6eysq5apt9es06pswc8uklf9,complete,True,32,30,False,,,
ckb1qzda0cr08m85hc8jlnfp3zer7xulejywt49kt2rr0vthywaa50xwsq0z6h6nlju0mcdp0ny0sx77tmu6j2700lqkdeakp,complete,True,32,30,False,,,
ckb1qzda0cr08m85hc8jlnfp3zer7xulejywt49kt2rr0vthywaa50xwsq2s5yg0ax2ej7n9l0xkhrral8ceuaahp7cx9s233,complete,True,32,30,False,,,
ckb1qzda0cr08m85hc8jlnfp3zer7xulejywt49kt2rr0vthywaa50xwsqtlpgc29k57ufndd7gpm2jjvpwc2hqygjgtf54lg,complete,True,32,30,False,,,
ckb1qzda0cr08m85hc8jlnfp3zer7xulejywt49kt2rr0vthywaa50xwsqtxdw8h4yk3jnuln8ktwcdfymeapm6jg7s5pmley,complete,True,32,30,False,,,
ckb1qzda0cr08m85hc8jlnfp3zer7xulejywt49kt2rr0vthywaa50xwsqvywhujlcxgs2glnv60xj83vzczrewnmcq7zy8t8,complete,True,32,30,False,,,
ckb1qzda0cr08m85hc8jlnfp3zer7xulejywt49kt2rr0vthywaa50xwsqwnla5w93964qlqcwaaeessdsk4h5pzkfs2f0ehn,complete,True,32,30,False,,,
ckb1qrgqep8saj8agswr30pls73hra28ry8jlnlc3ejzh3dl2ju7xxpjxqgqqxamnrpernhha9nsyus0k6f8a6ays6t0cusm37pn,complete,True,31,30,False,,,
ckb1qzda0cr08m85hc8jlnfp3zer7xulejywt49kt2rr0vthywaa50xwsqdkn57g72xdyuqq69svtdwm5x0fqutegysrnrs27,complete,True,31,30,False,,,
ckb1qrgqep8saj8agswr30pls73hra28ry8jlnlc3ejzh3dl2ju7xxpjxqgqq8897n3kut095xgled9dpczz0t7hg7w87un0vrnk,complete,True,30,30,False,,,
ckb1qrgqep8saj8agswr30pls73hra28ry8jlnlc3ejzh3dl2ju7xxpjxqgqq8kwzq44p8ap4zclfc3vfgw5uxqqnegf0u7t0l86,complete,True,30,30,False,,,
ckb1qrgqep8saj8agswr30pls73hra28ry8jlnlc3ejzh3dl2ju7xxpjxqgqq8t3pqdfg3rnsqe8vgv93d49evdzkvpxcce0ml7v,complete,True,30,30,False,,,
ckb1qrgqep8saj8agswr30pls73hra28ry8jlnlc3ejzh3dl2ju7xxpjxqgqq97nlhckh68mupdw9w33xhp4hedejskhxs9ef2y4,complete,True,30,30,False,,,
ckb1qrgqep8saj8agswr30pls73hra28ry8jlnlc3ejzh3dl2ju7xxpjxqgqq9fz7cfu5xla5nd3ay686gm2ajnzh89h8c48k7uz,complete,True,30,30,False,,,
ckb1qrgqep8saj8agswr30pls73hra28ry8jlnlc3ejzh3dl2ju7xxpjxqgqqydhfg585sfcxu5gpaqs5sme8rn30c5yagaawuq2,complete,True,30,30,False,,,
ckb1qrgqep8saj8agswr30pls73hra28ry8jlnlc3ejzh3dl2ju7xxpjxqgqqym5d4n465eu93tdcz5sycepdkatjahp9uwdcpfy,complete,True,30,30,False,,,
ckb1qzda0cr08m85hc8jlnfp3zer7xulejywt49kt2rr0vthywaa50xwsq05uu85tpqrf75arfkskcnwjsaj5f6c05qtmqdm9,complete,True,30,30,False,,,
ckb1qzda0cr08m85hc8jlnfp3zer7xulejywt49kt2rr0vthywaa50xwsq0dtptjfpdqwdy4u8uukg2msx5l7vhwt4q2t2k08,complete,True,30,30,False,,,
ckb1qzda0cr08m85hc8jlnfp3zer7xulejywt49kt2rr0vthywaa50xwsq0klfn2n06tvww62dplr3rlawsgrn6hrxgrp7xfh,complete,True,30,30,False,,,
ckb1qzda0cr08m85hc8jlnfp3zer7xulejywt49kt2rr0vthywaa50xwsq0xtd3e8c9wcj8swd2swg90w95u6xt3zsqzdnx7r,complete,True,30,30,False,,,
ckb1qzda0cr08m85hc8jlnfp3zer7xulejywt49kt2rr0vthywaa50xwsq0z799mwernws5tt7me85kr63jauldckkcpdyx4t,complete,True,30,30,False,,,
ckb1qzda0cr08m85hc8jlnfp3zer7xulejywt49kt2rr0vthywaa50xwsq2nwlee8epequkd94qh3k5uymjqxgvfktgxl9jd3,complete,True,30,30,False,,,
ckb1qzda0cr08m85hc8jlnfp3zer7xulejywt49kt2rr0vthywaa50xwsq2qje0r5vg9pzmpz4uqt7fw32qvcp4a8cc7deems,complete,True,30,30,False,,,
ckb1qzda0cr08m85hc8jlnfp3zer7xulejywt49kt2rr0vthywaa50xwsqda5zj9fpg255n7vz04eqkzlles8z72susenvew6,complete,True,30,30,False,,,
ckb1qzda0cr08m85hc8jlnfp3zer7xulejywt49kt2rr0vthywaa50xwsqda7n3jg4g0l0w3ls93xkmre43z6kerr6gjzcwvz,complete,True,30,30,False,,,
ckb1qzda0cr08m85hc8jlnfp3zer7xulejywt49kt2rr0vthywaa50xwsqdev8tckcmflyqm9ucs7dkfaqjhfp6ar7cxed08m,complete,True,30,30,False,,,
ckb1qzda0cr08m85hc8jlnfp3zer7xulejywt49kt2rr0vthywaa50xwsqdvehsut0qf0x0n92v22wjx6mu6a4l7hscxasspx,complete,True,30,30,False,,,
ckb1qzda0cr08m85hc8jlnfp3zer7xulejywt49kt2rr0vthywaa50xwsqdywhhfnhv7xz24x9y79yu47u9ugwr8p2sccyn4q,complete,True,30,30,False,,,
ckb1qzda0cr08m85hc8jlnfp3zer7xulejywt49kt2rr0vthywaa50xwsqfs65nfxwjwhd2q8t9vpan08q7tr76pugseqqmtp,complete,True,30,30,False,,,
ckb1qzda0cr08m85hc8jlnfp3zer7xulejywt49kt2rr0vthywaa50xwsqg0prwcywrcc744qq5veu4upkur4665dlgr6003x,complete,True,30,30,False,,,
ckb1qzda0cr08m85hc8jlnfp3zer7xulejywt49kt2rr0vthywaa50xwsqgdfcqrc54z7gdl04pmq7vskgdzx2axu0cns0vcq,complete,True,30,30,False,,,
ckb1qzda0cr08m85hc8jlnfp3zer7xulejywt49kt2rr0vthywaa50xwsqgvf6u2sgx8ud45x9dy6gqwl2rx5625w8g52tt66,complete,True,30,30,False,,,
ckb1qzda0cr08m85hc8jlnfp3zer7xulejywt49kt2rr0vthywaa50xwsqt3tqddwnr5xfm52vevcyujfw8nhrr77hc0uppq7,complete,True,30,30,False,,,
ckb1qzda0cr08m85hc8jlnfp3zer7xulejywt49kt2rr0vthywaa50xwsqv04dkmp3nkglmmwsw6eawezsdecnwwt9gktajtj,complete,True,30,30,False,,,
ckb1qzda0cr08m85hc8jlnfp3zer7xulejywt49kt2rr0vthywaa50xwsqvkt2ql6y7gdn7dsh0txtwkluf8n57tadgdmaj8h,complete,True,30,30,False,,,
ckb1qzda0cr08m85hc8jlnfp3zer7xulejywt49kt2rr0vthywaa50xwsqvmjk724y9qgf30ccu4zqd5aktvd4e8hcq3r3exj,complete,True,30,30,False,,,
ckb1qrgqep8saj8agswr30pls73hra28ry8jlnlc3ejzh3dl2ju7xxpjxqgqq89s0k62mh0xf6hn8cc20wunuarrumudx5nwq9uk,complete,True,29,30,False,,,
ckb1qrgqep8saj8agswr30pls73hra28ry8jlnlc3ejzh3dl2ju7xxpjxqgqqxvxkq3zapxvyv6qktfyhq84puycg59s2q0smpl6,complete,True,29,30,False,,,
ckb1qzda0cr08m85hc8jlnfp3zer7xulejywt49kt2rr0vthywaa50xwsqgfzagjtj50drz0l6s4x85z0pxqgn7nelggpwucg,complete,True,28,30,False,,,
ckb1qrgqep8saj8agswr30pls73hra28ry8jlnlc3ejzh3dl2ju7xxpjxqgqqyjw0y2p7ahcysl4qhq97x60svqn29492qpkvy2s,complete,True,27,30,False,,,
ckb1qzda0cr08m85hc8jlnfp3zer7xulejywt49kt2rr0vthywaa50xwsqv3zjwlrxn8vk53c4d9a8ksecf9rj86mfsv8t4pc,complete,True,27,30,False,,,
ckb1qzda0cr08m85hc8jlnfp3zer7xulejywt49kt2rr0vthywaa50xwsq0x3yrv8qls62mqeylsvmzp5cqpmvy8quq7autul,complete,True,26,30,False,,,
ckb1qzda0cr08m85hc8jlnfp3zer7xulejywt49kt2rr0vthywaa50xwsqvunlgm03pmpxe4j4fjsy887kucqa0tnzsv7xzm3,complete,True,26,30,False,,,
ckb1qzda0cr08m85hc8jlnfp3zer7xulejywt49kt2rr0vthywaa50xwsq03z3ekhq3qhe4tz8v5kf3z08gxphswumg02rsqc,complete,True,24,30,False,,,
ckb1qzda0cr08m85hc8jlnfp3zer7xulejywt49kt2rr0vthywaa50xwsqgulzg2h44865y9svyw7s5390npefh3x9qrr8hc9,complete,True,24,30,False,,,
ckb1qzda0cr08m85hc8jlnfp3zer7xulejywt49kt2rr0vthywaa50xwsqf6qtawqcsf9ga3yuhh8gfhxuyah7rvtlgzn95vl,complete,True,23,30,False,,,
ckb1qzda0cr08m85hc8jlnfp3zer7xulejywt49kt2rr0vthywaa50xwsqft980n0alva2vjmkca85wujt5vhtwgzpgqczv9a,complete,True,22,30,False,,,
ckb1qzda0cr08m85hc8jlnfp3zer7xulejywt49kt2rr0vthywaa50xwsqv8yreznvv7falyl3sk08l74zh6aj9u9hsrpfysy,complete,True,22,30,False,,,
ckb1qzda0cr08m85hc8jlnfp3zer7xulejywt49kt2rr0vthywaa50xwsqt3xda37dauxdvmzrpe85wq2kru9u80aec4anxn4,complete,True,21,30,False,,,
ckb1qzda0cr08m85hc8jlnfp3zer7xulejywt49kt2rr0vthywaa50xwsqwxdvqk5f5k404wykzsfuu4cjvh4n96zrq9yl6w6,complete,True,21,30,False,,,
ckb1qzda0cr08m85hc8jlnfp3zer7xulejywt49kt2rr0vthywaa50xwsq2da0jqygw442724a22vmvse55pez5zw4qtj3mmg,complete,True,20,30,False,,,
ckb1qzda0cr08m85hc8jlnfp3zer7xulejywt49kt2rr0vthywaa50xwsq2evwcurnqel0euyf4s2pgkut48dgp7fsg3tdhrk,complete,True,20,30,False,,,
ckb1qzda0cr08m85hc8jlnfp3zer7xulejywt49kt2rr0vthywaa50xwsqddm8ppq3gz8gz0d9ap6z8nc3r662npn2cuxk9f0,complete,True,20,30,False,,,
ckb1qzda0cr08m85hc8jlnfp3zer7xulejywt49kt2rr0vthywaa50xwsqdnv3gjq43ney6q6dv0chs7xc2zxkvln3slxyuj5,complete,True,20,30,False,,,
ckb1qzda0cr08m85hc8jlnfp3zer7xulejywt49kt2rr0vthywaa50xwsqdqex3u79vvhdzdfu66k5rd877nwea2xhszxnv47,complete,True,20,30,False,,,
ckb1qzda0cr08m85hc8jlnfp3zer7xulejywt49kt2rr0vthywaa50xwsqfj8ejt4qckvuzrtezy9nvcv7le9ur8cuqy7s5x8,complete,True,20,30,False,,,
ckb1qzda0cr08m85hc8jlnfp3zer7xulejywt49kt2rr0vthywaa50xwsqfvfcxm03q9xmn3fy68s9rxp0y5lfqfvjgmmtw0p,complete,True,20,30,False,,,
ckb1qzda0cr08m85hc8jlnfp3zer7xulejywt49kt2rr0vthywaa50xwsqg6j932zy4ztkzmtpye2uhzsju5npw795s89dznx,complete,True,20,30,False,,,
ckb1qzda0cr08m85hc8jlnfp3zer7xulejywt49kt2rr0vthywaa50xwsqwzduflrkq49my4k5x9waljhv3ezxewkkcwfuhdp,complete,True,20,30,False,,,
ckb1qzda0cr08m85hc8jlnfp3zer7xulejywt49kt2rr0vthywaa50xwsqd20f06yn0cv4suyxuvsg29rk5wdzjdxecg26sxa,complete,True,19,30,False,,,
ckb1qrgqep8saj8agswr30pls73hra28ry8jlnlc3ejzh3dl2ju7xxpjxqgqqxxgyfqx3sqtc3mqua500yf7ddaudpwytqeht6mu,complete,True,18,30,False,,,
ckb1qzda0cr08m85hc8jlnfp3zer7xulejywt49kt2rr0vthywaa50xwsq0p0dfkcc0auuk4gpk0x3kv6327c4vemgghvsepq,complete,True,18,30,False,,,
ckb1qzda0cr08m85hc8jlnfp3zer7xulejywt49kt2rr0vthywaa50xwsq0vqkp4e093a5e6a2t3k08excpc3k74d0qpe0lt0,complete,True,18,30,False,,,
ckb1qzda0cr08m85hc8jlnfp3zer7xulejywt49kt2rr0vthywaa50xwsqdmzj9396txszghute8l36s7r4klusa58c0zlcu9,complete,True,18,30,False,,,
ckb1qzda0cr08m85hc8jlnfp3zer7xulejywt49kt2rr0vthywaa50xwsqgfhx3gjhrfpd58etcynphjld20dque0wgq0tekt,complete,True,18,30,False,,,
ckb1qzda0cr08m85hc8jlnfp3zer7xulejywt49kt2rr0vthywaa50xwsqvjvfddqll5qztlccn06gs02ske0yc68esgdkxfp,complete,True,18,30,False,,,
ckb1qzda0cr08m85hc8jlnfp3zer7xulejywt49kt2rr0vthywaa50xwsqwr2ffgam5kwlnywmeysw3slw4leug8pcc4qpqfd,complete,True,17,30,False,,,
ckb1qzda0cr08m85hc8jlnfp3zer7xulejywt49kt2rr0vthywaa50xwsqwtmkeze0klqfy7uxz5qt0jlq5ru5803tqxjnzm3,complete,True,17,30,False,,,
ckb1qzdcr9un5ezx8tkh03s46m9jymh22jruelq8svzr5krj2nx69dhjvqgjn6kfkeu23q74kndpaxw42z77vgat6v86qq6z03rf,complete,True,17,30,False,,,
ckb1qpw9q60tppt7l3j7r09qcp7lxnp3vcanvgha8pmvsa3jplykxn32sqgwvhnrqkx9ka45f2cnc90fy30m3scpupqggwawq,complete,True,16,30,False,,,
ckb1qrgqep8saj8agswr30pls73hra28ry8jlnlc3ejzh3dl2ju7xxpjxqgqq90ay9s9atj3rpajv38hnx5nashk3tnstqcu3khf,complete,True,16,30,False,,,
ckb1qrgqep8saj8agswr30pls73hra28ry8jlnlc3ejzh3dl2ju7xxpjxqgqqyxaafkpxklf820ugttkjd0409k73djjhue0s8ej,complete,True,16,30,False,,,
ckb1qzda0cr08m85hc8jlnfp3zer7xulejywt49kt2rr0vthywaa50xwsq0p80per28ltwd4sm2052pjt4z8unckpucj6e5pc,complete,True,16,30,False,,,
ckb1qzda0cr08m85hc8jlnfp3zer7xulejywt49kt2rr0vthywaa50xwsq230nwju2vrx0jfrh76e3ejn9qjp24wqeg4x2acx,complete,True,16,30,False,,,
ckb1qzda0cr08m85hc8jlnfp3zer7xulejywt49kt2rr0vthywaa50xwsqd3pq2fz90pcqsnunh3lrqts8ty8r35pkc8arwxj,complete,True,16,30,False,,,
ckb1qzda0cr08m85hc8jlnfp3zer7xulejywt49kt2rr0vthywaa50xwsqd682nhfyu5lfzt4gp9cmrqgsjpesm3pjqf252gf,complete,True,16,30,False,,,
ckb1qzda0cr08m85hc8jlnfp3zer7xulejywt49kt2rr0vthywaa50xwsqdytgmu0z5yskwrnegfptr3n4pcx9d6tlswehku8,complete,True,16,30,False,,,
ckb1qzda0cr08m85hc8jlnfp3zer7xulejywt49kt2rr0vthywaa50xwsqga2qeaakfehet6tfm30yqj66mn5tf5lvgekxvcm,complete,True,16,30,False,,,
ckb1qzda0cr08m85hc8jlnfp3zer7xulejywt49kt2rr0vthywaa50xwsqwjhry2dvdzmftxqrsrwf04mjw3ah8hhjqh9zh7y,complete,True,16,30,False,,,
ckb1qzda0cr08m85hc8jlnfp3zer7xulejywt49kt2rr0vthywaa50xwsq0rljzn0julrpp9l3fgmm9r9r4jz8rax7sgvagwh,complete,True,15,30,False,,,
ckb1qzda0cr08m85hc8jlnfp3zer7xulejywt49kt2rr0vthywaa50xwsqd5zvdgz64ygu94j8cwvcguc6wz5mhaknc3drq98,complete,True,15,30,False,,,
ckb1qzda0cr08m85hc8jlnfp3zer7xulejywt49kt2rr0vthywaa50xwsqdqv38zd7v7h84p53lfsac7cqh9lmgpthshu6uwa,complete,True,15,30,False,,,
ckb1qzda0cr08m85hc8jlnfp3zer7xulejywt49kt2rr0vthywaa50xwsqfla4xx0p9cf64zwkmzlaz6u4ddalezlyq6u4uls,complete,True,15,30,False,,,
ckb1qzda0cr08m85hc8jlnfp3zer7xulejywt49kt2rr0vthywaa50xwsqgk9kfuz7fchth20ksf8d2x3eqph9le6cqhenpf3,complete,True,15,30,False,,,
ckb1qzda0cr08m85hc8jlnfp3zer7xulejywt49kt2rr0vthywaa50xwsqt2e7jpk20nyyyuwdqmvqk427ql2593nugpqd4pp,complete,True,15,30,False,,,
ckb1qzda0cr08m85hc8jlnfp3zer7xulejywt49kt2rr0vthywaa50xwsq275zthc09tdzvgzlycvrl8p5n2ea2e7as0q8aes,complete,True,14,30,False,,,
ckb1qzda0cr08m85hc8jlnfp3zer7xulejywt49kt2rr0vthywaa50xwsqfg2np57fhkdu6fuygqt3ys4rykd03gfhsu8dvd7,complete,True,14,30,False,,,
ckb1qzda0cr08m85hc8jlnfp3zer7xulejywt49kt2rr0vthywaa50xwsqgw4m90q4r862m674nvxkw042mtv90wvesx9p33u,complete,True,14,30,False,,,
ckb1qzda0cr08m85hc8jlnfp3zer7xulejywt49kt2rr0vthywaa50xwsqdg6hfjvaanwujcjww89jt74u3ja9sxs9cky3tgy,complete,True,13,30,False,,,
ckb1qzda0cr08m85hc8jlnfp3zer7xulejywt49kt2rr0vthywaa50xwsqwtuy3p3sdu82w24g9pj0chu77z4pj2vvchxs3cs,complete,True,13,30,False,,,
ckb1qzdcr9un5ezx8tkh03s46m9jymh22jruelq8svzr5krj2nx69dhjvqgj99jj9hhu3m95gpncj0zqtt8trplsj44sqqe5d89y,complete,True,13,30,False,,,
ckb1qzda0cr08m85hc8jlnfp3zer7xulejywt49kt2rr0vthywaa50xwsq0clu9ptdla09w24fg5wep5fgtuhd3ap3ss6dnek,complete,True,12,30,False,,,
ckb1qzda0cr08m85hc8jlnfp3zer7xulejywt49kt2rr0vthywaa50xwsq258cy8km6ddpzdassg6ksjqjvdr3c0aeqavzlpd,complete,True,12,30,False,,,
ckb1qzda0cr08m85hc8jlnfp3zer7xulejywt49kt2rr0vthywaa50xwsq2dn39wdkj33e7v03mx3mg6raqh365hpnqp2nq6r,complete,True,12,30,False,,,
ckb1qzda0cr08m85hc8jlnfp3zer7xulejywt49kt2rr0vthywaa50xwsq2ukc4g9gxf7kv7qym3jlsf33qtc87pxackysxpr,complete,True,12,30,False,,,
ckb1qzda0cr08m85hc8jlnfp3zer7xulejywt49kt2rr0vthywaa50xwsqdjukqj80cnvgfaqt8dav7m4pdqpt02ghsxl34hp,complete,True,12,30,False,,,
ckb1qzda0cr08m85hc8jlnfp3zer7xulejywt49kt2rr0vthywaa50xwsqfayhnpwtj7l65jd2s27lea33h0mdqugzg7guqyu,complete,True,12,30,False,,,
ckb1qzda0cr08m85hc8jlnfp3zer7xulejywt49kt2rr0vthywaa50xwsqt44ntk8mswsuzjtd7e5d4nm5q3akq8ppsvm3kqy,complete,True,12,30,False,,,
ckb1qzda0cr08m85hc8jlnfp3zer7xulejywt49kt2rr0vthywaa50xwsqttjvy2r8jewmxr382u8z44fqfxmzpm52sta0w76,complete,True,12,30,False,,,
ckb1qzda0cr08m85hc8jlnfp3zer7xulejywt49kt2rr0vthywaa50xwsqwdqtm7fe8f0r3l4vflgcllp949spattvcdqtpd0,complete,True,12,30,False,,,
ckb1qzda0cr08m85hc8jlnfp3zer7xulejywt49kt2rr0vthywaa50xwsq08lpl2tpxa80c8skq9y9996t7frjjgsqczsjga5,complete,True,11,30,False,,,
ckb1qzda0cr08m85hc8jlnfp3zer7xulejywt49kt2rr0vthywaa50xwsqfc5kszzn9mc2zycl58v8jjrk9zhmr97cg3ndvfs,complete,True,11,30,False,,,
ckb1qzda0cr08m85hc8jlnfp3zer7xulejywt49kt2rr0vthywaa50xwsqtcj3ytn3vr7ux8twl2esdzhwqklqm5a9qjff8zs,complete,True,11,30,False,,,
ckb1qrgqep8saj8agswr30pls73hra28ry8jlnlc3ejzh3dl2ju7xxpjxqgqq899vvrx27ql0lgaj7x39zamtj8m5twumgvv6h4q,complete,True,10,30,False,,,
ckb1qrgqep8saj8agswr30pls73hra28ry8jlnlc3ejzh3dl2ju7xxpjxqgqq9lxzgq26yc4uwu82wam9hxs7zrdvmtr6q9c4p6t,complete,True,10,30,False,,,
ckb1qzda0cr08m85hc8jlnfp3zer7xulejywt49kt2rr0vthywaa50xwsq22xq86wqsf95x6xyf6hn6uu70tl7snwvcw0yzj9,complete,True,10,30,False,,,
ckb1qzda0cr08m85hc8jlnfp3zer7xulejywt49kt2rr0vthywaa50xwsq2fv2x7rzfw5wcjvx0xl2x8h0u96m9ycygd3c0ft,complete,True,10,30,False,,,
ckb1qzda0cr08m85hc8jlnfp3zer7xulejywt49kt2rr0vthywaa50xwsqd4z04mmqedrse370wvud8kpxyqwg4f3mqkvyqw3,complete,True,10,30,False,,,
ckb1qzda0cr08m85hc8jlnfp3zer7xulejywt49kt2rr0vthywaa50xwsqdtejzc329up3s665cxswczse77neqxr2c6uk0jz,complete,True,10,30,False,,,
ckb1qzda0cr08m85hc8jlnfp3zer7xulejywt49kt2rr0vthywaa50xwsqdxzpng0y93mrnmxq0e73j4yu4d3n3mkuqc5r59u,complete,True,10,30,False,,,
ckb1qzda0cr08m85hc8jlnfp3zer7xulejywt49kt2rr0vthywaa50xwsqfe8r26vhcjzyukq7nq67lpvzv9sp44dssymfhhh,complete,True,10,30,False,,,
ckb1qzda0cr08m85hc8jlnfp3zer7xulejywt49kt2rr0vthywaa50xwsqgk62ggqd5k3v0rtw5hldppfnexjcyje8sf4atac,complete,True,10,30,False,,,
ckb1qzda0cr08m85hc8jlnfp3zer7xulejywt49kt2rr0vthywaa50xwsqv6tp2xgrguu45084f4gl9emz8qd6l9hhg9glh2t,complete,True,10,30,False,,,
ckb1qzda0cr08m85hc8jlnfp3zer7xulejywt49kt2rr0vthywaa50xwsqw8eh3m7yaut93tawu099das6qv4ywfh6sg6yck3,complete,True,10,30,False,,,
ckb1qzda0cr08m85hc8jlnfp3zer7xulejywt49kt2rr0vthywaa50xwsqwzddgdngp9clx35hxj33ajufssvvdx29sp93uqh,complete,True,10,30,False,,,
ckb1qzdcr9un5ezx8tkh03s46m9jymh22jruelq8svzr5krj2nx69dhjvqgj8r8h8435yrja97u3wp8tdkpz4gxlm57jqqdmtmfj,complete,True,10,30,False,,,
ckb1qzfhdsa4syv599s2s3nfrctwga70g0tu07n9gpnun9ydlngf5vsnwqg9f82ljvtnhdcd3lxlakmwy28zqjqg96uhq4yat7f3wwahpk8umlkmdc3gugzgpqhtjujlfgvs,complete,True,10,30,False,,,
ckb1qrgqep8saj8agswr30pls73hra28ry8jlnlc3ejzh3dl2ju7xxpjxqgqqytevmf523qgwexunz0pf59ysl6dvxvvusuft43p,complete,True,9,30,False,,,
ckb1qzda0cr08m85hc8jlnfp3zer7xulejywt49kt2rr0vthywaa50xwsqtvk38dnwm5w9w2txerj53jfjlkwdmx63sacfnev,complete,True,9,30,False,,,
ckb1qzda0cr08m85hc8jlnfp3zer7xulejywt49kt2rr0vthywaa50xwsqv9ff4nqa92asjz8tjlnx3faazlt20t2qqr388uu,complete,True,9,30,False,,,
ckb1qrgqep8saj8agswr30pls73hra28ry8jlnlc3ejzh3dl2ju7xxpjxqgqqxrdrfphedazs4fmnjt3x326cfqgpmw6ssqkjpah,complete,True,8,30,False,,,
ckb1qzda0cr08m85hc8jlnfp3zer7xulejywt49kt2rr0vthywaa50xwsq24s96u8fg5rxjq4tr686v7hke653l0gqs8nefr6,complete,True,8,30,False,,,
ckb1qzda0cr08m85hc8jlnfp3zer7xulejywt49kt2rr0vthywaa50xwsqg4q9w9mm9j0qqf362h3q4mzx5heujtedcsw7ydd,complete,True,8,30,False,,,
ckb1qzda0cr08m85hc8jlnfp3zer7xulejywt49kt2rr0vthywaa50xwsqtg2eyp82x7jqlmy9ggy6nwp4kf3nzzkpqfgp859,complete,True,8,30,False,,,
ckb1qzda0cr08m85hc8jlnfp3zer7xulejywt49kt2rr0vthywaa50xwsqw3ne8q6wl6nm2l98y3t7mq2wrepz52heqfkxcda,complete,True,8,30,False,,,
ckb1qzfhdsa4syv599s2s3nfrctwga70g0tu07n9gpnun9ydlngf5vsnwqg9zrmsxs6xv90lz4x2s44468mm4xdkjhy8q5g0wq6rges4lu25e2zkkhgl0w5ek62usuunkg2x,complete,True,8,30,False,,,
ckb1qrgqep8saj8agswr30pls73hra28ry8jlnlc3ejzh3dl2ju7xxpjxqgqqxe8qffrzw8x9f77j286pegf7e9vrfkr3chjlzfd,complete,True,7,30,False,,,
ckb1qzda0cr08m85hc8jlnfp3zer7xulejywt49kt2rr0vthywaa50xwsq2nv4khrawrvywa8xyk0l0y28p80pqmfqq89vujh,complete,True,7,30,False,,,
ckb1qzda0cr08m85hc8jlnfp3zer7xulejywt49kt2rr0vthywaa50xwsqtkthw2c7elsmtt7z3eae0n4n8h45j4ekqfg0ng3,complete,True,7,30,False,,,
ckb1qzda0cr08m85hc8jlnfp3zer7xulejywt49kt2rr0vthywaa50xwsqvkw6fcutes72hqm9wz938z5z5zq83ww7swqqhfy,complete,True,7,30,False,,,
ckb1qzfhdsa4syv599s2s3nfrctwga70g0tu07n9gpnun9ydlngf5vsnwqg92zmpmr7gfseuyjq0lye5nkecw56rwyn4q4gtv8v0epxr8sjgplunxjwm8p6ngdcjw5e5cvtj,complete,True,7,30,False,,,
ckb1qrgqep8saj8agswr30pls73hra28ry8jlnlc3ejzh3dl2ju7xxpjxqgqq8xpdwlg2rzdp8k4mwmx4h02yuuy7exk8v90zg9k,complete,True,6,30,False,,,
ckb1qrgqep8saj8agswr30pls73hra28ry8jlnlc3ejzh3dl2ju7xxpjxqgqqyl88uvk0v5a3ydpcjlnmzyxrddyjm9xvy5tavgx,complete,True,6,30,False,,,
ckb1qzda0cr08m85hc8jlnfp3zer7xulejywt49kt2rr0vthywaa50xwsq0ha3679f8cnqqx6202x8wyw7ustz4l4ccyqlgm9,complete,True,6,30,False,,,
ckb1qzda0cr08m85hc8jlnfp3zer7xulejywt49kt2rr0vthywaa50xwsq2ul0rt55hnp2e2nzzhfkep4xtc3l88rxqes83vq,complete,True,6,30,False,,,
ckb1qzda0cr08m85hc8jlnfp3zer7xulejywt49kt2rr0vthywaa50xwsqdddlwnc6sp09yrp6mmgndr6dwzcu7cvpgtz873n,complete,True,6,30,False,,,
ckb1qzda0cr08m85hc8jlnfp3zer7xulejywt49kt2rr0vthywaa50xwsqt0vusg76f9mzax8x2eays745kra8kuxdcnumzpg,complete,True,6,30,False,,,
ckb1qzda0cr08m85hc8jlnfp3zer7xulejywt49kt2rr0vthywaa50xwsqtcz39m0nk7l5y0rwq2nkjew94fq7xmgec7xpht4,complete,True,6,30,False,,,
ckb1qzda0cr08m85hc8jlnfp3zer7xulejywt49kt2rr0vthywaa50xwsqv7gsyxmsj224h82fqzvy77nwd3jnpt7uc0r7npc,complete,True,6,30,False,,,
ckb1qzda0cr08m85hc8jlnfp3zer7xulejywt49kt2rr0vthywaa50xwsqwvzzg44sn8q96hvrh9ene5l0gdk577h2g3dgmde,complete,True,6,30,False,,,
ckb1qzdcr9un5ezx8tkh03s46m9jymh22jruelq8svzr5krj2nx69dhjvqgjm44j7tya6qmvr3dwv6m3d6mpq5t0t8hsqqkplkzn,complete,True,6,30,False,,,
ckb1qrgqep8saj8agswr30pls73hra28ry8jlnlc3ejzh3dl2ju7xxpjxqgqq8x6sc4e37dc8nwqhtak5z4ejtrl0h8rsymd8f3s,complete,True,5,30,False,,,
ckb1qzda0cr08m85hc8jlnfp3zer7xulejywt49kt2rr0vthywaa50xwsq2rkn9gvxvc4unkvkspzeupmt9ysysh49qkljd63,complete,True,5,30,False,,,
ckb1qzda0cr08m85hc8jlnfp3zer7xulejywt49kt2rr0vthywaa50xwsqddp3wnhfp40ueyze0vh388u75q8va706gj4t804,complete,True,5,30,False,,,
ckb1qzl58smqy32hnrq6vxjedcxe2fugvnz497h7yvwqvwel40uh4rltcqwadvhje8wsxmquttnxkutwkcg9zm6eauqefjsdm,complete,True,5,30,False,,,
ckb1qzda0cr08m85hc8jlnfp3zer7xulejywt49kt2rr0vthywaa50xwsq0cpffmxmr05t2sddgcakhg987fkl9yatqs9dn9d,complete,True,4,30,False,,,
ckb1qzda0cr08m85hc8jlnfp3zer7xulejywt49kt2rr0vthywaa50xwsq24qy8a3esyfvy8nu68pphmwsn8yaa653c9klmac,complete,True,4,30,False,,,
ckb1qzda0cr08m85hc8jlnfp3zer7xulejywt49kt2rr0vthywaa50xwsq250gx0tf4twdrq3sl7jjkn6ll7hjk4ntqn0ct9h,complete,True,4,30,False,,,
ckb1qzda0cr08m85hc8jlnfp3zer7xulejywt49kt2rr0vthywaa50xwsq29k38jd3n0vlchr5jlscv4htktguqjxegpw80jg,complete,True,4,30,False,,,
ckb1qzda0cr08m85hc8jlnfp3zer7xulejywt49kt2rr0vthywaa50xwsq2f2h89ynvcm83h8dd5tvk96u8x0vq9fvgu0rnek,complete,True,4,30,False,,,
ckb1qzda0cr08m85hc8jlnfp3zer7xulejywt49kt2rr0vthywaa50xwsq2t035trz4ztgvjhqp2hc59fcdrkan9ays7c8des,complete,True,4,30,False,,,
ckb1qzda0cr08m85hc8jlnfp3zer7xulejywt49kt2rr0vthywaa50xwsqd7f3256ce06uyjpz9zrj0yje9qaud5h5c2szgtd,complete,True,4,30,False,,,
ckb1qzda0cr08m85hc8jlnfp3zer7xulejywt49kt2rr0vthywaa50xwsqd85nrg7q9wjhf87aku0saewcv3etk9y2qhkgrtu,complete,True,4,30,False,,,
ckb1qzda0cr08m85hc8jlnfp3zer7xulejywt49kt2rr0vthywaa50xwsqfce2kl7cp7xwc7p7ygd07yzruzcrm3nagynjeen,complete,True,4,30,False,,,
ckb1qzda0cr08m85hc8jlnfp3zer7xulejywt49kt2rr0vthywaa50xwsqfksqa6kwgd589prpgmj550f6zzh8w0tagsfk9ss,complete,True,4,30,False,,,
ckb1qzda0cr08m85hc8jlnfp3zer7xulejywt49kt2rr0vthywaa50xwsqflw9vy7mrj2qvyrj6g3mp3c2fa38vd4zs6eekdy,complete,True,4,30,False,,,
ckb1qzda0cr08m85hc8jlnfp3zer7xulejywt49kt2rr0vthywaa50xwsqfm0fwu94nppf0zyfh2dvqfjud6txsckegzrwn2u,complete,True,4,30,False,,,
ckb1qzda0cr08m85hc8jlnfp3zer7xulejywt49kt2rr0vthywaa50xwsqfpk7v2sehp39m6trfkqwk48rgtkdkkxsq38y2dq,complete,True,4,30,False,,,
ckb1qzda0cr08m85hc8jlnfp3zer7xulejywt49kt2rr0vthywaa50xwsqg0ca6lakxrzckjvwvunpff9xagkdh7ljc6mwakl,complete,True,4,30,False,,,
ckb1qzda0cr08m85hc8jlnfp3zer7xulejywt49kt2rr0vthywaa50xwsqv6hnuun0q65d4kqjvy2appxmklnqstsdss8pk9f,complete,True,4,30,False,,,
ckb1qzda0cr08m85hc8jlnfp3zer7xulejywt49kt2rr0vthywaa50xwsqvd4673mn94zm96tm6k6ulhc4dqcmjmlrs9xhmn8,complete,True,4,30,False,,,
ckb1qzdcr9un5ezx8tkh03s46m9jymh22jruelq8svzr5krj2nx69dhjvqgjewx7xghu0f3gy92tj3njsca2k6kvy6udqqydqxvf,complete,True,4,30,False,,,
ckb1qrgqep8saj8agswr30pls73hra28ry8jlnlc3ejzh3dl2ju7xxpjxqgqqx9nrwv28t8ez6ewrdmrsyk9pzt6wrjhpsflwspn,complete,True,3,30,False,,,
ckb1qrgqep8saj8agswr30pls73hra28ry8jlnlc3ejzh3dl2ju7xxpjxqgqqyndvl2rvuxq8uv6eu7cnyzyklwx9uy5syzpuwvm,complete,True,3,30,False,,,
ckb1qzda0cr08m85hc8jlnfp3zer7xulejywt49kt2rr0vthywaa50xwsq04avg2cjv4t0vh2v7zuztvcctzy860fjs9esl5u,complete,True,3,30,False,,,
ckb1qzda0cr08m85hc8jlnfp3zer7xulejywt49kt2rr0vthywaa50xwsq0r2838ed9cwuyzrk7alyl94825ess0aggl9caet,complete,True,3,30,False,,,
ckb1qzda0cr08m85hc8jlnfp3zer7xulejywt49kt2rr0vthywaa50xwsq0zxkmlywyu2jklfnj7cauv6a4t6sa74ps83uap3,complete,True,3,30,False,,,
ckb1qzda0cr08m85hc8jlnfp3zer7xulejywt49kt2rr0vthywaa50xwsqdenzw6werks7ksdgg4dc4fslf0sprhsgqk76twm,complete,True,3,30,False,,,
ckb1qzda0cr08m85hc8jlnfp3zer7xulejywt49kt2rr0vthywaa50xwsqdfwnfzxvr9kh8nkrxa3e8glav2n7l2mrca6kgur,complete,True,3,30,False,,,
ckb1qzda0cr08m85hc8jlnfp3zer7xulejywt49kt2rr0vthywaa50xwsqdrhcu270nkdeq8g8kgqye70z60efmctnqmqgmn4,complete,True,3,30,False,,,
ckb1qzda0cr08m85hc8jlnfp3zer7xulejywt49kt2rr0vthywaa50xwsqfq93jsyzx6lwffhfwthf5su4e7n4jj4ncy04zft,complete,True,3,30,False,,,
ckb1qzda0cr08m85hc8jlnfp3zer7xulejywt49kt2rr0vthywaa50xwsqgm23l3mjsxh27v4cd8peq4pyca5ke4zec3ettlt,complete,True,3,30,False,,,
ckb1qzda0cr08m85hc8jlnfp3zer7xulejywt49kt2rr0vthywaa50xwsqtud6flaphvj9ep7mdw6e6ev42zurvdq8cl78fn8,complete,True,3,30,False,,,
ckb1qzda0cr08m85hc8jlnfp3zer7xulejywt49kt2rr0vthywaa50xwsqv62qzy0n95qd3q3tz7exm7f62qkd34cccja7lg8,complete,True,3,30,False,,,
ckb1qpw9q60tppt7l3j7r09qcp7lxnp3vcanvgha8pmvsa3jplykxn32sqf352eynr4y9zl66sdxjcef3a6z9uqhkncsaanyg,complete,True,2,30,False,,,
ckb1qrj9k8u0yxllyvfhqddr4d636adnd2vpmmkru7pqr99ecppfvl60zq0e0q4qkdjse32rszucu0nw9jj495ax6sctqujht,complete,True,2,30,False,,,
ckb1qrj9k8u0yxllyvfhqddr4d636adnd2vpmmkru7pqr99ecppfvl60zqdme6rd5544dzagm05wad5kgzew6yvd09g6hndpy,complete,True,2,30,False,,,
ckb1qrj9k8u0yxllyvfhqddr4d636adnd2vpmmkru7pqr99ecppfvl60zqf6z44m8xtlxqvejeufeg3e5gxfxqmys8sp5snnd,complete,True,2,30,False,,,
ckb1qrj9k8u0yxllyvfhqddr4d636adnd2vpmmkru7pqr99ecppfvl60zqve6fuuv2480gdnuqsg6pspxvh63a4dafsdxhvxc,complete,True,2,30,False,,,
ckb1qzda0cr08m85hc8jlnfp3zer7xulejywt49kt2rr0vthywaa50xwsq08d5lg4286fqak0rrpktln6rftajsjxfqmlwt94,complete,True,2,30,False,,,
ckb1qzda0cr08m85hc8jlnfp3zer7xulejywt49kt2rr0vthywaa50xwsq0a0aeam3lhsskruxkrtu4u5sxwnu0y2pgpu2muw,complete,True,2,30,False,,,
ckb1qzda0cr08m85hc8jlnfp3zer7xulejywt49kt2rr0vthywaa50xwsq0fn6n4f55eyepwa3q6gjl9r7undstaszqva76af,complete,True,2,30,False,,,
ckb1qzda0cr08m85hc8jlnfp3zer7xulejywt49kt2rr0vthywaa50xwsq0jculgsfad0al4s2kjvqr00j9haf3t40q06y49y,complete,True,2,30,False,,,
ckb1qzda0cr08m85hc8jlnfp3zer7xulejywt49kt2rr0vthywaa50xwsq0rq4h2trxzv6d88yd8eqtxqjly9e808gssnxwpd,complete,True,2,30,False,,,
ckb1qzda0cr08m85hc8jlnfp3zer7xulejywt49kt2rr0vthywaa50xwsq0t29g4m5gw2ajsuery5chh6t00g342zmgslfhkd,complete,True,2,30,False,,,
ckb1qzda0cr08m85hc8jlnfp3zer7xulejywt49kt2rr0vthywaa50xwsq0vc587jwcdhm8qserfeycs6496l0f9w2gqyps5y,complete,True,2,30,False,,,
ckb1qzda0cr08m85hc8jlnfp3zer7xulejywt49kt2rr0vthywaa50xwsq0xhfft3qey9j22lcm2m7j9lw04vmt2vzcrxwz09,complete,True,2,30,False,,,
ckb1qzda0cr08m85hc8jlnfp3zer7xulejywt49kt2rr0vthywaa50xwsq0zrftff3mxty92fshlzah77362sf2ntlq6c4k27,complete,True,2,30,False,,,
ckb1qzda0cr08m85hc8jlnfp3zer7xulejywt49kt2rr0vthywaa50xwsq20vzyc3fg626hrmfysnw9twcl5282gxlgwqvxxy,complete,True,2,30,False,,,
ckb1qzda0cr08m85hc8jlnfp3zer7xulejywt49kt2rr0vthywaa50xwsq24kemzsplr0uwm59en7w4q3e72l3g3accfefltc,complete,True,2,30,False,,,
ckb1qzda0cr08m85hc8jlnfp3zer7xulejywt49kt2rr0vthywaa50xwsq2aqs8xp6kdnfnrx0w9x7aa7ycwjp0a76sm76ef5,complete,True,2,30,False,,,
ckb1qzda0cr08m85hc8jlnfp3zer7xulejywt49kt2rr0vthywaa50xwsq2e6df5cunngvj4juua53nvpyacufgs8hgqlvu5n,complete,True,2,30,False,,,
ckb1qzda0cr08m85hc8jlnfp3zer7xulejywt49kt2rr0vthywaa50xwsq2gtz0dm8n6w79s2uj3eahdgw76zrvdk2q8nzd2r,complete,True,2,30,False,,,
ckb1qzda0cr08m85hc8jlnfp3zer7xulejywt49kt2rr0vthywaa50xwsq2j8u6k5yemt00gkf4q4dszr2uht6ct2fqj32hc2,complete,True,2,30,False,,,
ckb1qzda0cr08m85hc8jlnfp3zer7xulejywt49kt2rr0vthywaa50xwsq2p2gj5xertsujc6z6xnrsgrsncnx7sczgf4nmfg,complete,True,2,30,False,,,
ckb1qzda0cr08m85hc8jlnfp3zer7xulejywt49kt2rr0vthywaa50xwsq2r6kepa303gkht9dl4m48xskum4flslxq3dequz,complete,True,2,30,False,,,
ckb1qzda0cr08m85hc8jlnfp3zer7xulejywt49kt2rr0vthywaa50xwsq2yaa54zgqjave6fadyag97v3u3kjthz7ggp2m5j,complete,True,2,30,False,,,
ckb1qzda0cr08m85hc8jlnfp3zer7xulejywt49kt2rr0vthywaa50xwsqd2fhjq026zsqzuz5j7tyfsph5sk77nzcq3jcfxt,complete,True,2,30,False,,,
ckb1qzda0cr08m85hc8jlnfp3zer7xulejywt49kt2rr0vthywaa50xwsqd5hzkwwkg7ac6zwccpy9ta032cu7m996swxuy50,complete,True,2,30,False,,,
ckb1qzda0cr08m85hc8jlnfp3zer7xulejywt49kt2rr0vthywaa50xwsqdgleqxvxa8nq7jft6mzl7wyukegr4ywcsgl0pqg,complete,True,2,30,False,,,
ckb1qzda0cr08m85hc8jlnfp3zer7xulejywt49kt2rr0vthywaa50xwsqdnt9mxw2f8np2r0xevrncm5wstfnpv0zghpux03,complete,True,2,30,False,,,
ckb1qzda0cr08m85hc8jlnfp3zer7xulejywt49kt2rr0vthywaa50xwsqdrqxtkz29lhm7unkwys0vm4z7scy657zsgafhxr,complete,True,2,30,False,,,
ckb1qzda0cr08m85hc8jlnfp3zer7xulejywt49kt2rr0vthywaa50xwsqdt2kupxnllw406efru90vzg3gh0j38geg28mkk3,complete,True,2,30,False,,,
ckb1qzda0cr08m85hc8jlnfp3zer7xulejywt49kt2rr0vthywaa50xwsqdt3xv9sy4g69yrmety9clmtz0spf8pmrswgg65m,complete,True,2,30,False,,,
ckb1qzda0cr08m85hc8jlnfp3zer7xulejywt49kt2rr0vthywaa50xwsqdy93h4qnj23hgv6uwa4swc2uzd82rvens6d3wjt,complete,True,2,30,False,,,
ckb1qzda0cr08m85hc8jlnfp3zer7xulejywt49kt2rr0vthywaa50xwsqdykp30yad2jpesvwt4qy3k6ewwd0hh8agrvt6wq,complete,True,2,30,False,,,
ckb1qzda0cr08m85hc8jlnfp3zer7xulejywt49kt2rr0vthywaa50xwsqfd53swthhcdauyxhtq9xk5kwtxgp8s0fsvalvmu,complete,True,2,30,False,,,
ckb1qzda0cr08m85hc8jlnfp3zer7xulejywt49kt2rr0vthywaa50xwsqfdccvqr9edfuwsqf3kjrkmtuqt7cj5puck6hck8,complete,True,2,30,False,,,
ckb1qzda0cr08m85hc8jlnfp3zer7xulejywt49kt2rr0vthywaa50xwsqfekftf2py0ttpyylpxxje6daep6l3fscgvw7ald,complete,True,2,30,False,,,
ckb1qzda0cr08m85hc8jlnfp3zer7xulejywt49kt2rr0vthywaa50xwsqfk9vuss09uzu5srxvstfumuvjjm7y83cg2vyxfy,complete,True,2,30,False,,,
ckb1qzda0cr08m85hc8jlnfp3zer7xulejywt49kt2rr0vthywaa50xwsqfklpav762duvc8cva7gnz89nzvksp6r3qeh6wvh,complete,True,2,30,False,,,
ckb1qzda0cr08m85hc8jlnfp3zer7xulejywt49kt2rr0vthywaa50xwsqfrywyhy6s57dk5d0cl9zfvsdmvp4fjm7spenxl7,complete,True,2,30,False,,,
ckb1qzda0cr08m85hc8jlnfp3zer7xulejywt49kt2rr0vthywaa50xwsqfs9y8jh66lse3s0v42j20m0k4serr820q4zylwk,complete,True,2,30,False,,,
ckb1qzda0cr08m85hc8jlnfp3zer7xulejywt49kt2rr0vthywaa50xwsqfu3dnmc2xaf74qydppq9cyqfqkgvx6rwc2qecq6,complete,True,2,30,False,,,
ckb1qzda0cr08m85hc8jlnfp3zer7xulejywt49kt2rr0vthywaa50xwsqg38dxfhphujmh04096exaaxm6hlfn0ewqjtess0,complete,True,2,30,False,,,
ckb1qzda0cr08m85hc8jlnfp3zer7xulejywt49kt2rr0vthywaa50xwsqg3zpx6ltrkpk2pync0gjyxw55tclf57kswml3cu,complete,True,2,30,False,,,
ckb1qzda0cr08m85hc8jlnfp3zer7xulejywt49kt2rr0vthywaa50xwsqg4gg00mz4e8xtn9nh3la7zs0lhwrqczvqqfzjza,complete,True,2,30,False,,,
ckb1qzda0cr08m85hc8jlnfp3zer7xulejywt49kt2rr0vthywaa50xwsqg5vcvn24ygfnjmfjfj6fcdtnys7mcf85clzw8s5,complete,True,2,30,False,,,
ckb1qzda0cr08m85hc8jlnfp3zer7xulejywt49kt2rr0vthywaa50xwsqgflsmucvgr0ht4tx6g8h0gj325kvzxneqxrdvtu,complete,True,2,30,False,,,
ckb1qzda0cr08m85hc8jlnfp3zer7xulejywt49kt2rr0vthywaa50xwsqgmtwq78uxc2sc92j6kqn3vvuwh646qneskfcg94,complete,True,2,30,False,,,
ckb1qzda0cr08m85hc8jlnfp3zer7xulejywt49kt2rr0vthywaa50xwsqgye4rhc4xen4k7kx74ckfua034ydstjlqmh3jzt,complete,True,2,30,False,,,
ckb1qzda0cr08m85hc8jlnfp3zer7xulejywt49kt2rr0vthywaa50xwsqt0dqxhseaalcwm5pl7kf9h7mrgaqezn5q5cw0nx,complete,True,2,30,False,,,
ckb1qzda0cr08m85hc8jlnfp3zer7xulejywt49kt2rr0vthywaa50xwsqt0x65tjgq2nrtwcxcrsrszv4kwvmg0z7s4t4j7j,complete,True,2,30,False,,,
ckb1qzda0cr08m85hc8jlnfp3zer7xulejywt49kt2rr0vthywaa50xwsqt6knef6c2z0fu3jn04zqhw2e6sk98a3gsrn64xu,complete,True,2,30,False,,,
ckb1qzda0cr08m85hc8jlnfp3zer7xulejywt49kt2rr0vthywaa50xwsqt8cunlmnnrv40lujhuw4uk94jgja4th3qngx37f,complete,True,2,30,False,,,
ckb1qzda0cr08m85hc8jlnfp3zer7xulejywt49kt2rr0vthywaa50xwsqt8h37jwjqq4yt90y6sxhxgpm2nlsacz7sjfxmnh,complete,True,2,30,False,,,
ckb1qzda0cr08m85hc8jlnfp3zer7xulejywt49kt2rr0vthywaa50xwsqt9vf42sxwlftqw9wptl6966mm5h57dvhc5xztwt,complete,True,2,30,False,,,
ckb1qzda0cr08m85hc8jlnfp3zer7xulejywt49kt2rr0vthywaa50xwsqtau80fp80rzr66ysqsumy69tvma6t5sjq2rdh8f,complete,True,2,30,False,,,
ckb1qzda0cr08m85hc8jlnfp3zer7xulejywt49kt2rr0vthywaa50xwsqtc4aejzc8x0lcxg3ejcx6g0e3e7sd43rqw7x9ce,complete,True,2,30,False,,,
ckb1qzda0cr08m85hc8jlnfp3zer7xulejywt49kt2rr0vthywaa50xwsqtdjuar2g05de847e74dxz2k258xc0pgncsc8jtk,complete,True,2,30,False,,,
ckb1qzda0cr08m85hc8jlnfp3zer7xulejywt49kt2rr0vthywaa50xwsqtmaadx4739055nas5de7rlr4ejr57du4c2keezx,complete,True,2,30,False,,,
ckb1qzda0cr08m85hc8jlnfp3zer7xulejywt49kt2rr0vthywaa50xwsqtr7jxa890knchmlxnjffccnlxftz5g6qszpa44c,complete,True,2,30,False,,,
ckb1qzda0cr08m85hc8jlnfp3zer7xulejywt49kt2rr0vthywaa50xwsqtssz5pwa6laezq9zlq6en70lln5vqtvhg26cdnc,complete,True,2,30,False,,,
ckb1qzda0cr08m85hc8jlnfp3zer7xulejywt49kt2rr0vthywaa50xwsqtvrc0v07kkshps3y460fw2krkxr3lfdnquwku58,complete,True,2,30,False,,,
ckb1qzda0cr08m85hc8jlnfp3zer7xulejywt49kt2rr0vthywaa50xwsqtwyug2tpjwyu9nadmcmtawlmh32an886ctur8n7,complete,True,2,30,False,,,
ckb1qzda0cr08m85hc8jlnfp3zer7xulejywt49kt2rr0vthywaa50xwsqv2mq2k38tpce75m5sszh0rk3a46k82lqc4cmag0,complete,True,2,30,False,,,
ckb1qzda0cr08m85hc8jlnfp3zer7xulejywt49kt2rr0vthywaa50xwsqvcg6extjdlmthx82pvf4gyu5ng2h9qxag22re34,complete,True,2,30,False,,,
ckb1qzda0cr08m85hc8jlnfp3zer7xulejywt49kt2rr0vthywaa50xwsqvgp3xc39sf7c8ke8v7t6jken94jfkhtncf7yhea,complete,True,2,30,False,,,
ckb1qzda0cr08m85hc8jlnfp3zer7xulejywt49kt2rr0vthywaa50xwsqvm3mfn9t69av06rpqc5p8dmccuc5mkvjcfycfn9,complete,True,2,30,False,,,
ckb1qzda0cr08m85hc8jlnfp3zer7xulejywt49kt2rr0vthywaa50xwsqvn7jchgkq0pa769knatg87q9d7axnnexcdjkwr6,complete,True,2,30,False,,,
ckb1qzda0cr08m85hc8jlnfp3zer7xulejywt49kt2rr0vthywaa50xwsqvwv5gnxqmqnzl8u28u55sj0xjlemx96qsc2vh6t,complete,True,2,30,False,,,
ckb1qzda0cr08m85hc8jlnfp3zer7xulejywt49kt2rr0vthywaa50xwsqw0zvtwwgy8c8qw86jyxxhf3mjms9rsh3stjeycs,complete,True,2,30,False,,,
ckb1qzda0cr08m85hc8jlnfp3zer7xulejywt49kt2rr0vthywaa50xwsqw38th7jdk8l3mnk24vzwkxjpcmgk9lyeqyn8hhu,complete,True,2,30,False,,,
ckb1qzda0cr08m85hc8jlnfp3zer7xulejywt49kt2rr0vthywaa50xwsqwa5y3psdk6szd09hsmtp5eufa7z2g9xnstmx4f5,complete,True,2,30,False,,,
ckb1qpjp4zdd9amhyxuq8n2s6qf4rs0nppzyquk4lgsq3pt8r9kq2axxsqgqvlmxme7qflzzmn7mx6ak2zyml4mdxpu285eudk,complete,True,1,30,False,,,
ckb1qrgqep8saj8agswr30pls73hra28ry8jlnlc3ejzh3dl2ju7xxpjxqgqq8tp0y4w4alupkkd0hptlgx8uhghttn04y5fr2xn,complete,True,1,30,False,,,
ckb1qrgqep8saj8agswr30pls73hra28ry8jlnlc3ejzh3dl2ju7xxpjxqgqq9ekt7sse44yj6nylw5ms2heq4x6tq7az5uhvp80,complete,True,1,30,False,,,
ckb1qrgqep8saj8agswr30pls73hra28ry8jlnlc3ejzh3dl2ju7xxpjxqgqq9ttv5nus838kldjskr2xczk43ez9y36ts6a9ct6,complete,True,1,30,False,,,
ckb1qzda0cr08m85hc8jlnfp3zer7xulejywt49kt2rr0vthywaa50xwsq02m073f46mtekknvwhastw32k52n222ng2rwyc2,complete,True,1,30,False,,,
ckb1qzda0cr08m85hc8jlnfp3zer7xulejywt49kt2rr0vthywaa50xwsq07eewsq66zfrys4nhcr22wxavcwnqme6szljtfr,complete,True,1,30,False,,,
ckb1qzda0cr08m85hc8jlnfp3zer7xulejywt49kt2rr0vthywaa50xwsq0d0zj9eym8xs8mu23lahuypqsfe3salps2tmv9z,complete,True,1,30,False,,,
ckb1qzda0cr08m85hc8jlnfp3zer7xulejywt49kt2rr0vthywaa50xwsq0frvgc8jdeyr5j98ggzmyn2rekwvyy06g9mywsl,complete,True,1,30,False,,,
ckb1qzda0cr08m85hc8jlnfp3zer7xulejywt49kt2rr0vthywaa50xwsq0uz4yrl8zmypez5vfyp3he6s6kgkej97qs65dw7,complete,True,1,30,False,,,
ckb1qzda0cr08m85hc8jlnfp3zer7xulejywt49kt2rr0vthywaa50xwsq0ye372hn0dptvulreqphp4xrqt9uc7p8q0ljgx3,complete,True,1,30,False,,,
ckb1qzda0cr08m85hc8jlnfp3zer7xulejywt49kt2rr0vthywaa50xwsq22dsjt0tqgqdmhe5xftnxaum9qfympansjurv99,complete,True,1,30,False,,,
ckb1qzda0cr08m85hc8jlnfp3zer7xulejywt49kt2rr0vthywaa50xwsq290tl4mv2gutv4g4rp5ml0f3l9s66y6fshaw9gs,complete,True,1,30,False,,,
ckb1qzda0cr08m85hc8jlnfp3zer7xulejywt49kt2rr0vthywaa50xwsq29rfw0rka8ah035chqd846aamdmlrre7crue62f,complete,True,1,30,False,,,
ckb1qzda0cr08m85hc8jlnfp3zer7xulejywt49kt2rr0vthywaa50xwsq2k3mcl2cewzpdcglr304mdm227p0sa4cq6zyrlr,complete,True,1,30,False,,,
ckb1qzda0cr08m85hc8jlnfp3zer7xulejywt49kt2rr0vthywaa50xwsq2yz2fq4x243gnmxd9my6278tjnh80jnkqex64w5,complete,True,1,30,False,,,
ckb1qzda0cr08m85hc8jlnfp3zer7xulejywt49kt2rr0vthywaa50xwsqdejdafldtv39t9eqy6cqcr6ghl4uzh0pg00syk5,complete,True,1,30,False,,,
ckb1qzda0cr08m85hc8jlnfp3zer7xulejywt49kt2rr0vthywaa50xwsqdgt5emdmeq5w8zl4053n6axgsuqq4hljc5yjssl,complete,True,1,30,False,,,
ckb1qzda0cr08m85hc8jlnfp3zer7xulejywt49kt2rr0vthywaa50xwsqdvc69sdcrn3ezwyhvll92cc4uj4xau9tqxh28ly,complete,True,1,30,False,,,
ckb1qzda0cr08m85hc8jlnfp3zer7xulejywt49kt2rr0vthywaa50xwsqf4kterar6rdf9pgl2e5pgk8ypjv3aug6qh9m6ef,complete,True,1,30,False,,,
ckb1qzda0cr08m85hc8jlnfp3zer7xulejywt49kt2rr0vthywaa50xwsqf4prl3epf46ffehtlyye3zkxx0fuj28rce7gu3t,complete,True,1,30,False,,,
ckb1qzda0cr08m85hc8jlnfp3zer7xulejywt49kt2rr0vthywaa50xwsqfh0rk3g35up6jzkxa9kprujuxc7ffdx8gtates9,complete,True,1,30,False,,,
ckb1qzda0cr08m85hc8jlnfp3zer7xulejywt49kt2rr0vthywaa50xwsqfl99qx7xkycluv4x47ygv59f2znm2c75gxy3uxh,complete,True,1,30,False,,,
ckb1qzda0cr08m85hc8jlnfp3zer7xulejywt49kt2rr0vthywaa50xwsqfryte3d9ypm3wg2x2s5kwx3qurvvnz4fqpvw2an,complete,True,1,30,False,,,
ckb1qzda0cr08m85hc8jlnfp3zer7xulejywt49kt2rr0vthywaa50xwsqfs8zztfl74g5q0x6gp3nnu2hk43pnfu5cjxs9la,complete,True,1,30,False,,,
ckb1qzda0cr08m85hc8jlnfp3zer7xulejywt49kt2rr0vthywaa50xwsqfvhdtuvjyzex55eydwyprduynq7hekrzgxggrjv,complete,True,1,30,False,,,
ckb1qzda0cr08m85hc8jlnfp3zer7xulejywt49kt2rr0vthywaa50xwsqfxrcytws3sqm4yuvr2jhe2xt8p4znkm6q75usdl,complete,True,1,30,False,,,
ckb1qzda0cr08m85hc8jlnfp3zer7xulejywt49kt2rr0vthywaa50xwsqfzz2s8jscd5wm0faglpyxl5w3t8fyk69gthp4j7,complete,True,1,30,False,,,
ckb1qzda0cr08m85hc8jlnfp3zer7xulejywt49kt2rr0vthywaa50xwsqg07rx9t96z8f787ueyalmyqveke6av9mqyr4lvk,complete,True,1,30,False,,,
ckb1qzda0cr08m85hc8jlnfp3zer7xulejywt49kt2rr0vthywaa50xwsqg0h93zqy05swdshn945lh9aqhf8ddpq3g06c0zt,complete,True,1,30,False,,,
ckb1qzda0cr08m85hc8jlnfp3zer7xulejywt49kt2rr0vthywaa50xwsqg33j9cnl4hst6qlzeueuha2h2aqvya3jqfsxev0,complete,True,1,30,False,,,
ckb1qzda0cr08m85hc8jlnfp3zer7xulejywt49kt2rr0vthywaa50xwsqg3j8s4u5x2yrmtdxwgadeuskakanxw0lstjhm7a,complete,True,1,30,False,,,
ckb1qzda0cr08m85hc8jlnfp3zer7xulejywt49kt2rr0vthywaa50xwsqg5c9zy47fydwa6tvfypyzvmyc4dwr6a4qs4xenc,complete,True,1,30,False,,,
ckb1qzda0cr08m85hc8jlnfp3zer7xulejywt49kt2rr0vthywaa50xwsqg6nwnz2h9x7r99utdl2ygd9ryrg9mddwqfcx96w,complete,True,1,30,False,,,
ckb1qzda0cr08m85hc8jlnfp3zer7xulejywt49kt2rr0vthywaa50xwsqg9jg2up4ef0v26pzfjm046cm96nr6jykcyhe74v,complete,True,1,30,False,,,
ckb1qzda0cr08m85hc8jlnfp3zer7xulejywt49kt2rr0vthywaa50xwsqggc329a9aq7kurygadwl7lsa5p8j5xd8qehegvk,complete,True,1,30,False,,,
ckb1qzda0cr08m85hc8jlnfp3zer7xulejywt49kt2rr0vthywaa50xwsqgjklxa68zskq8qyq36t3kvr9kx3g5lgagl8k8yg,complete,True,1,30,False,,,
ckb1qzda0cr08m85hc8jlnfp3zer7xulejywt49kt2rr0vthywaa50xwsqgk5t6vt7g8tqx02calkylfcsdn0y4rxectcwum0,complete,True,1,30,False,,,
ckb1qzda0cr08m85hc8jlnfp3zer7xulejywt49kt2rr0vthywaa50xwsqgqlfjatyhscdmle7uv4h0cwhn6fmvmmgcqhqwdz,complete,True,1,30,False,,,
ckb1qzda0cr08m85hc8jlnfp3zer7xulejywt49kt2rr0vthywaa50xwsqthmjrkds6wu8rmughttjhjxcdc7n0ma0c4grgqu,complete,True,1,30,False,,,
ckb1qzda0cr08m85hc8jlnfp3zer7xulejywt49kt2rr0vthywaa50xwsqtl8pvj8h4ln86n6t64htv7zxuqfmsr8sgeee9pp,complete,True,1,30,False,,,
ckb1qzda0cr08m85hc8jlnfp3zer7xulejywt49kt2rr0vthywaa50xwsqtqd480r8m9qjeyd9wl9s2hmhvwfws296cdhvfgg,complete,True,1,30,False,,,
ckb1qzda0cr08m85hc8jlnfp3zer7xulejywt49kt2rr0vthywaa50xwsqtqua2vslsr3w5n7j4eudgjlccpfswlpcq2dmrp6,complete,True,1,30,False,,,
ckb1qzda0cr08m85hc8jlnfp3zer7xulejywt49kt2rr0vthywaa50xwsqturdz2xlmpyp3n65t5ljh7g4wm5nprkassg2upy,complete,True,1,30,False,,,
ckb1qzda0cr08m85hc8jlnfp3zer7xulejywt49kt2rr0vthywaa50xwsqv0gs6wnp3swfnp0ksqssr88edx4dzg42cspv2q5,complete,True,1,30,False,,,
ckb1qzda0cr08m85hc8jlnfp3zer7xulejywt49kt2rr0vthywaa50xwsqv7fmpw9f6syr78upyduqh34gaexj33xcq77xc5d,complete,True,1,30,False,,,
ckb1qzda0cr08m85hc8jlnfp3zer7xulejywt49kt2rr0vthywaa50xwsqvakfkzrh6fahhknaycs6y0c6u4kuczejswamh56,complete,True,1,30,False,,,
ckb1qzda0cr08m85hc8jlnfp3zer7xulejywt49kt2rr0vthywaa50xwsqvgadwehyxjt8ejkfaxjsydxhs98zxv7wg6um7sh,complete,True,1,30,False,,,
ckb1qzda0cr08m85hc8jlnfp3zer7xulejywt49kt2rr0vthywaa50xwsqvgrk4usqg0hkwzdc5q0whv84n6frf58tqjap4hg,complete,True,1,30,False,,,
ckb1qzda0cr08m85hc8jlnfp3zer7xulejywt49kt2rr0vthywaa50xwsqvpgnrc0r7xrvweu02hw5zdrw8xrhenqvc2sxn5w,complete,True,1,30,False,,,
ckb1qzda0cr08m85hc8jlnfp3zer7xulejywt49kt2rr0vthywaa50xwsqvw2fzcnwu22g9nrn8fphj2qd074q36qeqskl7am,complete,True,1,30,False,,,
ckb1qzda0cr08m85hc8jlnfp3zer7xulejywt49kt2rr0vthywaa50xwsqw3qpwtl4tl20sp2gqa86yuthu4a9fz8hqw3x5jx,complete,True,1,30,False,,,
ckb1qzda0cr08m85hc8jlnfp3zer7xulejywt49kt2rr0vthywaa50xwsqw5n54u7pet2ktacx7h44lqu6n9hdqhy4sktahz5,complete,True,1,30,False,,,
ckb1qzda0cr08m85hc8jlnfp3zer7xulejywt49kt2rr0vthywaa50xwsqwagacncukv4fpsp24vah62kf7fzh5vheqk6dmyw,complete,True,1,30,False,,,
ckb1qzda0cr08m85hc8jlnfp3zer7xulejywt49kt2rr0vthywaa50xwsqwunjw8p6gn7x40mm0mmr4ep52lw5259agxf5665,complete,True,1,30,False,,,
ckb1qzdcr9un5ezx8tkh03s46m9jymh22jruelq8svzr5krj2nx69dhjvqgjxzpyt2h4t8wgu359uxceshdfcxmujdwyqq098vtj,complete,True,1,30,False,,,
ckb1qzfhdsa4syv599s2s3nfrctwga70g0tu07n9gpnun9ydlngf5vsnwqg943hvpcgwfyjvnaqx0tlh0wv00mkj7unxqkkxas8ppeyjfj05qea07aae3alw6tmjvck9sdxz,complete,True,1,30,False,,,
ckb1qzfhdsa4syv599s2s3nfrctwga70g0tu07n9gpnun9ydlngf5vsnwqg94vsxld9hyqyut3l83s4frv9cuclmw035qk4jqma5kusqn3w8u7xz4ydshrnrlde7xsaypjq3,complete,True,1,30,False,,,
ckb1qzfhdsa4syv599s2s3nfrctwga70g0tu07n9gpnun9ydlngf5vsnwqg94xd3uxaruhwvelg9pv5j4ulhwge4gjj9qk5ek8sm50jaen8aq59jj2hn7aerx4z2g58wpkul,complete,True,1,30,False,,,
ckb1qzfhdsa4syv599s2s3nfrctwga70g0tu07n9gpnun9ydlngf5vsnwqg94ynxnfnx7drtj7nnnc45cflj84qs9a5xqk5jv6dxvme5dwt6ww0zknp87g75zqhkscn8mat7,complete,True,1,30,False,,,
ckb1qzfhdsa4syv599s2s3nfrctwga70g0tu07n9gpnun9ydlngf5vsnwqg9558rskku65hzy6nllevf4qmu53dt72tnqkjsuwz6mn2jugn20ll93x5r0jj940efwvlyv06l,complete,True,1,30,False,,,
ckb1qzfhdsa4syv599s2s3nfrctwga70g0tu07n9gpnun9ydlngf5vsnwqg95r9chf5dn9ex9n3754hjy4fjmwyjaw8yqksvhzax3kvhyckw86jk7gj4xtdcjt4cuspt00r4,complete,True,1,30,False,,,
ckb1qzfhdsa4syv599s2s3nfrctwga70g0tu07n9gpnun9ydlngf5vsnwqg976kc0hgtdq7w636fxl9v63v3wzwmyzy0qhm2mp7apd5rem28fymu4n29j9cfmvsg3u7a2czd,complete,True,1,30,False,,,
ckb1qzfhdsa4syv599s2s3nfrctwga70g0tu07n9gpnun9ydlngf5vsnwqg99sxckjwwmzys02dr63gwkma9hq23ja89q5kqmz6femvgjpaf5029p6m05kup2xt5u520k6da,complete,True,1,30,False,,,
ckb1qzfhdsa4syv599s2s3nfrctwga70g0tu07n9gpnun9ydlngf5vsnwqg9ac6n88wvl76rapgm7w73wargrtw5vmt4qhhr2vuaenlmg059r0em69m5dqdd63ndw58vk5w9,complete,True,1,30,False,,,
ckb1qzfhdsa4syv599s2s3nfrctwga70g0tu07n9gpnun9ydlngf5vsnwqg9cu2eq3upetqpnvuvsqrapp6a9kkqmldxqhr3tyz8s89vqxdn3jqq05y8t5k6cr0a5ckvncvr,complete,True,1,30,False,,,
ckb1qzfhdsa4syv599s2s3nfrctwga70g0tu07n9gpnun9ydlngf5vsnwqg9cx4d2zppxuslglqk56sts6ka82kpx0f6qhq644ggyymjraruz6n2pwr2m5a2cyea8gtgnz7j,complete,True,1,30,False,,,
ckb1qzfhdsa4syv599s2s3nfrctwga70g0tu07n9gpnun9ydlngf5vsnwqg9lt5gptwlmukvgatqv3cu3828ugk3uy0mqhaw3q9dml0je3r4vpj8rjyagl3z68s3lvzldfd9,complete,True,1,30,False,,,
ckb1qzfhdsa4syv599s2s3nfrctwga70g0tu07n9gpnun9ydlngf5vsnwqg9lv2und9w7fua0c7ql643lskct7xtzegfqha3tjd54me8n4lrcrl2k87zmp0cevt9py2zrj7f,complete,True,1,30,False,,,
ckb1qzfhdsa4syv599s2s3nfrctwga70g0tu07n9gpnun9ydlngf5vsnwqg9m87n9epx0dg3wxefr6avpujpt9wc7mmrqhvl6vhyyea4z9cm9y0t4s8jg9v4mrm0vvy6llep,complete,True,1,30,False,,,
ckb1qzfhdsa4syv599s2s3nfrctwga70g0tu07n9gpnun9ydlngf5vsnwqg9m87vxegakq6vwxwvw39hsusq0ez0lnunqhvlesm9rkcrf3cee36yk7rjqplyfl70jv0wfqyk,complete,True,1,30,False,,,
ckb1qzfhdsa4syv599s2s3nfrctwga70g0tu07n9gpnun9ydlngf5vsnwqg9spljsf9z609dqt0jwl8avvq5lrglal3cqkq872py5tfu45pd7fmul43sznudrlh78q6k8522,complete,True,1,30,False,,,
ckb1qzfhdsa4syv599s2s3nfrctwga70g0tu07n9gpnun9ydlngf5vsnwqg9u3gdvgycx739qzp2va9drcw7a50s0r4pqhj9p43qnqm6y5qg9fn5450pmmk37puw5yjdk6mr,complete,True,1,30,False,,,
ckb1qzfhdsa4syv599s2s3nfrctwga70g0tu07n9gpnun9ydlngf5vsnwqgylxy6r2dlnpkg8cm2kassvcdvxhcecsjyqnucngdfh7vxeqlrd2mkzpnp4s6lr8zzgsrp7wg3,complete,True,1,30,False,,,
ckb1qzfhdsa4syv599s2s3nfrctwga70g0tu07n9gpnun9ydlngf5vsnwqgysup6r3gz9f56fsrveed42gqkjncgtvu3qjrs8gw9qg4xnfxqdn89k4fqz620ppdnjycax9x3,complete,True,1,30,False,,,
ckb1qzda0cr08m85hc8jlnfp3zer7xulejywt49kt2rr0vthywaa50xwsq0259kv0x5jez6h0l5qr52k64weapapgyscsnmhn,capped,False,28000,30,True,11941.6,238.83,70.1
ckb1qzda0cr08m85hc8jlnfp3zer7xulejywt49kt2rr0vthywaa50xwsqvgqh40v2g5ps3rann79tvw9gq6ewrft7gp909qk,capped,False,25950,30,True,20381.9,407.64,56.0
ckb1qzda0cr08m85hc8jlnfp3zer7xulejywt49kt2rr0vthywaa50xwsq22xdj8q4jdql98qkdhnqzgrsk4nqyavdcratvu9,capped,False,24550,30,True,28474.4,569.49,46.3
ckb1qzda0cr08m85hc8jlnfp3zer7xulejywt49kt2rr0vthywaa50xwsq0tpsqq08mkay9ewrfrdwlcghv62qw704s93hhsj,capped,False,22650,30,True,299808.3,5996.17,7.0
ckb1qzda0cr08m85hc8jlnfp3zer7xulejywt49kt2rr0vthywaa50xwsqwyt2p74pg74ccrqll50yvv50fd4098u5sq3q7ue,capped,False,20700,30,True,52319.5,1046.39,28.3
ckb1qzda0cr08m85hc8jlnfp3zer7xulejywt49kt2rr0vthywaa50xwsqfz9rdwxs84saj8xcknrclsf4a9r7qk3hqqsv05e,capped,False,20600,30,True,52721.3,1054.43,28.1
ckb1qzda0cr08m85hc8jlnfp3zer7xulejywt49kt2rr0vthywaa50xwsq0764vl97f7teu43k9x9v93fr9330zgf0cr43nr7,capped,False,20400,30,True,53404.0,1068.08,27.6
ckb1qzda0cr08m85hc8jlnfp3zer7xulejywt49kt2rr0vthywaa50xwsqdzm8lk39ashezjh2pdyrdz7nw0j43av9ce3k38n,partial,False,50,30,False,13.8,0.28,78.4
ckb1qzda0cr08m85hc8jlnfp3zer7xulejywt49kt2rr0vthywaa50xwsqv54r405f85mw65djy9l56j6v3qp7a6v8crpuwl7,partial,False,50,30,False,10.0,0.2,83.3
ckb1qzda0cr08m85hc8jlnfp3zer7xulejywt49kt2rr0vthywaa50xwsq05n6zvckahhuks4wl9rznllcfgralwl3gqs5rqt,partial,False,0,30,False,,,
ckb1qzda0cr08m85hc8jlnfp3zer7xulejywt49kt2rr0vthywaa50xwsq0vzwrhe2aznrvkq00r477dpzmzdfptfvgt9xx9u,partial,False,0,30,False,,,
ckb1qzda0cr08m85hc8jlnfp3zer7xulejywt49kt2rr0vthywaa50xwsq2avwaksfsgf3ths5hjh5sl4ema0pazc6q48umuh,partial,False,0,30,False,,,
ckb1qzda0cr08m85hc8jlnfp3zer7xulejywt49kt2rr0vthywaa50xwsq2n7pqmhqlygzfhe9y2pfegeeqzlgkvfkqkaaams,partial,False,0,30,False,,,
ckb1qzda0cr08m85hc8jlnfp3zer7xulejywt49kt2rr0vthywaa50xwsq2s6dygffm0ed03txsa3ca8npdpel05vqg5j9mgd,partial,False,0,30,False,,,
ckb1qzda0cr08m85hc8jlnfp3zer7xulejywt49kt2rr0vthywaa50xwsq2vfrwwa2h4ag878nn7935gzex40d9y7xcckkcz2,partial,False,0,30,False,,,
ckb1qzda0cr08m85hc8jlnfp3zer7xulejywt49kt2rr0vthywaa50xwsqd8v6u0w52u9lptyqx9qg05zs3lprp5t4qsxtt54,partial,False,0,30,False,,,
ckb1qzda0cr08m85hc8jlnfp3zer7xulejywt49kt2rr0vthywaa50xwsqdjlu4rl6rwlf2zak4lawpv7z6ctq54rtcvm0g0r,partial,False,0,30,False,,,
ckb1qzda0cr08m85hc8jlnfp3zer7xulejywt49kt2rr0vthywaa50xwsqdkqd8la4z3aqeh8v4c3fdsr4efuxf9slcdenyvw,partial,False,0,30,False,,,
ckb1qzda0cr08m85hc8jlnfp3zer7xulejywt49kt2rr0vthywaa50xwsqgtx2tjysfne99gjt69psfea8xc2my2zlgsfgp59,partial,False,0,30,False,,,
ckb1qzda0cr08m85hc8jlnfp3zer7xulejywt49kt2rr0vthywaa50xwsqtfxhm4mcvns0kxxp6yuy6skeha3pknhwqhsuzf0,partial,False,0,30,False,,,
ckb1qzda0cr08m85hc8jlnfp3zer7xulejywt49kt2rr0vthywaa50xwsqw6ujq2qpcu7m6rmwt276sq275wpagjkhquf7rhu,partial,False,0,30,False,,,
ckb1qzda0cr08m85hc8jlnfp3zer7xulejywt49kt2rr0vthywaa50xwsqwl4qyx3j83nsjlyx3pj9q8msqt9hwmz5g0c8u0j,partial,False,0,30,False,,,
ckb1qzda0cr08m85hc8jlnfp3zer7xulejywt49kt2rr0vthywaa50xwsqwq58dc707p97auarsgdf6vp07f84t7htgv294a8,partial,False,0,30,False,,,
