component,evidence_artifact,rank,score,tail,wallet
PC1,/Users/fadhil/Personal/ckb-intel/ckb_data/feature_engineering_v2/wallet_behaviour_features_v2_evidence.jsonl,1,-2.341116872354603,LOWER,ckb1qzda0cr08m85hc8jlnfp3zer7xulejywt49kt2rr0vthywaa50xwsq2pnp7gglp8clvahem5mpf7wmr0pjk5krgf4lwf2
PC1,/Users/fadhil/Personal/ckb-intel/ckb_data/feature_engineering_v2/wallet_behaviour_features_v2_evidence.jsonl,2,-2.3060441057198524,LOWER,ckb1qzda0cr08m85hc8jlnfp3zer7xulejywt49kt2rr0vthywaa50xwsqt2e7jpk20nyyyuwdqmvqk427ql2593nugpqd4pp
PC1,/Users/fadhil/Personal/ckb-intel/ckb_data/feature_engineering_v2/wallet_behaviour_features_v2_evidence.jsonl,3,-2.2956315138820993,LOWER,ckb1qzda0cr08m85hc8jlnfp3zer7xulejywt49kt2rr0vthywaa50xwsqgulzg2h44865y9svyw7s5390npefh3x9qrr8hc9
PC1,/Users/fadhil/Personal/ckb-intel/ckb_data/feature_engineering_v2/wallet_behaviour_features_v2_evidence.jsonl,4,-2.2320554399822816,LOWER,ckb1qzda0cr08m85hc8jlnfp3zer7xulejywt49kt2rr0vthywaa50xwsqgkfv8pzr5d26zcapqrd58ksc65w0qv8qqqp6xtc
PC1,/Users/fadhil/Personal/ckb-intel/ckb_data/feature_engineering_v2/wallet_behaviour_features_v2_evidence.jsonl,5,-2.0444919612254844,LOWER,ckb1qzda0cr08m85hc8jlnfp3zer7xulejywt49kt2rr0vthywaa50xwsqteuhr80vfws6en6ju03huzvp3xh9z0juqelhgxu
PC1,/Users/fadhil/Personal/ckb-intel/ckb_data/feature_engineering_v2/wallet_behaviour_features_v2_evidence.jsonl,1,4.950183180988185,UPPER,ckb1qr2g8yj3vrjzx2evk20szt5rszmmvykhrn6w0xv3ga4khnmpqu6lvqq3u8mhh
PC1,/Users/fadhil/Personal/ckb-intel/ckb_data/feature_engineering_v2/wallet_behaviour_features_v2_evidence.jsonl,2,4.321532696520217,UPPER,ckb1qpl0dc3xe2dr299vwe6e7zc42rnsex4pptlcjyglahevnkqq6ft0wqgw8xxul
PC1,/Users/fadhil/Personal/ckb-intel/ckb_data/feature_engineering_v2/wallet_behaviour_features_v2_evidence.jsonl,3,4.064235858895678,UPPER,ckb1qzda0cr08m85hc8jlnfp3zer7xulejywt49kt2rr0vthywaa50xwsqw6hjwylgj9pw0ae8pw0ctke60jpqw6f6slep8r3
PC1,/Users/fadhil/Personal/ckb-intel/ckb_data/feature_engineering_v2/wallet_behaviour_features_v2_evidence.jsonl,4,3.5504534502444187,UPPER,ckb1qrgqep8saj8agswr30pls73hra28ry8jlnlc3ejzh3dl2ju7xxpjxqgqq89s0k62mh0xf6hn8cc20wunuarrumudx5nwq9uk
PC1,/Users/fadhil/Personal/ckb-intel/ckb_data/feature_engineering_v2/wallet_behaviour_features_v2_evidence.jsonl,5,3.3889275567487305,UPPER,ckb1qzda0cr08m85hc8jlnfp3zer7xulejywt49kt2rr0vthywaa50xwsqda5zj9fpg255n7vz04eqkzlles8z72susenvew6
PC2,/Users/fadhil/Personal/ckb-intel/ckb_data/feature_engineering_v2/wallet_behaviour_features_v2_evidence.jsonl,1,-6.492063259841894,LOWER,ckb1qr2g8yj3vrjzx2evk20szt5rszmmvykhrn6w0xv3ga4khnmpqu6lvqq3u8mhh
PC2,/Users/fadhil/Personal/ckb-intel/ckb_data/feature_engineering_v2/wallet_behaviour_features_v2_evidence.jsonl,2,-5.56680942201469,LOWER,ckb1qpl0dc3xe2dr299vwe6e7zc42rnsex4pptlcjyglahevnkqq6ft0wqgw8xxul
PC2,/Users/fadhil/Personal/ckb-intel/ckb_data/feature_engineering_v2/wallet_behaviour_features_v2_evidence.jsonl,3,-5.4439421856479004,LOWER,ckb1qzda0cr08m85hc8jlnfp3zer7xulejywt49kt2rr0vthywaa50xwsqw6hjwylgj9pw0ae8pw0ctke60jpqw6f6slep8r3
PC2,/Users/fadhil/Personal/ckb-intel/ckb_data/feature_engineering_v2/wallet_behaviour_features_v2_evidence.jsonl,4,-4.123374946717265,LOWER,ckb1qzda0cr08m85hc8jlnfp3zer7xulejywt49kt2rr0vthywaa50xwsqda5zj9fpg255n7vz04eqkzlles8z72susenvew6
PC2,/Users/fadhil/Personal/ckb-intel/ckb_data/feature_engineering_v2/wallet_behaviour_features_v2_evidence.jsonl,5,-2.267209757132713,LOWER,ckb1qzda0cr08m85hc8jlnfp3zer7xulejywt49kt2rr0vthywaa50xwsqw0dr0ghl76nf5xkw6lx0lxm032kw2jwwq6lnmhx
PC2,/Users/fadhil/Personal/ckb-intel/ckb_data/feature_engineering_v2/wallet_behaviour_features_v2_evidence.jsonl,1,3.8896183792588803,UPPER,ckb1qzda0cr08m85hc8jlnfp3zer7xulejywt49kt2rr0vthywaa50xwsq24qy8a3esyfvy8nu68pphmwsn8yaa653c9klmac
PC2,/Users/fadhil/Personal/ckb-intel/ckb_data/feature_engineering_v2/wallet_behaviour_features_v2_evidence.jsonl,2,3.7882942395382964,UPPER,ckb1qzda0cr08m85hc8jlnfp3zer7xulejywt49kt2rr0vthywaa50xwsqwzcjq4mzexlu6h5mrpldplwt6ht8w7ujcfjltsn
PC2,/Users/fadhil/Personal/ckb-intel/ckb_data/feature_engineering_v2/wallet_behaviour_features_v2_evidence.jsonl,3,3.28417781608066,UPPER,ckb1qzda0cr08m85hc8jlnfp3zer7xulejywt49kt2rr0vthywaa50xwsqgxe3ru50ecjjruz4tymv759ztsdff7lxq74umg9
PC2,/Users/fadhil/Personal/ckb-intel/ckb_data/feature_engineering_v2/wallet_behaviour_features_v2_evidence.jsonl,4,3.103081310359319,UPPER,ckb1qzda0cr08m85hc8jlnfp3zer7xulejywt49kt2rr0vthywaa50xwsqd280gcprvtlm89nyxuc2ru9e2tqe0aewcks0h7q
PC2,/Users/fadhil/Personal/ckb-intel/ckb_data/feature_engineering_v2/wallet_behaviour_features_v2_evidence.jsonl,5,2.9314238526607057,UPPER,ckb1qzda0cr08m85hc8jlnfp3zer7xulejywt49kt2rr0vthywaa50xwsqfx7c8l89wcf42vxgajjke9zdt7myeqrdqj6mqm6
PC3,/Users/fadhil/Personal/ckb-intel/ckb_data/feature_engineering_v2/wallet_behaviour_features_v2_evidence.jsonl,1,-5.731173484563433,LOWER,ckb1qpl0dc3xe2dr299vwe6e7zc42rnsex4pptlcjyglahevnkqq6ft0wqgw8xxul
PC3,/Users/fadhil/Personal/ckb-intel/ckb_data/feature_engineering_v2/wallet_behaviour_features_v2_evidence.jsonl,2,-5.378962080509718,LOWER,ckb1qzda0cr08m85hc8jlnfp3zer7xulejywt49kt2rr0vthywaa50xwsqw6hjwylgj9pw0ae8pw0ctke60jpqw6f6slep8r3
PC3,/Users/fadhil/Personal/ckb-intel/ckb_data/feature_engineering_v2/wallet_behaviour_features_v2_evidence.jsonl,3,-4.771378063853022,LOWER,ckb1qr2g8yj3vrjzx2evk20szt5rszmmvykhrn6w0xv3ga4khnmpqu6lvqq3u8mhh
PC3,/Users/fadhil/Personal/ckb-intel/ckb_data/feature_engineering_v2/wallet_behaviour_features_v2_evidence.jsonl,4,-3.0320056370686013,LOWER,ckb1qzda0cr08m85hc8jlnfp3zer7xulejywt49kt2rr0vthywaa50xwsqd280gcprvtlm89nyxuc2ru9e2tqe0aewcks0h7q
PC3,/Users/fadhil/Personal/ckb-intel/ckb_data/feature_engineering_v2/wallet_behaviour_features_v2_evidence.jsonl,5,-2.3059346996613526,LOWER,ckb1qzda0cr08m85hc8jlnfp3zer7xulejywt49kt2rr0vthywaa50xwsqgulzg2h44865y9svyw7s5390npefh3x9qrr8hc9
PC3,/Users/fadhil/Personal/ckb-intel/ckb_data/feature_engineering_v2/wallet_behaviour_features_v2_evidence.jsonl,1,3.3060184168709834,UPPER,ckb1qzda0cr08m85hc8jlnfp3zer7xulejywt49kt2rr0vthywaa50xwsq0259kv0x5jez6h0l5qr52k64weapapgyscsnmhn
PC3,/Users/fadhil/Personal/ckb-intel/ckb_data/feature_engineering_v2/wallet_behaviour_features_v2_evidence.jsonl,2,3.2310336758569216,UPPER,ckb1qzda0cr08m85hc8jlnfp3zer7xulejywt49kt2rr0vthywaa50xwsqd3ele94wtw253dum78vpuuy2rcspueckqp9hktf
PC3,/Users/fadhil/Personal/ckb-intel/ckb_data/feature_engineering_v2/wallet_behaviour_features_v2_evidence.jsonl,3,3.1919244420466284,UPPER,ckb1qzda0cr08m85hc8jlnfp3zer7xulejywt49kt2rr0vthywaa50xwsqd3w85684vvlhfh93nrvkq6rz6ve7xu0ugjyfg3s
PC3,/Users/fadhil/Personal/ckb-intel/ckb_data/feature_engineering_v2/wallet_behaviour_features_v2_evidence.jsonl,4,3.05164293575939,UPPER,ckb1qzda0cr08m85hc8jlnfp3zer7xulejywt49kt2rr0vthywaa50xwsqwrn48zffgqgctt2netwvhcdn3pnznxceg9lhd3j
PC3,/Users/fadhil/Personal/ckb-intel/ckb_data/feature_engineering_v2/wallet_behaviour_features_v2_evidence.jsonl,5,3.003668773164769,UPPER,ckb1qzda0cr08m85hc8jlnfp3zer7xulejywt49kt2rr0vthywaa50xwsqf2pf3uu524tn9umy7g3gchaa6sgamvs4sx454l6
PC4,/Users/fadhil/Personal/ckb-intel/ckb_data/feature_engineering_v2/wallet_behaviour_features_v2_evidence.jsonl,1,-8.337755488717992,LOWER,ckb1qqcratfhhe0whl8n2pyyw9248r9kyw3x7gmkp80jf0ffvagvzgc8sqgdzm4fw
PC4,/Users/fadhil/Personal/ckb-intel/ckb_data/feature_engineering_v2/wallet_behaviour_features_v2_evidence.jsonl,2,-3.7640320821258224,LOWER,ckb1qzdcr9un5ezx8tkh03s46m9jymh22jruelq8svzr5krj2nx69dhjvqgj99jj9hhu3m95gpncj0zqtt8trplsj44sqqe5d89y
PC4,/Users/fadhil/Personal/ckb-intel/ckb_data/feature_engineering_v2/wallet_behaviour_features_v2_evidence.jsonl,3,-3.0094306164932005,LOWER,ckb1qzda0cr08m85hc8jlnfp3zer7xulejywt49kt2rr0vthywaa50xwsqf2pf3uu524tn9umy7g3gchaa6sgamvs4sx454l6
PC4,/Users/fadhil/Personal/ckb-intel/ckb_data/feature_engineering_v2/wallet_behaviour_features_v2_evidence.jsonl,4,-2.701599669059775,LOWER,ckb1qrgqep8saj8agswr30pls73hra28ry8jlnlc3ejzh3dl2ju7xxpjxqgqq9xtegwt8nftvp2sjp83djfqela8e8uxdcxz9a3g
PC4,/Users/fadhil/Personal/ckb-intel/ckb_data/feature_engineering_v2/wallet_behaviour_features_v2_evidence.jsonl,5,-2.512971592195142,LOWER,ckb1qzda0cr08m85hc8jlnfp3zer7xulejywt49kt2rr0vthywaa50xwsqtdjy59w688e9h3e6spw0ypv7k69nl2h6q3sma2z
PC4,/Users/fadhil/Personal/ckb-intel/ckb_data/feature_engineering_v2/wallet_behaviour_features_v2_evidence.jsonl,1,2.7015042418175534,UPPER,ckb1qzda0cr08m85hc8jlnfp3zer7xulejywt49kt2rr0vthywaa50xwsqw6hjwylgj9pw0ae8pw0ctke60jpqw6f6slep8r3
PC4,/Users/fadhil/Personal/ckb-intel/ckb_data/feature_engineering_v2/wallet_behaviour_features_v2_evidence.jsonl,2,2.3155152518558375,UPPER,ckb1qqcz6dvc97r9a097mwdfxc8yq5cw6v4dhrsskshmhecdsvf07l8d7qfg6grazjdwmf9uzf8deshhr9wsn85w2l66e8d9g7gpz0gveu28zv6pk3z4
PC4,/Users/fadhil/Personal/ckb-intel/ckb_data/feature_engineering_v2/wallet_behaviour_features_v2_evidence.jsonl,3,2.272827002767902,UPPER,ckb1qzda0cr08m85hc8jlnfp3zer7xulejywt49kt2rr0vthywaa50xwsqtfs070fqhspjhhzf0l5d2hrpd5hjvzmkgh8p6j2
PC4,/Users/fadhil/Personal/ckb-intel/ckb_data/feature_engineering_v2/wallet_behaviour_features_v2_evidence.jsonl,4,2.214437877861088,UPPER,ckb1qqcz6dvc97r9a097mwdfxc8yq5cw6v4dhrsskshmhecdsvf07l8d7q034hj6qjn294z8gdh63kf30m565mcmkphjxtfee9fly023cx3l8v9w3h7z
PC4,/Users/fadhil/Personal/ckb-intel/ckb_data/feature_engineering_v2/wallet_behaviour_features_v2_evidence.jsonl,5,2.1759217039407344,UPPER,ckb1qzfhdsa4syv599s2s3nfrctwga70g0tu07n9gpnun9ydlngf5vsnwqg92falqnnya92lpxwtsy25nuns2hsundmxq4f8huzwvn54tuyeewq32j0jwp27rjdhvcdctkl6
PC5,/Users/fadhil/Personal/ckb-intel/ckb_data/feature_engineering_v2/wallet_behaviour_features_v2_evidence.jsonl,1,-2.22023403807036,LOWER,ckb1qzda0cr08m85hc8jlnfp3zer7xulejywt49kt2rr0vthywaa50xwsqf2pf3uu524tn9umy7g3gchaa6sgamvs4sx454l6
PC5,/Users/fadhil/Personal/ckb-intel/ckb_data/feature_engineering_v2/wallet_behaviour_features_v2_evidence.jsonl,2,-2.2046569160752396,LOWER,ckb1qzda0cr08m85hc8jlnfp3zer7xulejywt49kt2rr0vthywaa50xwsqwdr5q4rwruykhehd8hn6gxh892wtmdprcw3h3ce
PC5,/Users/fadhil/Personal/ckb-intel/ckb_data/feature_engineering_v2/wallet_behaviour_features_v2_evidence.jsonl,3,-1.9925137335093521,LOWER,ckb1qrgqep8saj8agswr30pls73hra28ry8jlnlc3ejzh3dl2ju7xxpjxqgqqyjw0y2p7ahcysl4qhq97x60svqn29492qpkvy2s
PC5,/Users/fadhil/Personal/ckb-intel/ckb_data/feature_engineering_v2/wallet_behaviour_features_v2_evidence.jsonl,4,-1.6175491277126208,LOWER,ckb1qzda0cr08m85hc8jlnfp3zer7xulejywt49kt2rr0vthywaa50xwsqtcz03jau3958a7esc84ygpk8vj8ad0njcym245u
PC5,/Users/fadhil/Personal/ckb-intel/ckb_data/feature_engineering_v2/wallet_behaviour_features_v2_evidence.jsonl,5,-1.5944067742261994,LOWER,ckb1qzda0cr08m85hc8jlnfp3zer7xulejywt49kt2rr0vthywaa50xwsqgjr2xdh0zyc53jxpwsvwxq5x8y05rmytcewmqcv
PC5,/Users/fadhil/Personal/ckb-intel/ckb_data/feature_engineering_v2/wallet_behaviour_features_v2_evidence.jsonl,1,5.529988040088242,UPPER,ckb1qqcratfhhe0whl8n2pyyw9248r9kyw3x7gmkp80jf0ffvagvzgc8sqgdzm4fw
PC5,/Users/fadhil/Personal/ckb-intel/ckb_data/feature_engineering_v2/wallet_behaviour_features_v2_evidence.jsonl,2,3.816588222382231,UPPER,ckb1qrgqep8saj8agswr30pls73hra28ry8jlnlc3ejzh3dl2ju7xxpjxqgqq9xtegwt8nftvp2sjp83djfqela8e8uxdcxz9a3g
PC5,/Users/fadhil/Personal/ckb-intel/ckb_data/feature_engineering_v2/wallet_behaviour_features_v2_evidence.jsonl,3,3.2540171192553964,UPPER,ckb1qzdcr9un5ezx8tkh03s46m9jymh22jruelq8svzr5krj2nx69dhjvqgj99jj9hhu3m95gpncj0zqtt8trplsj44sqqe5d89y
PC5,/Users/fadhil/Personal/ckb-intel/ckb_data/feature_engineering_v2/wallet_behaviour_features_v2_evidence.jsonl,4,2.6210976556885814,UPPER,ckb1qzda0cr08m85hc8jlnfp3zer7xulejywt49kt2rr0vthywaa50xwsqfkjglwnv0p5h4wujzvz65rekwxmx2d0zsn7yllu
PC5,/Users/fadhil/Personal/ckb-intel/ckb_data/feature_engineering_v2/wallet_behaviour_features_v2_evidence.jsonl,5,1.816205627417202,UPPER,ckb1qzda0cr08m85hc8jlnfp3zer7xulejywt49kt2rr0vthywaa50xwsqd6raz9mkh95xl7tg8ymg7klqz7ns0af5ctkwa53
