PC1,PC10,PC11,PC12,PC13,PC14,PC15,PC16,PC17,PC18,PC2,PC3,PC4,PC5,PC6,PC7,PC8,PC9,wallet
4.321532696520217,-0.1489866633551526,-0.41266226089103003,-0.2778540004645121,-0.15307027397741635,0.2052217354147601,-0.4348843851086938,-0.2832521953313671,0.03916157653881956,0.01309043726553568,-5.56680942201469,-5.731173484563433,1.1122103809672246,0.47681166003532427,1.0618543245737433,-2.0805865082433708,0.5049689874492973,-0.0916002391719692,ckb1qpl0dc3xe2dr299vwe6e7zc42rnsex4pptlcjyglahevnkqq6ft0wqgw8xxul
1.2626609612288715,-0.7512394334403165,-0.2881138168880644,-0.15469619179145927,-0.31375133369410135,0.045830694294690194,0.005507627193711664,-0.0540626193065893,0.03260462813907378,-0.061436889445952395,1.0007409924499604,-1.9751972391297536,-8.337755488717992,5.529988040088242,2.4491268822182173,3.542149302026155,2.262603011214887,-2.1371199883644034,ckb1qqcratfhhe0whl8n2pyyw9248r9kyw3x7gmkp80jf0ffvagvzgc8sqgdzm4fw
1.0085427476492237,0.142123628041845,0.19649675284138496,0.4184210174619942,-0.6129433625901052,0.22137517797017134,-0.08197669962123365,0.00125640856841907,-0.02920420122231452,0.000925170493924807,1.4998373361514403,-0.3712291974022095,2.214437877861088,0.4445581395110683,0.7415869247223205,1.1006675060954858,-0.46754238811296883,0.07217935301536353,ckb1qqcz6dvc97r9a097mwdfxc8yq5cw6v4dhrsskshmhecdsvf07l8d7q034hj6qjn294z8gdh63kf30m565mcmkphjxtfee9fly023cx3l8v9w3h7z
1.2572011124057005,-0.21843805964448615,1.3075979325105542,0.0558041520982744,0.07541094550375123,0.6329846971247557,-0.029058203031089448,0.23507702024222604,-0.04584091665420488,-0.007659811141738514,2.539622145752152,-0.7604164815269401,2.3155152518558375,-0.015187558108476093,1.8157764340516471,1.278449809793531,0.9651278038043349,1.2765715880709476,ckb1qqcz6dvc97r9a097mwdfxc8yq5cw6v4dhrsskshmhecdsvf07l8d7qfg6grazjdwmf9uzf8deshhr9wsn85w2l66e8d9g7gpz0gveu28zv6pk3z4
-0.21026666300059593,0.2712242977655732,-0.023605240828701104,-0.41798880420348317,0.32094042855225624,-0.31889715720556905,-0.07356230614700074,0.07663508881040995,-0.022755872233182154,-0.047842019139714365,0.25420790601536086,-1.819151873048226,-1.7432554682604704,0.004381051666637021,-0.5260042841642515,-1.6072239746535566,-0.9367749775162941,0.4274694477414002,ckb1qqunmue4ncels5qse4j6839yy68h9k27c6cyj7q6j9kxsze3a2dgsqdc96g88lhq0ww27cjlp0j960kqvxlzyyhww4pyhk5ztgzaem7q5s6rs7mt
0.22686072395664356,0.39069158596660725,0.2592899071610707,-0.38621056486885724,0.4235421116741935,-0.20999873217493678,0.01749141799422695,-0.025706804264535633,0.003799948820074599,-0.025317192367043873,-0.14542014957875962,-2.120904788345934,-2.2875024308667005,0.0201925383012332,-0.2801447936344792,-1.461787166968486,-1.480944134091448,0.9686876138751098,ckb1qqunmue4ncels5qse4j6839yy68h9k27c6cyj7q6j9kxsze3a2dgsqvcg4qnx88s32fzxpeldkc9daejv92lx2yupu5ahmqkdhwlhm9qksdws8hd
4.950183180988185,-1.0107254474477148,0.6675074206917679,0.20793419127080942,-0.17840988037771077,-0.06637647570473379,-0.4960656139863286,-0.5444632345162579,-0.056584107905453665,0.0035732770099875873,-6.492063259841894,-4.771378063853022,0.33108826053701124,-0.5506788991736988,0.44298793899973216,-1.207830651458287,1.1830974286132685,-0.5167434811249719,ckb1qr2g8yj3vrjzx2evk20szt5rszmmvykhrn6w0xv3ga4khnmpqu6lvqq3u8mhh
2.8825895204225103,0.08570932553649199,-0.7237189921457378,0.005063020604423003,-0.18333255917765345,-0.16297046072165414,-0.20877753987857448,0.0005686942190699017,0.0010147201181404573,-0.01125930811273514,-1.3899569884173573,0.05217447604770797,0.24794537938246858,0.01197967406291422,-0.5219359884273131,0.8909652925437911,-0.7871965342562758,0.3342689746164927,ckb1qrgqep8saj8agswr30pls73hra28ry8jlnlc3ejzh3dl2ju7xxpjxqgqq8897n3kut095xgled9dpczz0t7hg7w87un0vrnk
1.5374989601832187,1.9503704016980634,0.5335166173904372,0.4678702786194614,0.12274849136402861,0.5767848459708148,0.17863846755133916,0.15579977216825483,-0.3286532195687063,-0.03733880597263422,0.3177186286866901,-0.6302647730738329,0.19251367078611492,-0.873834664382253,0.6325632031747868,-0.43191186647956537,0.5757821100254779,-0.930228973691486,ckb1qrgqep8saj8agswr30pls73hra28ry8jlnlc3ejzh3dl2ju7xxpjxqgqq89qeq8sz02jymcmc8nm5qsfmwyxtvqemvnunp36
3.5504534502444187,1.0824878884582203,-0.3439075031180281,0.3101687712715091,-0.6371731241146745,0.5889893019083156,0.034091398045146326,-0.054324248800324736,-0.08492582164934243,-0.04275957249530162,-0.5621065855026806,-0.0021042314516287056,-0.6801654719962206,-1.4555069967129248,0.489752642842776,0.3650974596521465,-0.06529137502076299,-0.01052851623174467,ckb1qrgqep8saj8agswr30pls73hra28ry8jlnlc3ejzh3dl2ju7xxpjxqgqq89s0k62mh0xf6hn8cc20wunuarrumudx5nwq9uk
1.1580413628388782,-0.44381690148561626,0.20077180134709144,-0.06046241374736238,0.5911435151920562,-0.3867627621143457,-0.15496397425766886,-0.02653732639143839,0.03195020694781146,0.006506330491344441,0.3975141198802692,0.029650876714900284,-1.3960215048222244,-0.7242186985029722,-1.3590506378445073,0.21719072550457993,-0.3784040261727204,0.1807944066801657,ckb1qrgqep8saj8agswr30pls73hra28ry8jlnlc3ejzh3dl2ju7xxpjxqgqq8gauytada8x688zt0makt3pjmdaad6u8uym77ef
1.9914082010421974,-0.7940758386096558,0.27230039749621204,0.16828494959962711,0.0807256214047429,0.08882734676577272,-0.07782562418988992,0.0940551753178241,-0.2654057307933153,-0.015595956965496989,0.8532046428000919,0.5250585407645234,0.003702359230754194,0.14084717258248788,-1.2231293915690693,0.6410372262353922,-0.5774902444770382,0.3440392605215164,ckb1qrgqep8saj8agswr30pls73hra28ry8jlnlc3ejzh3dl2ju7xxpjxqgqq8jjta82sj7lcz5ewruppmfrrvtg9nh4vvg5klxg
2.1414980696839017,-0.34219377043388405,0.032360372457313574,0.0024744744869788127,-0.014417811275555987,0.3788228860423739,-0.08049147403532159,0.2039813676591122,-0.032401148534309,-0.042641967795787133,0.5801382786550161,0.6472768650965519,-0.9206712746953859,-0.5022773518346428,-1.7253576542893074,0.7202527393641778,-0.7301596291419353,0.08280635424795826,ckb1qrgqep8saj8agswr30pls73hra28ry8jlnlc3ejzh3dl2ju7xxpjxqgqq8kwzq44p8ap4zclfc3vfgw5uxqqnegf0u7t0l86
1.2921468367268263,-1.422303107232345,0.16241456897920467,1.0135101701345481,0.9727070987607731,0.21325281473930796,0.6221775703312991,-0.7128269357478968,0.09827970006448587,0.00341046829033876,0.17440173731099676,0.0006853614167827219,0.8381474227360792,-0.24341876010529812,-0.8071803145882078,1.8206676985416135,-1.6684997162281674,-0.9065714714426311,ckb1qrgqep8saj8agswr30pls73hra28ry8jlnlc3ejzh3dl2ju7xxpjxqgqq8t3pqdfg3rnsqe8vgv93d49evdzkvpxcce0ml7v
1.7680119780389156,-0.02956703922067728,-0.711902913985296,-0.07013244425624707,0.03517436344485085,-0.22516647462313805,-0.16136926270147098,0.09272512024690491,0.13113573953454738,0.03368181061046452,1.93419865804708,0.2864322771107623,-0.16437276026688089,0.2824381901037302,-0.9870834740710722,-0.7404200095848487,0.11276772353273005,0.7450767452380807,ckb1qrgqep8saj8agswr30pls73hra28ry8jlnlc3ejzh3dl2ju7xxpjxqgqq92dx9xep8pwxacajpvvlcj4j7tlk9uhng4j74ms
0.7635603533766716,0.024604074139008888,0.08726833579585296,0.377251306358807,-0.27331967522522504,0.11100209287668265,-0.04687044422525756,-0.028669225346489875,-0.019669840294094295,0.009394117023707488,0.7261009742148319,-0.17704605093234885,-0.80573469171197,-0.6515921525409196,0.9395110956175243,-0.023071295283089325,-1.5165570555934988,0.10373271527879496,ckb1qrgqep8saj8agswr30pls73hra28ry8jlnlc3ejzh3dl2ju7xxpjxqgqq94q52uky0frd8sge5jnfwnm89zclmrg35ltra3y
3.2329235761350628,0.43597828175748915,-0.4472048290948163,0.18870315194114562,0.0368966425087131,0.04414216105125193,-0.21790584710542465,0.08981286247446356,0.03211995534342145,-0.03583374722801097,-1.1058982129442274,-0.13277511008608714,-0.8259420692741872,-0.40106566517419373,-0.9809687154538408,0.5260718461737093,-0.30065319815364,0.8098864901883764,ckb1qrgqep8saj8agswr30pls73hra28ry8jlnlc3ejzh3dl2ju7xxpjxqgqq97nlhckh68mupdw9w33xhp4hedejskhxs9ef2y4
3.160125485199033,1.7768081093164145,-0.5114122250377955,-0.14870749632806635,0.001543534370124479,-0.02873612699215686,-0.20309150258312797,0.19832406555907625,-0.01986697669335239,0.01876137388126183,-0.5844873332291642,0.2507616489035605,0.021424457430712706,0.15110619310246426,-0.4499036105563177,-0.04359065005331761,-0.25406436128232485,0.1915977069694397,ckb1qrgqep8saj8agswr30pls73hra28ry8jlnlc3ejzh3dl2ju7xxpjxqgqq9fz7cfu5xla5nd3ay686gm2ajnzh89h8c48k7uz
1.5829752303160174,0.18228729802848642,-0.4795450021626605,0.5008833237617004,0.13103402816714882,0.05668578243005998,-0.07011191112921702,0.14768673874917182,-0.41322391427051425,0.09170932064172323,2.4284094589905623,-0.6028777408692166,-2.701599669059775,3.816588222382231,0.7088164730264068,0.4705016830330812,0.9374974591750751,-0.6185128589166794,ckb1qrgqep8saj8agswr30pls73hra28ry8jlnlc3ejzh3dl2ju7xxpjxqgqq9xtegwt8nftvp2sjp83djfqela8e8uxdcxz9a3g
2.7251751331212146,0.28895679432432825,-0.4331196648800206,0.24808328578985278,-0.17790683028223442,0.075576539797709,-0.21214011521023882,0.16135432160667246,-0.008492089979300574,-0.03234949252988455,-0.8364043074223448,0.4991785104943235,-0.6608120623466934,-0.47001748768823953,-0.6576324185673024,1.0023023843054775,-0.8125904469626714,0.5966602472252694,ckb1qrgqep8saj8agswr30pls73hra28ry8jlnlc3ejzh3dl2ju7xxpjxqgqqxvxkq3zapxvyv6qktfyhq84puycg59s2q0smpl6
-0.20652596023379763,0.2776477561191871,1.116920185843356,0.2628664332880447,0.07504235223120874,0.32020160528190234,-0.09322395803118778,0.2330897119586872,-0.040677428784776745,-0.003644430131693176,0.3711887992129607,-0.6576240560063716,-0.4729079689535673,-0.3366184335178688,0.9123489742694328,0.23102001514395173,-1.6902288489565662,-0.3416335763212133,ckb1qrgqep8saj8agswr30pls73hra28ry8jlnlc3ejzh3dl2ju7xxpjxqgqqy5z928yw33t5enjqglmeq7w23dk99q7qvm3yvlr
2.9764243243640522,1.2985309831933645,-0.7550626485513566,-0.17646007105518313,-0.07787686225193088,-0.07894193290656146,-0.2757891566123816,0.24779077044286485,-0.016322180596395612,0.022513738388078765,-0.7822043359950701,0.20997956246603083,0.18856863380041228,0.18077957730561903,-0.44039564935108017,0.07662008486135925,-0.34274020944511757,0.20127897204558368,ckb1qrgqep8saj8agswr30pls73hra28ry8jlnlc3ejzh3dl2ju7xxpjxqgqqydhfg585sfcxu5gpaqs5sme8rn30c5yagaawuq2
0.846748183510651,-0.951428717865753,0.6269604661448865,0.06316869148876626,-0.09856696371932563,0.04659206489206586,-0.09844692473507625,-0.07950643551646176,-0.19118944032998267,0.005190856980670443,0.06906176642031028,0.034520174606004934,-1.6929375953360677,-1.9925137335093521,0.5438373795793893,-0.10697185908842544,-0.4359992813198482,-0.7566611949186713,ckb1qrgqep8saj8agswr30pls73hra28ry8jlnlc3ejzh3dl2ju7xxpjxqgqqyjw0y2p7ahcysl4qhq97x60svqn29492qpkvy2s
0.8359437435716355,0.34910857348163293,1.1317270289898254,-0.3660613632443955,0.6180160158827321,0.13101927981014,-0.332236082678376,-0.2778076556230958,-0.35834932375641476,-0.029548270641486917,0.05318789089121992,-1.1547808882994464,-1.5844463095956887,-0.485161290711114,-0.3207983563005907,-0.37420730075447944,0.13033327202476716,1.0706370289200675,ckb1qrgqep8saj8agswr30pls73hra28ry8jlnlc3ejzh3dl2ju7xxpjxqgqqyknjsdgjmz9a475mzuledqlm82yujj4vu8xllec
2.862294353061388,0.022066440302934445,-0.7503755576068646,-0.013141820323468095,-0.19827796666214445,-0.18975127066558975,-0.21904443366291762,0.0019823038047967955,-0.0013908972759180218,-0.005016556887273337,-1.3952097096362956,0.04440086260962794,0.2748643203002875,0.02083950828545333,-0.5217890020628083,0.8826617536192133,-0.7943449391574621,0.31873828184433534,ckb1qrgqep8saj8agswr30pls73hra28ry8jlnlc3ejzh3dl2ju7xxpjxqgqqym5d4n465eu93tdcz5sycepdkatjahp9uwdcpfy
1.1877470562576686,-1.500558466156335,0.38730802702927464,0.980553168498728,1.2301645707442448,0.10106206022664128,0.554697676809491,-0.6473836266468531,0.10093647991813602,0.0076389564429980815,0.14606055401123189,0.03425813986473709,0.7917589215919638,0.01669128012372861,-1.0389694824251094,1.6294073401301739,-1.530256084906519,-0.8046112635435356,ckb1qrgqep8saj8agswr30pls73hra28ry8jlnlc3ejzh3dl2ju7xxpjxqgqqymvu6d289ggsyudpamr4g6ayz62gpp34qzy30vs
1.773061814230505,-0.5708933698620058,-0.8002133617025177,-0.2625970610935765,-0.16644418963123384,-0.22232636553693763,-0.052848986027700835,-0.012487662709278221,0.07792667635228243,-0.01928355151461189,1.4515915811343834,0.2236208379515935,-0.25908485026189537,-0.27892475611050555,-1.5860563195063277,0.09023546267827287,-0.052714958633246725,0.26801235782581484,ckb1qrgqep8saj8agswr30pls73hra28ry8jlnlc3ejzh3dl2ju7xxpjxqgqqytevmf523qgwexunz0pf59ysl6dvxvvusuft43p
-0.028589901538283388,-0.5995397185769765,-0.526965308194391,2.553242533413912,1.7865371301386064,0.7712353155614483,-0.28633786297115527,0.7140943360977846,0.0031607869628262476,0.0024485077169689243,-1.3756485432977756,3.3060184168709834,-0.030849162919645935,-0.12282140916104015,2.1838664808496344,-0.949140624156627,0.4585386367958915,-0.09634954093819437,ckb1qzda0cr08m85hc8jlnfp3zer7xulejywt49kt2rr0vthywaa50xwsq0259kv0x5jez6h0l5qr52k64weapapgyscsnmhn
-1.8336149371445307,-0.029886274885281453,-0.44067860893491023,0.12085726257886988,-0.0995098239779654,-0.2063987125957915,-0.13934117219432404,0.08889862150825456,0.014443624971694989,0.010834446767072313,-0.9787715517369107,-0.010337774820622626,0.10783638900323969,-0.17402799981548248,0.04686218498361874,0.4804245774030814,0.026822225465765574,0.10140106892086681,ckb1qzda0cr08m85hc8jlnfp3zer7xulejywt49kt2rr0vthywaa50xwsq02lstf96jmmavf7uln9acpkedt2clz3tqc6chk8
-1.4883472504053739,0.3304554346076707,-0.21907058845647742,-0.05845964762639188,0.05526129190886993,-0.32518981524876134,0.10882133088487066,-0.12576914943238002,-0.04258797390393683,-0.021992080920803132,0.650511083427799,-0.8001058083693112,-0.5371793285406922,-0.7783637911855794,-0.24216317396499745,-0.556616075856247,0.28676623828694353,-0.5465578294992794,ckb1qzda0cr08m85hc8jlnfp3zer7xulejywt49kt2rr0vthywaa50xwsq03z3ekhq3qhe4tz8v5kf3z08gxphswumg02rsqc
-1.587626966751169,-0.6878492741776496,-0.4991103204253081,0.02820014400427241,-0.3400027540268432,-0.42120303767535927,-0.1986921227374094,0.06470648227469179,-0.04463269672350273,0.0028311260701518013,1.167637929096509,-1.004662762584483,0.772571656032585,-0.6021895850683161,-0.29645005735104507,-0.3668732510886694,1.1684976265491493,-0.5730065624107195,ckb1qzda0cr08m85hc8jlnfp3zer7xulejywt49kt2rr0vthywaa50xwsq046dyalzv28h7wt8fqzhhskeedyh6fpugkydwwj
-1.4865338650651516,0.7252172088147945,0.39384294721744034,-0.29306553033506844,-0.37311586232023153,-0.029921583541977295,-0.015611984067791606,-0.07176050640969303,0.022761215924856276,-0.00047273114477534823,-0.770755022428592,-0.10355341015179807,0.7575710296423315,0.26464385964023973,-0.40088897326743034,0.8353123191166522,-0.050759609344959766,-0.3708168244848876,ckb1qzda0cr08m85hc8jlnfp3zer7xulejywt49kt2rr0vthywaa50xwsq05uu85tpqrf75arfkskcnwjsaj5f6c05qtmqdm9
-1.8214867115631976,-0.021873221977309325,-0.43315501422254804,0.11258345794155614,-0.08277634187279567,-0.2504711480671385,-0.14827130331890126,0.0914632833445062,0.00814674058759255,0.0091762319725149,-0.9023038049757759,-0.06334255788103714,0.17632911558672637,-0.16762426286454674,-0.029689211621308786,0.4538596062837714,0.000427873058210584,-0.05408786068417105,ckb1qzda0cr08m85hc8jlnfp3zer7xulejywt49kt2rr0vthywaa50xwsq07j9vt4j4pr582tmmhg2r25g09e8lqhzq67lmrn
-1.3797629096335582,0.1376837224110899,0.3905895522643859,-0.3193531826049966,0.01072126278914247,-0.2771718928796697,-0.1513535815689278,0.018760617149963913,0.0416101957927243,-0.0019465021225654208,-0.7685445811175021,0.009873250512842855,0.9721080014329506,0.9823580987828696,-0.8893758217649368,0.627145068606114,0.037565489476335034,0.10298096151173047,ckb1qzda0cr08m85hc8jlnfp3zer7xulejywt49kt2rr0vthywaa50xwsq08np8nmp86cyutmm8glcmp36udhrkquhgpeccr6
-1.8458236008128934,-0.14753736884480043,-0.38502390901788386,0.134760591145285,-0.09729691449542884,-0.114460746958866,-0.0027018278454812414,-0.05794181411494896,0.026073856356113055,0.009459258337086896,-1.2760933353021722,0.12452798181221311,-0.5031824726288472,-0.31139512754476945,0.29935182864485677,0.4590000267037115,-0.14283321330641618,0.5827311239140838,ckb1qzda0cr08m85hc8jlnfp3zer7xulejywt49kt2rr0vthywaa50xwsq08nxknd7g5pzwe9mmdcqtqfs5f8ckh8fq34kxj8
-1.379076309512535,0.4234144014959256,-0.14108506036090446,0.20578126892270346,-0.07786387399936244,0.008732981899501432,0.12763360613104568,-0.20546274086147476,0.02244619153566203,-0.010205512268177558,-1.8922671577044223,1.1547434822903655,-0.9424210059949432,-0.8540149527722837,0.2040973274296876,0.9865229243066564,0.8128649688453833,0.9091721124812057,ckb1qzda0cr08m85hc8jlnfp3zer7xulejywt49kt2rr0vthywaa50xwsq0anafacyafq0j2rek0jx5rztanvvw9kcqdtkwna
-1.6244454003150819,-0.40612820252149673,0.3587003973531959,0.2366674099261902,-0.30341439913202417,0.7408044917536581,0.014952531669162356,-0.01689643070486163,0.036714258828670646,0.009249767439923525,-0.584963869716435,0.4233040452077822,0.06410021102494046,1.3919966727876778,-1.2367433789260114,-1.0843819736179605,0.03264326300827608,0.11276058488945037,ckb1qzda0cr08m85hc8jlnfp3zer7xulejywt49kt2rr0vthywaa50xwsq0c46k06e2fp7rg9aq9yqxwaat763nrpegmdg0qn
-1.0716045008842754,1.0587327392745685,0.34276417597098524,0.3590343450562487,0.22630499511371988,-0.2263042475190297,-0.03303596926158451,0.03912860918223817,-0.023964351846822517,-0.045208696089479146,1.3903418910281595,-1.1536323924226894,0.6685076664370543,-0.45113642936141424,-0.5812244103626034,-0.040967354484241325,0.6429564925573787,-1.0195460897560578,ckb1qzda0cr08m85hc8jlnfp3zer7xulejywt49kt2rr0vthywaa50xwsq0c46rcy6f2qav3ddfgv2540mz6vl7knlc0pl0a0
-1.313981383684824,0.46224203102375233,-0.4612465631340507,0.7807502440973534,0.7580979781327267,-0.6804259882363592,-0.2785509489042992,0.2760664479307935,-0.038264556178784936,-0.01556626960282776,-0.031343614253913216,-0.28885386994585777,0.3938109343527855,-0.6303699378178385,-0.12186716259201079,0.4944169008959172,0.41164107144058204,-0.6040116831631321,ckb1qzda0cr08m85hc8jlnfp3zer7xulejywt49kt2rr0vthywaa50xwsq0cl8tlydpzpp6wzeuzfsm926sp9m0rpqqt2qecr
1.4615893438646341,0.011846294349244134,-0.9720175170134475,0.09165530791821862,-0.6835833905926757,-0.2830469167213129,0.3571301450979116,-0.6897899099676083,-0.04936065187465122,0.025164837025742227,-0.7049569889640496,2.991562713743809,0.813416015243818,0.7902662345666875,1.2792016447375418,-0.4450204959998765,-0.7000632947661859,-0.017261634625642466,ckb1qzda0cr08m85hc8jlnfp3zer7xulejywt49kt2rr0vthywaa50xwsq0fuqrqqcykvepusm4st0asqya208yzxcgcgewm5
0.8534059638403597,-0.14034731278119175,0.13871721418209326,0.15766086203320248,0.15931688429365576,-0.4660077590145119,-0.18848157139354696,-0.04459631768612474,0.02507970945045031,-0.0018835400799188974,0.9268908887807169,-0.25761903234390343,-0.8038776001466789,-0.43283117247608777,-1.4784387048436212,0.15700204444612095,-0.17643428115356216,0.10711425662711402,ckb1qzda0cr08m85hc8jlnfp3zer7xulejywt49kt2rr0vthywaa50xwsq0k5jc20yyf62n2879zxymntrhyke0zg9crdzqfz
1.6474485536874768,-1.2427730715030296,-0.4786686348303242,-0.27963906352267365,0.056553376380509765,0.034600242596807246,-0.05597687545020836,0.12478523632796873,-0.027514898429192837,-0.027706285051223002,1.2318287821269407,0.2452570055666776,-0.644417035604674,-0.714078693400588,-1.684037775123787,0.02070443174436366,-0.21724280681282604,-0.3437682811821474,ckb1qzda0cr08m85hc8jlnfp3zer7xulejywt49kt2rr0vthywaa50xwsq0p80per28ltwd4sm2052pjt4z8unckpucj6e5pc
2.1047725260683565,-0.32833500079141226,0.8778449827442987,-0.047417516085013746,-0.6598511708961536,-0.2576424109210239,0.0051470320515661265,-0.2314487137717005,0.04889613434979103,0.050964635780041866,0.29735498728578535,1.27970918299587,0.6200497531400413,0.08209636118505818,0.5920332115467233,0.626256149588645,-1.0503090807931068,-0.4027460343703192,ckb1qzda0cr08m85hc8jlnfp3zer7xulejywt49kt2rr0vthywaa50xwsq0rljzn0julrpp9l3fgmm9r9r4jz8rax7sgvagwh
-1.7712968547118655,0.2263795200675247,-0.25967556957752364,0.24986173162919553,-0.11284191232441011,0.13165212474913884,-0.07857151549302697,0.09099942032310418,0.05395705010441461,0.012150091020956136,-1.263704809224356,0.18040448752900307,0.03516552268608296,-0.09048068967107639,0.04027466497348619,0.7127845243052682,-0.009690585235480956,0.320949976564976,ckb1qzda0cr08m85hc8jlnfp3zer7xulejywt49kt2rr0vthywaa50xwsq0rrr3az2mu0ncjeqj26du5ymfhtq5l0gcv2rv08
0.32450390003537777,-0.6504338412353207,-0.3055332559842692,-0.4346095446270989,0.5286502946589433,0.28225936435582943,0.13612266804916148,0.025472753721379592,-0.10900824955449197,-0.010411824233503902,-0.47406060217480794,2.1368501176470205,0.43853907946613724,1.5367022863569315,-0.6736194845816397,-1.1403712853995802,0.2511298076964982,0.34715828712408214,ckb1qzda0cr08m85hc8jlnfp3zer7xulejywt49kt2rr0vthywaa50xwsq0sc9f6eqnjfm8tn35nxeqtnm43x6aljdqj45cke
0.3493920389323461,-1.1982772513498188,-0.03678198931053961,-0.32330239920928333,0.2789362742071222,0.19788545368130647,0.6246185220355784,-0.5916404682883947,-0.08818118699379848,0.004402538646289768,-0.9210438404806222,1.6842473347984823,-0.6208401395902305,-1.4645576607040967,1.044552893417895,0.6575566947255885,0.11021589030239137,-0.3312842730495448,ckb1qzda0cr08m85hc8jlnfp3zer7xulejywt49kt2rr0vthywaa50xwsq0smcdjfuapeu9zuahwrsrtp4qetjgngpg5xr5fq
0.8822040836230214,0.804728966005013,0.28037467635830354,-0.18276466675075728,0.003246481307508557,-0.12333379262844897,-0.008523635382596586,0.03717435590489981,0.1195897046246265,-0.027057409058036292,-0.3391837025434062,-0.3788893870818553,0.6502105919555473,0.672388064953474,-1.274321324597467,0.5851253666267969,-0.5166341095748244,-0.20029179647015039,ckb1qzda0cr08m85hc8jlnfp3zer7xulejywt49kt2rr0vthywaa50xwsq0vqkp4e093a5e6a2t3k08excpc3k74d0qpe0lt0
-1.8488439896642719,0.10871750823138994,-0.08012387760861961,0.2050899394020128,0.06404097207897907,0.027347481874480797,-0.0947247990472463,0.12905561461541407,0.05451816662515233,0.014267875310137451,-0.6114535434049414,-0.7128747202940868,0.4401232383700304,0.3796414790252785,0.019632124406489683,0.4546896012893045,-0.9436214388908989,-0.12739674834165302,ckb1qzda0cr08m85hc8jlnfp3zer7xulejywt49kt2rr0vthywaa50xwsq0x3yrv8qls62mqeylsvmzp5cqpmvy8quq7autul
0.016280474249777837,0.015330139599744831,-0.06518218752101156,-0.792591690431838,0.8540553577100746,0.2699808851565113,0.3392212274515287,0.1150267924469012,-0.04246484841934407,-0.007859021403211014,0.8007881790961107,0.3640977451874534,0.26296151031450554,-1.3059615893441447,0.6027841817455026,-0.112324060212835,0.2685152328388583,-1.6591150922385982,ckb1qzda0cr08m85hc8jlnfp3zer7xulejywt49kt2rr0vthywaa50xwsq0xm5pnqls5mls030v7q9l2k5aksglcvjgge7vq8
-1.3222943136926175,0.7185898005280488,0.11448867894347631,-0.05690868416487273,0.1551813158959226,-0.17818018912791833,0.10554681181303925,-0.003880685767692317,-0.7774839704590303,0.1576161149771782,-1.3996595516449244,1.1179508877029884,-0.5407276162762488,0.43047946924344005,-0.7283667156513122,0.09599766485027927,0.9224793160494508,0.9723592998387011,ckb1qzda0cr08m85hc8jlnfp3zer7xulejywt49kt2rr0vthywaa50xwsq0y6r5a4py64gccqrd77qvuhr8v3d2xfjcnrz45r
3.0410922152005373,-0.0028649296638139183,-0.4967814791734912,0.0038696783905614717,-0.3465752142215602,0.09381779708892043,-0.06922867905627132,-0.14040125422184566,0.009426259598168544,-0.011064569395626592,-0.9751167727560583,-0.02075509830634035,0.04664160917111271,-0.11987703517816788,-0.5920228816818285,0.5949096142037053,-0.5321160299013145,0.35872912045502864,ckb1qzda0cr08m85hc8jlnfp3zer7xulejywt49kt2rr0vthywaa50xwsq0z6h6nlju0mcdp0ny0sx77tmu6j2700lqkdeakp
-1.4635032977472846,0.24530665536529442,-0.3900245652687133,0.0006392580005616825,0.2672548418598808,-0.09870820980705648,0.019220319612948244,-0.02844988927544345,0.02607952006289668,-0.01090121868598303,-2.0811688693161203,1.218421265417385,-1.0252666852522,-0.343627080266979,-0.4901410863938673,0.906471820160139,0.9989331131348389,1.4810825761814506,ckb1qzda0cr08m85hc8jlnfp3zer7xulejywt49kt2rr0vthywaa50xwsq20u0ncxwckqw79c9f9kev5mlckwsmj8psnrz4u4
2.316116880352679,-0.40577900634171105,-0.38609085847601493,1.2182100439566075,-0.2404150928198322,0.01976139606350022,-0.1605525520877944,-0.04655013212003928,-0.006242511796194102,-0.12827555742042845,3.8896183792588803,0.8451946138570055,2.053297356070979,1.4905394955516107,0.9946538746179029,-2.118672080090014,1.6609468829401672,1.4863024168446932,ckb1qzda0cr08m85hc8jlnfp3zer7xulejywt49kt2rr0vthywaa50xwsq24qy8a3esyfvy8nu68pphmwsn8yaa653c9klmac
-1.574655155548246,0.21392890316393012,0.48394059214551344,-0.11234533783004452,-0.4300532507902699,0.2668493303149669,-0.0738854951208952,0.025393182766868513,0.06119380619461059,0.0034331207522171354,-0.38125157240930496,-0.66588763124874,1.4890051278946155,0.6921179708863167,-0.7731683185809837,0.8155091841487403,-0.5481923113222201,-0.9725961273730735,ckb1qzda0cr08m85hc8jlnfp3zer7xulejywt49kt2rr0vthywaa50xwsq258cy8km6ddpzdassg6ksjqjvdr3c0aeqavzlpd
-0.6772113991819846,-0.3449576797710922,-0.7223273291605363,-0.3428228567892519,0.05260190159164185,0.060601544389482606,0.059304670254662434,0.10293103688908439,0.0007851098095489786,0.005997042636315371,1.1187056739317551,-0.2921494247077981,0.367084220419761,-0.8162547266867812,-0.025867077333575506,-0.20103990295481783,1.2677474745332526,-0.021081487270319055,ckb1qzda0cr08m85hc8jlnfp3zer7xulejywt49kt2rr0vthywaa50xwsq270p8pvg8y2nugwcsq9syredeq5ee5mxq2x87jl
-0.19087851658832097,-0.24062637515807908,-0.4105565084415669,-0.5788708759801624,0.6750390703585388,0.3725275243718337,0.058017327457465344,0.3740741703016455,0.015297554457643948,0.02324566084583185,-0.39565912916649154,0.6410222877593643,1.324601823452433,-0.24332966119976143,0.9165569854916559,1.0615258847555336,-0.3376036340962042,-0.5814684594446319,ckb1qzda0cr08m85hc8jlnfp3zer7xulejywt49kt2rr0vthywaa50xwsq28ps4hf8swzexa6ky8dp2q540tsrvz60qt2wtqk
-0.3491555259805634,0.6231067311342866,1.2796990534470867,0.3321120149433867,0.05915101988733557,-0.2996449489729847,0.3162913175547862,-0.5751061743166767,-0.027792341422143787,-0.01890785999873863,1.4081631540158686,-0.8323392248965656,0.11291510048670919,-0.8668913578437304,0.15136907936257213,0.6091454142139057,1.3597982705896625,0.5171962034080924,ckb1qzda0cr08m85hc8jlnfp3zer7xulejywt49kt2rr0vthywaa50xwsq2da0jqygw442724a22vmvse55pez5zw4qtj3mmg
-1.2040515663481286,1.1082818839591642,0.3887067717717956,0.2572624083499127,0.09361126339870472,-0.03189382702811812,-0.008086373204360895,0.02171641899754021,0.008878923780883818,-0.02131784343105574,0.4092573633668729,-0.649466241881308,0.5848644734799103,-0.19723677614499724,-0.5298611189126372,0.3787894332732389,0.31428816423164,-0.7380874683563484,ckb1qzda0cr08m85hc8jlnfp3zer7xulejywt49kt2rr0vthywaa50xwsq2dn39wdkj33e7v03mx3mg6raqh365hpnqp2nq6r
-1.1920451317209324,0.2799505590807555,0.10422865758169209,-0.4256904085572261,-0.3259694385256511,0.020073653090229494,-0.012129750232156327,-0.02981285871497678,0.039195085741352303,0.010454967583351188,-0.7293149350940157,0.01122981327811486,1.0441564866979274,0.382260092376253,-0.27019820422333296,0.967531704484777,-0.17222945801427714,-0.20582674216508853,ckb1qzda0cr08m85hc8jlnfp3zer7xulejywt49kt2rr0vthywaa50xwsq2evwcurnqel0euyf4s2pgkut48dgp7fsg3tdhrk
-0.28200488360586873,-0.004941130644457413,0.1734154876410183,-1.282767003851489,0.8268906046205016,0.4885956756633318,0.13845272989446203,0.3672815111979409,0.05890156639117671,0.006727318980866702,-0.23292329026668163,0.30227299309125355,1.2491998981922081,0.2667807182108295,0.0029690727956863624,0.9609297608838916,-0.21219943570070032,-0.4337141551127882,ckb1qzda0cr08m85hc8jlnfp3zer7xulejywt49kt2rr0vthywaa50xwsq2nku3pd5gl7m6pp0cdx7m9gk2t9pswywqcqwjch
-2.341116872354603,0.0421556241273376,-0.38100754802900677,-0.14560696584225238,0.3467369402563399,0.16924280856166393,0.26508581987301566,-0.05772860309958371,0.08761634537649585,0.011054952982916783,-1.0738088619782642,-1.047439759818547,-1.8469832570199114,0.3014659160382583,1.477989758023818,-0.4246094859570579,-2.384999788571713,1.7468381857139461,ckb1qzda0cr08m85hc8jlnfp3zer7xulejywt49kt2rr0vthywaa50xwsq2pnp7gglp8clvahem5mpf7wmr0pjk5krgf4lwf2
-1.6648703213002003,0.2830929784900507,-0.5870096130266872,0.1018018306578926,-0.11717891087001091,0.10008402256252566,-0.05287037632135568,0.08077523447964839,0.04173293672826582,0.0026840885088133914,-2.1123820381591827,1.2271261880209137,-0.5898853798043197,-0.6012201417090605,0.32958896943738525,0.9581224361637,0.7905509799100463,1.0029737887367218,ckb1qzda0cr08m85hc8jlnfp3zer7xulejywt49kt2rr0vthywaa50xwsq2qjj3mqkrdhzuga2qfzf72ma38xhpsaasfj3trw
-1.9399003071017493,-0.051483519987073706,-0.6316897464074555,0.08109682713872882,-0.13959046293058758,-0.06257314702751605,-0.08150593981900836,0.07919933134690506,0.0271490990893641,0.009965870143133283,-1.3348403625660472,0.2766287652180622,-0.41532905448952473,-0.3444004380184768,0.24071630488761547,0.383833620339105,0.1038876573347667,0.5146709478536738,ckb1qzda0cr08m85hc8jlnfp3zer7xulejywt49kt2rr0vthywaa50xwsq2qtfq8zdd9rs86hslwh8j4h8qjk6r3e6s0k50ul
0.5388438485725554,-0.0032851316320662996,0.401627617489493,-0.37101255131143684,0.3212746423176454,0.00875953377411236,0.015835722186132686,0.13126629339670598,-0.02420356136816345,-0.026080589561192417,1.5001617529566298,-0.5246088538559313,0.7620143850363313,-0.46983658458281036,-0.16024781009944675,0.580378786359587,0.33621954015589245,-0.23814557505721795,ckb1qzda0cr08m85hc8jlnfp3zer7xulejywt49kt2rr0vthywaa50xwsq2rsu67gzxhacdwpzfyc0gc5q9vgr6aztc6y5n8c
1.7301035848593134,0.35938929521712815,0.221782752820204,-0.017289266707262815,0.5366674792332243,-0.3350507780917283,-0.08670394437551343,0.03770943975561059,0.18026028023793703,0.057608725628956976,1.9807697274267217,0.41175613500042785,1.19265930723782,0.9662586358925785,-0.38240724539968257,-0.2723600859447577,0.28161070496023705,0.5312182638399136,ckb1qzda0cr08m85hc8jlnfp3zer7xulejywt49kt2rr0vthywaa50xwsq2sfv44lf5g89ha2q296zqm8savzcyqxlsulsx6f
-1.9395803246768744,-0.8653283508862676,-0.7670316025391798,-0.0671400850944375,-0.20336152179127198,0.17826327453634308,0.29388873241090613,-0.2501821680649219,0.008907892540385338,0.0029879502109308098,-0.08800135477177377,-0.5138806189019132,-1.7305574510518127,-1.0675577381508978,0.10827281531720656,-0.9913818687703245,-0.029131569853098543,0.26241008566140595,ckb1qzda0cr08m85hc8jlnfp3zer7xulejywt49kt2rr0vthywaa50xwsq2uxysa465m2k0hxh4zefzd2k5j36dly3gxkjc57
-1.9312256993271064,0.21588022651927782,-0.46503014960434735,0.17612675053448365,-0.11680881717204433,0.28841795144140897,0.0046383446467829015,0.07675132184712051,0.07196216900650285,0.010669541011395205,-1.6395625864752952,0.3904004931643875,-0.6595190104724187,-0.21929696511944147,0.4069208561245028,0.5437966297209886,-0.11234559775955888,0.9428973885922728,ckb1qzda0cr08m85hc8jlnfp3zer7xulejywt49kt2rr0vthywaa50xwsq2vr8y8dws0jkz062k8vlpafpu8x9rucvcggdkr4
0.04232461296091364,-0.04610780533915152,0.6945118616083553,-0.5004546378009559,0.5772608010746264,-0.2958261642832276,-0.09279467290849108,0.07697748060012465,0.14871258215597993,-0.024784544689938896,-0.733524706415581,2.3458288992670004,1.1746089229528915,0.8446908808432817,1.671722629131345,-0.7229825851261585,-0.0379893983624224,-0.7672098673352752,ckb1qzda0cr08m85hc8jlnfp3zer7xulejywt49kt2rr0vthywaa50xwsq2yg6kr7zvjzw0ts2j7qtkd6jzr2kq3g7sdh3azr
0.19480435631104534,-0.6948752219336216,0.17325278599682184,-0.1672957196711089,-0.24964228106959993,-0.42875276213727526,-0.4152935784569,0.2637366196496331,-0.04454439479081345,-0.012310887270143452,0.011840417163577498,0.1394694440930837,0.15067211809298348,0.9816663162611566,0.05630500406996358,-0.11894424355445128,-1.506902683076856,0.5214795075112318,ckb1qzda0cr08m85hc8jlnfp3zer7xulejywt49kt2rr0vthywaa50xwsq2zuyw4u22256gp6v8s6na4p7esyg4h74q68r5ue
-1.2047655333751959,-0.49369105751316256,0.8323911317641525,0.1940004752449255,-0.05831585364644824,-0.2258757983910975,0.157171302794814,-0.2896757184548326,0.030030814957756453,0.012046118447511488,3.103081310359319,-3.0320056370686013,0.28494121168401165,0.03862595352249195,1.8014064849675926,-0.56564361459311,0.21187560859463606,2.2590235081386556,ckb1qzda0cr08m85hc8jlnfp3zer7xulejywt49kt2rr0vthywaa50xwsqd280gcprvtlm89nyxuc2ru9e2tqe0aewcks0h7q
0.8227913391205703,-0.5143966906346557,0.33347962096565736,-0.23855259350782995,-0.5091693946637842,0.11154200505280312,-0.49763429188419533,0.506671721445018,-0.07883633295941954,-0.08141180880278673,-1.6558222430995195,3.2310336758569216,-1.018848998306925,-0.6344065442708692,1.6718205618633633,-0.2561732636644431,0.26006814488707525,0.4453694423636075,ckb1qzda0cr08m85hc8jlnfp3zer7xulejywt49kt2rr0vthywaa50xwsqd3ele94wtw253dum78vpuuy2rcspueckqp9hktf
0.15540180586595664,-0.07597339366673782,0.42742620807626924,-0.3348683692169938,0.07797775740723321,-0.1778466362455802,0.11569707795861185,-0.25132998649737365,0.020448992637762654,-0.015959665357326593,-1.4733148395616213,3.1919244420466284,0.26195668725271004,0.5034144029991688,1.8790617867311723,-0.7560220889525252,0.27822029599690973,-0.008929302374410177,ckb1qzda0cr08m85hc8jlnfp3zer7xulejywt49kt2rr0vthywaa50xwsqd3w85684vvlhfh93nrvkq6rz6ve7xu0ugjyfg3s
-1.6592258984051662,-0.37003021940147585,0.34756559037538937,0.18929730151968505,-0.25759414133199043,0.7443249524694915,0.01892712101269403,-0.03313614492392952,0.2000888888783603,0.011976631255961458,-0.5073983625220309,0.31042205669133116,-0.11166068741964266,1.3975756887967126,-1.1370070931723881,-1.222972173447352,-0.12592810446477637,0.20411820152563406,ckb1qzda0cr08m85hc8jlnfp3zer7xulejywt49kt2rr0vthywaa50xwsqd532x7yagmmqne0jkrwggysarh5kufcjgp5ry3g
-1.5118115185199423,-0.3845262316978503,0.6017450095641306,0.3676109710811614,-0.1532912132647484,0.3236916300960675,-0.03256338969987177,-0.06742646081406509,-0.15472819125638537,-0.013074989717532275,-0.2495759722869162,0.4625628625888567,0.18228252376018356,1.816205627417202,-1.0177007906554434,-1.6997953649505657,-0.20023642016624285,-0.07498643878563008,ckb1qzda0cr08m85hc8jlnfp3zer7xulejywt49kt2rr0vthywaa50xwsqd6raz9mkh95xl7tg8ymg7klqz7ns0af5ctkwa53
0.9894763449258476,0.3871093983925912,-0.26609484562354974,0.23002944163763928,-0.4552009894487658,0.5025597000328585,-0.15959963751380352,0.3646676988363908,0.12288436943108028,0.041352780107541266,1.0713833477117696,0.6525017297458615,-0.9739881939400571,-1.2620890573667394,0.5382652265430143,-0.8418865333301434,-0.3747743793230038,-0.8659317683791097,ckb1qzda0cr08m85hc8jlnfp3zer7xulejywt49kt2rr0vthywaa50xwsqd9ec9tr57qedasftglxrgq9yl657ym3yqddeg6p
3.3889275567487305,-0.4775961247413688,0.8884119505580619,0.6335305766263326,-0.8154795055687937,-1.1366455558208879,2.528893929893955,1.8057233584818406,0.061710738350270196,-0.002494675151219762,-4.123374946717265,-1.7788647031030154,0.10547334859050098,0.7024843384877499,-0.6511702503061456,-0.8905693730504056,0.6590414818274934,0.30721475919875013,ckb1qzda0cr08m85hc8jlnfp3zer7xulejywt49kt2rr0vthywaa50xwsqda5zj9fpg255n7vz04eqkzlles8z72susenvew6
-1.620138096160809,-0.21660930536670148,-1.116842182557051,-0.16137026588119918,-0.2807664131113498,-0.20096379948620333,-0.012774303140574523,0.02194465259956395,-0.04212173905987201,-0.00684032419661493,-0.1480122929154186,0.2955115535212859,-0.7488801066493933,-1.2837490096862512,-0.2747736088706367,-0.5121620653260325,1.4098947249271545,-0.20499751928414528,ckb1qzda0cr08m85hc8jlnfp3zer7xulejywt49kt2rr0vthywaa50xwsqdak37z6wn6w6aea983ruzrfl8yweej95cfkzyn9
-1.3247816248716473,0.12841632565882094,-0.12355336521066483,0.660992631894321,0.37906178464354046,-0.4842492141670291,-0.28782009691762145,0.21517382844186897,-0.005546314199874973,0.00496558214910586,0.18299351478062537,-0.5855716484798754,1.0021465521918052,-0.20850798462952846,0.0338938308272514,0.7306544788824704,0.45464989878687817,-0.1968327652292912,ckb1qzda0cr08m85hc8jlnfp3zer7xulejywt49kt2rr0vthywaa50xwsqddm8ppq3gz8gz0d9ap6z8nc3r662npn2cuxk9f0
-1.4978593955061197,0.01855867114022662,-0.3214609256173956,0.0922425002902859,-0.23211733503546175,0.15556930916783268,0.12461837655383029,-0.10362423646282787,0.0013927211612278587,-0.003808878492772245,0.33675502125176715,-0.3624872147887214,-0.5268322871843204,-0.9310418460246164,-0.38810142911726414,-0.3889018457865145,0.880286560837652,-0.3027208521548097,ckb1qzda0cr08m85hc8jlnfp3zer7xulejywt49kt2rr0vthywaa50xwsqdfpcl42753m0xgau9yefhgfxukx83dwysy7tdl3
1.5617970310309723,-0.9662709850588898,0.354766254089512,-0.4161610929423243,-0.031244450538344,-0.5755030233698788,-0.1200010489829822,-0.07216493940260299,-0.12808548893094435,-0.052724089962253286,0.32063710991538324,0.754069139212821,-1.766418018638674,-1.2389715762364468,-1.4775627676105165,0.3604785074334809,0.043334659214928184,0.11985890304554024,ckb1qzda0cr08m85hc8jlnfp3zer7xulejywt49kt2rr0vthywaa50xwsqdh26mj0xls204ndg9lsdptdz0zu0jdmycngh5ht
-0.40955360712831923,0.7266600530114012,-0.1608101764596938,-0.47447189579185256,1.0426794224650682,0.40620153093593087,0.36076919617026354,0.017552442594953286,0.08709596364829636,-0.03548586098545608,-1.3435197893303603,1.4632617744807002,-1.4969437353229524,-0.8430611920318862,-0.4334174513765355,0.7284246883354266,1.1479750190192781,1.2965238355953717,ckb1qzda0cr08m85hc8jlnfp3zer7xulejywt49kt2rr0vthywaa50xwsqdly7vzugjpxpzy4wc8u8dkpt6gmv2kknsw36cs0
-1.0263482574893668,-0.9094087688754013,-0.20931740617015213,-0.24091053748772906,-0.04688832534082349,-0.07565793303326065,-0.13186086181496354,0.1836126159459863,-0.00711758965998057,0.004643051287962154,1.8154406743324791,-1.1977106112670717,1.3400877183865134,-0.39044282884893994,0.002118329895468223,-0.16799051226980932,1.2712841220163529,-0.245702533223118,ckb1qzda0cr08m85hc8jlnfp3zer7xulejywt49kt2rr0vthywaa50xwsqdqrmx3gfghxmm3m5dj4vm27j5ke9kvw9qmr8lwp
-1.7057393580413658,-0.3028918147036394,-0.44656960957425507,-0.03768027177342624,-0.10998018324816812,-0.3869133899246861,-0.11828323058544107,0.06636729669795313,-0.031090655487084395,-0.0030257285465892874,0.7859503395582617,-1.0608680431877475,0.33409056529312475,-0.39299367347325737,-0.13760450252524822,-0.4174443029636939,0.32520835034606377,-0.5016500597025099,ckb1qzda0cr08m85hc8jlnfp3zer7xulejywt49kt2rr0vthywaa50xwsqdtejzc329up3s665cxswczse77neqxr2c6uk0jz
-1.26066539959344,0.18086433689519033,0.6032196294953915,0.37670501597385936,0.06166789190807793,-0.1520965178616994,0.2721305098315157,-0.4752240452426226,0.015422442724037339,-0.007361718752454113,-0.8037148213184114,-0.19359969668337831,-0.5977324241906263,-0.4059701440282665,-0.019944282472026464,0.7444527749849594,-0.41135859115805834,0.2120989024794862,ckb1qzda0cr08m85hc8jlnfp3zer7xulejywt49kt2rr0vthywaa50xwsqdxzlmuqal6c37hk678qjekya0qjd5m5lq7hhzaq
-1.4741859679681177,0.847761928381958,-0.08821157452260077,0.39152387516031434,0.634490609211912,-0.6259256718634341,-0.10541853420859296,0.13266830607246743,-0.04055482050421242,-0.041039384560965876,0.7956557233249756,-1.288156666135458,0.18467808870017585,-0.2578790240999936,-0.16603966963879185,-0.19529966189654596,-0.5137155938093234,-0.9145388328648223,ckb1qzda0cr08m85hc8jlnfp3zer7xulejywt49kt2rr0vthywaa50xwsqdxzpng0y93mrnmxq0e73j4yu4d3n3mkuqc5r59u
2.340410610151695,0.0054941625065709765,1.6112794284312013,0.49627953183951024,-0.22428678167383073,-0.6674721403493563,-0.42027727271542237,-0.13570514780175164,0.6827786537100277,0.14503170572584445,0.2200496423675171,3.003668773164769,-3.0094306164932005,-2.22023403807036,1.2011382678886375,-1.3038590290836038,0.8345225752616717,-0.33404525414290415,ckb1qzda0cr08m85hc8jlnfp3zer7xulejywt49kt2rr0vthywaa50xwsqf2pf3uu524tn9umy7g3gchaa6sgamvs4sx454l6
1.5200525872206738,1.1443519521640448,-0.003921160111489559,0.35510041549101956,-0.27792221477520374,-0.4543372310337632,-0.14226335021816144,-0.04690699374093524,0.20641712885587887,0.025335466492983214,1.4795211470026814,1.4246847898872521,-0.34410906410926995,-0.8601643809946748,0.7602424086583642,-1.297862962946386,0.19117298324775855,-1.2773802029057526,ckb1qzda0cr08m85hc8jlnfp3zer7xulejywt49kt2rr0vthywaa50xwsqf4s8sxvjqhp8qpxyqj03kwmry2a43kggq7um8ef
1.8597758022929667,0.029083224629530526,0.19141006675563105,-0.193563475883419,0.4664519568238473,-0.019581573744406416,-0.13460481461979792,0.27833218630920703,-0.03894145553353679,0.0049311714111648745,2.1666991734041416,0.6677932332902673,-0.6169143690288466,0.009687307361244684,-1.478208503798507,-1.413993050253815,0.6344721557510948,-0.2032215880947161,ckb1qzda0cr08m85hc8jlnfp3zer7xulejywt49kt2rr0vthywaa50xwsqf6qtawqcsf9ga3yuhh8gfhxuyah7rvtlgzn95vl
1.5716288261066296,-0.7332660764576765,-0.13943639585687465,-0.4288375252750166,-0.13033169808021092,-0.37100757870097145,-0.17434565121855733,0.03865079977788357,-0.014788083197188395,-0.00843822277150188,-0.3007392904699763,0.7709878356976124,0.6412904584977436,0.4663103233206546,-0.9205067751880037,1.4056390509466912,-1.41006412919615,0.02396360418449667,ckb1qzda0cr08m85hc8jlnfp3zer7xulejywt49kt2rr0vthywaa50xwsqfc5kszzn9mc2zycl58v8jjrk9zhmr97cg3ndvfs
1.6128485937321537,0.11929919771800047,-0.45932716265221823,0.4443849782526023,0.18206366247737968,-0.2643851572067354,-0.15915167304621955,0.03967108574798184,0.03637649985118375,-0.0457413566820901,0.2755305904993115,1.303756185536184,0.5650596177737566,1.042853538410913,-0.8729744629059548,0.13932690023778213,-0.6991692705159761,0.3857188686318187,ckb1qzda0cr08m85hc8jlnfp3zer7xulejywt49kt2rr0vthywaa50xwsqfewq5cphjmj7j53dgvs9ekquz7wp0eadggz3t4x
1.3851723389801642,-0.1542319235061057,1.1890731972978463,-0.3406841704051425,0.12460550415848316,0.14252051628567777,-0.061959322190109675,-0.010477325410370872,0.184086231230408,-0.0009528143661939883,-0.2310664534037669,1.0969706804302168,-1.272068543864629,-0.3123422510373699,-1.2318719999795886,0.6414028747548393,-0.05870119546981446,0.6374457248673621,ckb1qzda0cr08m85hc8jlnfp3zer7xulejywt49kt2rr0vthywaa50xwsqff60m3g73j280arxmzwp6anr9g04xmmast74txw
-1.4940743295141545,0.19130146145773466,0.43252925944797926,-0.21146760019319846,-0.1594486572854783,-0.29616475830899597,-0.16424594044970292,-0.035627619777838265,0.05774862010495937,0.001166226880666654,-0.7366967453084728,-0.0885423866484284,0.9310446008626101,0.9433669330916928,-0.8606609559218696,0.6546995827540563,0.18131044142255195,0.2779193263500021,ckb1qzda0cr08m85hc8jlnfp3zer7xulejywt49kt2rr0vthywaa50xwsqfj8ejt4qckvuzrtezy9nvcv7le9ur8cuqy7s5x8
-1.7011147694278537,0.03703770803725274,0.13599884106641102,-0.07221500353444432,-0.7497411610920454,1.1938607411803306,0.13349532290273208,0.024769695257663024,0.13224138157848964,0.02919245315709315,-0.739557136198349,-0.09086860342377402,0.4901519477193572,0.18673456695150867,-0.846639468843791,0.41686202841861,0.06658158302525291,-0.4393649058902665,ckb1qzda0cr08m85hc8jlnfp3zer7xulejywt49kt2rr0vthywaa50xwsqfjhl5nx82y5z2xdhwqhg34vkzta6gttgc05sfu2
1.4008391485596914,-0.20359919779758956,-0.8499065432974945,-0.05785721378526269,-0.29415535108233104,0.3113651544597172,0.22347926478245164,-0.30028407084404984,-0.07073200630710016,0.031091827349752174,0.36499775312427934,2.4347544470626796,1.2752112114074283,2.6210976556885814,-0.9468046500821785,-1.8351107599970198,-0.46990166274411604,0.10636689890254507,ckb1qzda0cr08m85hc8jlnfp3zer7xulejywt49kt2rr0vthywaa50xwsqfkjglwnv0p5h4wujzvz65rekwxmx2d0zsn7yllu
-1.8918230790583717,-0.050853807198398104,-0.457392879291442,0.07113539691586154,-0.04684064407928526,-0.22280989901096634,-0.11821665453791158,0.089432493491143,0.015097697497481468,0.010775514253494095,-0.8594628840764726,-0.2078086335254318,-0.006772205757544771,-0.11272187862964615,0.16189892328796834,0.3285926510151701,-0.22264116969525208,0.16388282979350347,ckb1qzda0cr08m85hc8jlnfp3zer7xulejywt49kt2rr0vthywaa50xwsqfqr2l6rqllmnhtpzptgq9fnagsykcffxcpqmjuu
-1.294508196695067,-0.2538661872443959,0.6566540989403546,0.501555795145847,-0.17610275389574637,-0.5297535857450179,-0.2548546773388559,-0.1963276346218107,-0.12311606960091498,-0.018978664395554377,-1.128344011681824,1.8367252905149456,0.21493015328483595,1.806045348300069,-0.6188434761337864,-1.5498622225520138,0.7026057322583906,0.3026234211469695,ckb1qzda0cr08m85hc8jlnfp3zer7xulejywt49kt2rr0vthywaa50xwsqfrmvt598cnr70mhtyt9afjg9yju7s0n6gw0e8d4
0.45704583767464846,-0.2067836930186888,0.019614681939180312,0.36322726923404147,-0.6807910139484231,-0.10692338646385956,-0.08930502334306502,-0.08441699847255532,0.06320727211687077,0.03378612041227391,2.3545004083251126,-0.561525531429769,0.8845056454871423,-0.16574930268855978,1.5981765296493675,-0.7493858236570811,0.10375772271729865,0.33350287339569845,ckb1qzda0cr08m85hc8jlnfp3zer7xulejywt49kt2rr0vthywaa50xwsqfs6c4chhw5kwthmq0jzqyxwmr9fpr5a4qr8l2yd
1.7655082006197498,0.5903789396244704,-0.1245305577570056,0.3197787938781078,-0.20410183917862734,0.32749057797225056,0.15435757076352186,-0.06916501510512132,-0.015441800422906896,-0.012397626642613985,0.8458177698596757,0.6038163163038837,0.3836407035960958,-0.7041189672467572,0.28726821756016646,0.944733762256004,-0.7919540785713556,-0.5052830701293604,ckb1qzda0cr08m85hc8jlnfp3zer7xulejywt49kt2rr0vthywaa50xwsqft980n0alva2vjmkca85wujt5vhtwgzpgqczv9a
-1.6123889067681396,0.2033774933700178,0.4109773141015528,-0.07449386259366231,-0.5607332656515416,0.6961721756856049,0.017034304792172855,0.024116101182797542,0.0988625558014658,0.02142800782841243,-0.6122599302062182,-0.40380553010126624,1.1179486937325445,0.552588114018135,-0.7880999972581645,0.7475377628897827,-0.354754084464799,-0.6978965772217788,ckb1qzda0cr08m85hc8jlnfp3zer7xulejywt49kt2rr0vthywaa50xwsqfvfcxm03q9xmn3fy68s9rxp0y5lfqfvjgmmtw0p
2.0602356577634473,0.26219336801250187,0.06750803954239303,-0.31951336446419104,0.20588373384059036,0.037180123347660826,0.1937538391714485,-0.12278534018445655,0.036802552853513734,-0.018931596815064854,2.9314238526607057,-0.2506527122714052,0.43780892036904906,-0.019211932860782373,-0.7465859753840856,-0.21529769618715727,1.000845410597966,0.963914261798244,ckb1qzda0cr08m85hc8jlnfp3zer7xulejywt49kt2rr0vthywaa50xwsqfx7c8l89wcf42vxgajjke9zdt7myeqrdqj6mqm6
-1.2762969027336737,0.01595206169895851,0.3968854821369404,-0.0037747717506390463,-0.05085884317844639,-0.27932822845684757,-0.1367174548692354,-0.09568512361224858,-0.012572922973093783,-0.001809393448540683,-1.0348834602196666,1.1910470182935595,0.14891301648413635,1.1508735575073774,-0.720753357388625,-0.5986246923044561,0.6864311130908474,0.4847109054341632,ckb1qzda0cr08m85hc8jlnfp3zer7xulejywt49kt2rr0vthywaa50xwsqfxgd9zxl6czs4s3kzr55letennz2l3yjqpt8r79
-1.00807044964678,0.15939784035981552,0.10884104823920637,0.24350871525541368,-0.08158255908831274,0.06080070172256991,0.21013238742293602,-0.32326936354504615,-0.004501431650491308,-0.013005264439856282,-0.020438003844073613,-0.7863801681150103,-0.400691947895255,-0.8553020451301787,-0.5746483869741221,-0.30045183224629834,0.6257075403761738,-0.7203597169596744,ckb1qzda0cr08m85hc8jlnfp3zer7xulejywt49kt2rr0vthywaa50xwsqg3xv33uywn6sjyvmnzckatkpke54mlx8srepf4g
-1.2728554438826631,0.4841252033771221,0.3217351095959047,0.3127370451727269,0.007474192998458342,0.09967854467430033,0.047355111190108934,-0.052229168784044835,0.012689742180768864,-0.020964332573991554,0.5675995070959692,-0.8602750887228781,0.5954344066588925,-0.24804928022331046,-0.9296858515717809,0.13875687449971696,0.057850887752378954,-1.320203733151949,ckb1qzda0cr08m85hc8jlnfp3zer7xulejywt49kt2rr0vthywaa50xwsqg4cz7lvtz6anfw0uxkrxu8d0gxcfuww2gp702wk
-1.4301684369993355,-0.23577637339353538,0.7336422887260479,0.5038396892448971,-0.24465997957631033,0.6102926804596868,-0.022045312671022985,-0.07162758760915791,-0.03207749461726224,-0.0032593727557613562,-0.5518122277479315,0.7700256323981205,0.24478183298014802,1.8087932401062166,-1.0935446995089633,-1.412492211870689,-0.005973175111742616,0.020753017842467608,ckb1qzda0cr08m85hc8jlnfp3zer7xulejywt49kt2rr0vthywaa50xwsqg4yg2m9jpx5efeu4q0vrp643gjmad37nqrk9glt
-1.8709985946081964,-0.05738689143574592,-0.4471783172153712,0.08558147968501927,-0.061395132520959926,-0.23320452571561182,-0.13014981692119112,0.09061175971440465,0.013261887280583973,0.01087430965640997,-0.8604498442355156,-0.1761880627123242,0.06617658611891256,-0.12151419112974683,0.1117662525552661,0.37042790305634893,-0.15312796697009243,0.10779349689572944,ckb1qzda0cr08m85hc8jlnfp3zer7xulejywt49kt2rr0vthywaa50xwsqg6agcch2m7k8lsh00nv05ztfmz0euvqkcfpz7ec
-1.4645448505448295,0.2148103176541975,0.5638042326199726,-0.1840727894803512,-0.40719032957706586,-0.24370971131954633,-0.16035157079548482,-0.030189076778938815,0.018394355351831048,-0.0043180881474822585,-0.1436776319196975,-0.7385382502765795,1.6645186788663373,0.6432935453290026,-0.2898678699711756,0.985283579463753,-0.15997792680657263,-0.4206310852361131,ckb1qzda0cr08m85hc8jlnfp3zer7xulejywt49kt2rr0vthywaa50xwsqg6j932zy4ztkzmtpye2uhzsju5npw795s89dznx
0.5072480319627256,0.7612347808660752,0.507309205861234,-0.0583093554121807,-0.12503959443034676,0.26102963375008664,0.13558762092987922,0.01808951656776688,-0.01874957998039558,-0.020897083796679587,1.2382894457614178,-0.583061777307981,-0.830610553774757,-0.8938978916601517,0.7680140386926284,-0.03219093071007713,-0.990974206941426,-0.06695606529814316,ckb1qzda0cr08m85hc8jlnfp3zer7xulejywt49kt2rr0vthywaa50xwsqg709r8jqauttpmkjv2x2jg3mtdwvqk7acc26w2j
2.4866447291633587,0.4721000615565313,-0.3603406091119702,0.0980248241794169,0.315685281195506,-0.017371462314318672,-0.037810750657927446,0.010476867057000934,0.012264130608492947,-0.018089883923843232,-0.40586671422262005,-0.19329803977252824,0.44314893579832254,-0.03624900028215579,-0.6681582480833239,0.7215407958058146,-0.783854321980774,-0.2811592871449012,ckb1qzda0cr08m85hc8jlnfp3zer7xulejywt49kt2rr0vthywaa50xwsqg9q2e95dadfctdfsuq5e5na0nwh58v4jc6rkddw
-1.3540668180592343,0.19073165910838852,-0.17982416646315424,0.04338038946156304,-0.13585011204194072,0.11268730754322076,0.017420894931713865,0.042927931268659146,0.00941861739057625,0.0023445817584757727,0.756734314448029,-0.6271958172975518,0.10314030212525485,-0.6360690017493592,-0.12523149588267266,-0.19842909637301204,0.9969389639076182,-0.05602042154242806,ckb1qzda0cr08m85hc8jlnfp3zer7xulejywt49kt2rr0vthywaa50xwsqggs86408ja7nsgdh0lz0cxafua6u0pq5cmvsxuu
-0.24548496795923122,-0.7379669006943764,-0.9912396903234838,-0.8173158604106266,0.2567966051706956,0.332881677703767,0.26899368875266216,0.12892291366371966,-0.06685591764331546,0.004537789576204819,0.39130814182881557,0.831991341590352,0.03699133129324547,-1.5944067742261994,1.063403131612196,-0.2534068263223522,0.7841857336688963,-0.9220110681358612,ckb1qzda0cr08m85hc8jlnfp3zer7xulejywt49kt2rr0vthywaa50xwsqgjr2xdh0zyc53jxpwsvwxq5x8y05rmytcewmqcv
-0.8235758615388923,0.630922601906824,0.8261637430524921,0.3189602634545434,-0.007865238489183267,-0.32054950703502977,0.1579827321460135,-0.360875055977282,-0.03219803739289854,-0.028263269968727835,1.2107410150443851,-0.9785521658160149,0.35453736958368365,-0.6302718874022073,-0.3423065456834497,0.2872096923541894,0.8557864991534678,-0.3938860852492127,ckb1qzda0cr08m85hc8jlnfp3zer7xulejywt49kt2rr0vthywaa50xwsqgjuhrq84l5nk7ylhlcqpsa3yg974735rgy30uch
1.6443426041272045,0.4470233523953113,0.11687732858436027,-0.04693180755588008,0.4203144887742633,-0.03720937569543484,0.2840010274207773,-0.12036926782120166,-0.3764213762526783,0.20587734334434749,1.9622992125768715,-0.27478853609018794,-0.9614224292898111,-0.46044307622800923,-1.5268199783971246,-0.21043123943918637,0.05343323788006065,0.3485188534926304,ckb1qzda0cr08m85hc8jlnfp3zer7xulejywt49kt2rr0vthywaa50xwsqgk9kfuz7fchth20ksf8d2x3eqph9le6cqhenpf3
-2.2320554399822816,0.2309927027126275,-0.6098093412516209,-0.4571793828613715,0.4190266428504017,0.09143854192127603,0.3180202119127797,0.0290735645909665,0.029919011804395917,-0.008857107882174933,1.1328822436860269,-2.203947980985682,-1.9250699681584071,-0.14805505894962978,1.0749441345559068,-1.8742582946280812,-1.9255012802069882,0.7349441786387584,ckb1qzda0cr08m85hc8jlnfp3zer7xulejywt49kt2rr0vthywaa50xwsqgkfv8pzr5d26zcapqrd58ksc65w0qv8qqqp6xtc
-1.5137932733051773,0.18329079187862674,0.4365129656385727,-0.2240073658428949,-0.44181749765202283,-0.1500542498966655,-0.1268193878000316,-0.029794886239651697,0.020369990281024486,0.0014641107813848071,-0.2262555129277462,-0.6235235690577329,1.4361949183800975,0.5157167832133386,-0.3738241737296779,0.839767752255327,-0.10346294924704036,-0.4872908150497306,ckb1qzda0cr08m85hc8jlnfp3zer7xulejywt49kt2rr0vthywaa50xwsqgnhsvcls3zfj0jggg74nej0hxwmtzjjvcu09935
-0.8439040800569015,0.4759192301338588,-0.25607710077996043,-0.224699040063953,0.16418506856288326,0.09590920185742184,0.05526970946635699,0.14511409621821988,-0.046033438931936836,0.0036223668128764538,-0.4482954242435041,0.5188154546300424,0.4711490129197235,-0.7778899846669424,0.8259167821323712,0.6450108154061901,0.2703551621518197,-0.5530609025053516,ckb1qzda0cr08m85hc8jlnfp3zer7xulejywt49kt2rr0vthywaa50xwsqgq74prpeqz7rlncvqz0j2gn4jxsg75ztggj7v7a
-2.2956315138820993,-0.04002817007785679,-0.6158624619302399,-0.4467660612922343,0.40163541835610644,-0.07717573623566275,0.23219318016756338,0.050477089713141604,0.02440313820136872,-0.0031487101130676944,1.0741202680006634,-2.3059346996613526,-1.574359639632295,0.048776774518959766,1.1558827932481812,-1.7071131590776136,-2.0740113151111137,0.748442084217415,ckb1qzda0cr08m85hc8jlnfp3zer7xulejywt49kt2rr0vthywaa50xwsqgulzg2h44865y9svyw7s5390npefh3x9qrr8hc9
-1.3997028290036178,0.10659742701479992,0.18082273344379823,0.014999576790953723,-0.04222078938263751,-0.23774163450747873,-0.007438764297384567,-0.010495034582530491,-0.0048195326243593364,-0.013710382379178088,2.0094015854385034,-1.9446415618993362,0.4534234853019643,-0.1855013511825836,0.5089670532830394,-0.5400135506955867,0.39620230436099585,0.4059924124031327,ckb1qzda0cr08m85hc8jlnfp3zer7xulejywt49kt2rr0vthywaa50xwsqgvmsa3c3ecl7edwqjvezvjcrwqs3ypy0gdesfvg
-0.12692779042142072,-0.31689862357186466,0.40299957790956004,-1.2073893640981992,0.15944827261886596,-0.1785754883207581,0.04947345913278547,0.007064621693226453,0.04254105392199757,0.0037879626742712293,-0.3818655089856598,2.0202072489164475,0.9829403848188394,0.43374578482943116,1.4010190790825925,-1.0007789961802662,0.16133340829175585,-1.1267006837101599,ckb1qzda0cr08m85hc8jlnfp3zer7xulejywt49kt2rr0vthywaa50xwsqgw7a8wtdmg4er900svtg4vqn27upcpq4cnd4g7v
1.819058535219792,-0.15256913910995717,-1.0020898511674972,-0.12405033642531665,-0.3827607608386051,0.17398114449201843,0.3387546959475068,-0.32250336052874307,0.10085187573983369,0.013009557923608988,3.28417781608066,-0.7650457873839479,2.0442679240753177,-0.05411300441314996,0.7929744326139462,0.7574816480140494,1.2355318167002884,1.858453058779643,ckb1qzda0cr08m85hc8jlnfp3zer7xulejywt49kt2rr0vthywaa50xwsqgxe3ru50ecjjruz4tymv759ztsdff7lxq74umg9
0.7201258331194317,-0.1999038988969548,-0.41606377962474694,-0.39381403870525317,-0.18544216823682336,-0.6000327970726043,0.0736249261135206,-0.2915842360920744,-0.10740007978778371,-0.010926252383209078,-0.4741224766198195,2.544932183520841,1.2602935075695785,0.9037087029657369,1.4524639721019743,-0.8229156525643274,-0.4269764324787988,-0.6794201259568918,ckb1qzda0cr08m85hc8jlnfp3zer7xulejywt49kt2rr0vthywaa50xwsqgygj0n7vv7vk6ejt4d23yp87v5fe5352sv3hvfw
2.2728933262113666,0.7018923064676188,-0.02075141368919103,-0.3185442400951863,0.29815688831935616,-0.14387339768462712,-0.0668626369104743,0.05803737005987779,0.38793266029541223,0.06169481299382441,2.181728343870626,1.2752941983948898,-1.4130769283053504,-0.16060348511686595,-1.82465347231996,-2.121524015497895,0.6075918696271946,-0.5456364003890715,ckb1qzda0cr08m85hc8jlnfp3zer7xulejywt49kt2rr0vthywaa50xwsqgzgak4nyyfjzlcnx6lel86kkl9wmn8cmqg5mv52
1.314991355421104,-0.14331923458594528,-1.7017123856627254,0.5617380705384217,0.04234883990477757,-0.13086650805813405,0.13543904791110875,-0.09258983963756573,0.034408948006028055,0.0170287545698035,1.2304994434376342,0.22186842530880527,1.9948187624594207,-0.15842522242473825,0.9723463721408205,1.1502250046616653,-0.5582312122371185,0.042946107867897494,ckb1qzda0cr08m85hc8jlnfp3zer7xulejywt49kt2rr0vthywaa50xwsqgzku5d6wp53s4ukledn8j8u3t9vjxt7ys9uu00a
-1.3987151136850975,-0.06292014352972747,0.15910150588558788,-0.18777791422833587,-0.06916316808718045,-0.26177292585078027,-0.11300366812752793,-0.05447668495552581,-0.05496023564436275,-0.011258523042434255,-1.0779769298921043,0.9574584740673293,0.09407177578339143,0.892050908711696,-0.8335841832750129,-0.33851428227884983,0.6651658688357408,0.45378864314116646,ckb1qzda0cr08m85hc8jlnfp3zer7xulejywt49kt2rr0vthywaa50xwsqgzw9vj0prshmp4pm5jr0t8m4vwf353syqvqfm08
-2.3060441057198524,-0.07250174120424877,-0.13584403981337267,-0.11633523259000043,0.0546631526823702,-0.3340768327231412,0.0880455326231555,-0.049265614660309966,-0.03720757079234925,0.013039858243240533,-0.02234781046181803,-1.4104949266541924,-0.7564756086657844,0.6939743878017818,2.4029134952532782,-1.3536380713918303,-2.902764884093652,0.5015158530481371,ckb1qzda0cr08m85hc8jlnfp3zer7xulejywt49kt2rr0vthywaa50xwsqt2e7jpk20nyyyuwdqmvqk427ql2593nugpqd4pp
-0.3757683727138781,0.17121667325198128,-0.7824123769450979,-0.1910583515113908,-0.3016428536011953,0.20598249021051707,0.2931929726762213,-0.20132801317394208,0.06360110628982793,0.014183901496456163,0.43656116535888184,0.6470551910884799,-0.2633193816202475,-1.4497242652072975,0.6454032377865231,-0.33240432209638027,0.7529668029931887,-0.8037015633952661,ckb1qzda0cr08m85hc8jlnfp3zer7xulejywt49kt2rr0vthywaa50xwsqt2gnkqzr9sm0q9syuahhy9mgu9hx3r5pg74y4jz
-1.607927372711633,0.23605621990253448,-0.08687009379519964,-0.0557823812026912,0.11975060149974008,-0.2502931370004288,0.003709873350842598,0.0442974160284891,-0.013865325529971792,-0.027683706998897696,1.3057814349331875,-1.6456760404074524,0.17927105469614707,-0.15673128335060665,-0.02821730177803084,-0.6448338704737185,-0.32503276467330844,-0.5221362700624627,ckb1qzda0cr08m85hc8jlnfp3zer7xulejywt49kt2rr0vthywaa50xwsqt44ntk8mswsuzjtd7e5d4nm5q3akq8ppsvm3kqy
1.813113359581638,0.1469647756799925,-1.2007664258850643,-0.13579078249508084,-0.7000540472256613,-0.058817029616802255,0.23781624605039556,-0.21825526767501027,-0.23781587097395138,-0.030768152911312654,2.1701398855775,0.6984493965765373,0.8205476460971114,-0.617946433599663,0.5412586947519654,-0.7933846940008072,-0.1610272544437136,-1.1485581259949862,ckb1qzda0cr08m85hc8jlnfp3zer7xulejywt49kt2rr0vthywaa50xwsqt5ctdrmqm0ay6yk8h9nxh7uy0xu7tm8zs8tvu99
-1.4747817660299924,-0.2715913629316719,0.062051689837835024,0.24161067822302618,-0.23055085343966542,-0.5475149440323153,-0.29109010984891653,0.05457328979138876,-0.009324473298000435,0.019814421443419505,0.2544132679306203,-0.715287639359241,1.3468867451335231,0.050706350012582495,0.24923591223705366,0.7879445725109917,0.7285962964236381,0.3036075061103159,ckb1qzda0cr08m85hc8jlnfp3zer7xulejywt49kt2rr0vthywaa50xwsqt8ypvjjfwqn6eneekj0ykwyzrr2jnhxfq8t88cr
-1.2100309372910902,0.7501377076631954,0.4936547351365978,-0.25486052058465114,0.04844688884062221,-0.09638370016518989,-0.004650248508910994,-0.0768735442472575,0.025341281142672773,-0.013306572074288587,-0.8374578399399815,0.5602018651714696,0.11942251996494115,0.7161449878790441,-0.8884356860180205,0.15338484291886628,0.5184359012629622,0.4004692713391341,ckb1qzda0cr08m85hc8jlnfp3zer7xulejywt49kt2rr0vthywaa50xwsqtc39e2l04ha5t5fzvupspn49lftrglr8gw99j4e
0.4928527047444187,0.7837840629609537,1.1482716166265592,0.1968838014843115,-0.11580757959156872,0.2804603991193701,0.07449248310596332,-0.020881838806380965,-0.08583445992046546,0.007594895353520879,0.8665623198409517,0.49198983465353024,-0.5992559648786286,-0.5923602036750711,0.7296788751774671,-0.7292728774671916,-0.46272646335589007,-0.9155881068453396,ckb1qzda0cr08m85hc8jlnfp3zer7xulejywt49kt2rr0vthywaa50xwsqtcj3ytn3vr7ux8twl2esdzhwqklqm5a9qjff8zs
1.1367808714665892,-2.1226489441178114,0.6149930495567206,-0.2357863823725944,0.0800533246129061,0.02026352294959716,-0.310499969849133,0.2929423162454693,-0.05649787061140684,-0.025859922056868104,0.6071541954519946,0.5665168119307565,-2.275296164082847,-1.6175491277126208,-1.7479424740032334,-0.30452859432078927,0.6820275743208998,0.03835267308705689,ckb1qzda0cr08m85hc8jlnfp3zer7xulejywt49kt2rr0vthywaa50xwsqtcz03jau3958a7esc84ygpk8vj8ad0njcym245u
0.7743841267681586,0.21397169756914194,0.9672439797232157,-0.25636114775539065,0.2566798397275392,0.17623289806349005,-0.4152386377189372,0.26714660520422295,-0.05548269258454101,-0.003466636227993166,-0.15979862573105313,-0.6101165062460372,-2.512971592195142,-0.49640118594943683,-0.18712410903815363,-0.2598178498911862,-0.5779677225710768,1.8573679374620855,ckb1qzda0cr08m85hc8jlnfp3zer7xulejywt49kt2rr0vthywaa50xwsqtdjy59w688e9h3e6spw0ypv7k69nl2h6q3sma2z
-2.0444919612254844,-0.31505226968053635,-0.4723327635885441,-0.11472903184149669,0.14575482434099535,-0.059412867486701645,0.00516542190598715,0.1328390803680648,0.015761238787960874,-0.009333545741609023,0.7913538912539495,-1.758491601428386,-0.07763942457310932,0.1135236787921565,-0.06538117698187389,-0.9030543700715944,-1.2990151013591225,-0.7267965632702528,ckb1qzda0cr08m85hc8jlnfp3zer7xulejywt49kt2rr0vthywaa50xwsqteuhr80vfws6en6ju03huzvp3xh9z0juqelhgxu
-0.04145459357977153,-0.6587923921410217,0.04273666845228206,-0.26005533202520403,0.4521156219225666,0.07665116858025106,-0.10345542141204091,0.2662199110734815,0.0724378943169439,0.031984899449102155,1.0595993456491917,-0.6105842764328236,2.272827002767902,0.44803535204016753,0.6813691997990113,1.2965542682373123,0.437004665569413,0.7696361947106231,ckb1qzda0cr08m85hc8jlnfp3zer7xulejywt49kt2rr0vthywaa50xwsqtfs070fqhspjhhzf0l5d2hrpd5hjvzmkgh8p6j2
2.85994750498275,0.08714994104261074,-0.7198642613880901,-0.1273043981157996,-0.3280826362383363,0.0757652436139988,-0.11845383555531999,-0.026130861524720918,0.008309412791512772,-0.0015766919246056666,-1.0643471710744108,0.026399897437777136,0.07597636741203613,-0.11307476059674407,-0.6903951116758107,0.6205312962904422,-0.6662747847777751,0.18170458828669334,ckb1qzda0cr08m85hc8jlnfp3zer7xulejywt49kt2rr0vthywaa50xwsqtlpgc29k57ufndd7gpm2jjvpwc2hqygjgtf54lg
-1.831663436441191,-0.7852956797334804,-0.5004294956540011,0.1897250756373613,-0.2709652259593877,0.35950409423030527,0.030718343828633324,0.027477945029296028,0.03742199302588955,0.015525708878878868,0.24738140464409658,-0.811054300017706,0.050140238727690994,-0.40776955830204914,-0.7115673891308205,-0.44617322354835054,-0.0489698965925609,-0.9499101469129121,ckb1qzda0cr08m85hc8jlnfp3zer7xulejywt49kt2rr0vthywaa50xwsqtr5klxrl240p2jsldlwhd6w3dv7fjj59cp6nkwy
-1.5999265205729012,0.14696553494493605,-0.009990206588190654,0.19922149965372188,-0.08512441020276162,0.29286633815530033,-0.012793532597057442,0.10397807591255834,0.04512792820136057,0.0016591088072197525,0.5276677270775232,-1.056508473699062,0.5506455079375423,-0.013290575919473056,-0.531645729755749,-0.09202017113882428,-0.18659599125767581,-0.7957334194849808,ckb1qzda0cr08m85hc8jlnfp3zer7xulejywt49kt2rr0vthywaa50xwsqtyedgf3hcmvghz4cmstp7pu7u76x93apgp9rzws
-1.4737892010848366,0.459680613071566,-0.2681249067093731,0.16745007677187335,-0.07642294050131967,0.019318916980517898,0.05438275227520928,-0.09152258732817325,0.02710049318703214,-0.006387410203214186,-1.8635107916644755,1.0949722773279296,-0.7560282318559471,-0.7300376950014577,0.23588366900536406,0.9507886352437961,0.7821736955750859,0.8884462232677438,ckb1qzda0cr08m85hc8jlnfp3zer7xulejywt49kt2rr0vthywaa50xwsqv2mxk8gk0kdcqrjee7fdyy4dzjs3c8etq9dlarq
2.6616022142489597,-0.2862289994574082,0.7864330648788191,-0.051396944899643374,-0.7604385768293255,-0.019918828271604083,0.45226077126671704,-0.4905748162454077,-0.09589215403750914,0.005321259415379751,-0.26250905613569986,0.631448106391904,0.07388349171979158,-0.659040086117799,0.4815992909987171,1.164982336952704,-0.8657493643994646,-0.08752813626843137,ckb1qzda0cr08m85hc8jlnfp3zer7xulejywt49kt2rr0vthywaa50xwsqv3zjwlrxn8vk53c4d9a8ksecf9rj86mfsv8t4pc
-1.3876249615881027,0.09346009382261788,0.10982403833268797,-0.21906110652659566,-0.14891884601587527,-0.21525174914199757,-0.0980050007683441,-0.08987908904236337,0.09535187501544985,-0.004333600430183604,-1.0213151726719316,0.7699266527096545,0.07932022426674504,0.7545693144698112,-0.8754304262391484,-0.1047708137710647,0.6525786402497018,0.5331577549832822,ckb1qzda0cr08m85hc8jlnfp3zer7xulejywt49kt2rr0vthywaa50xwsqv52twl330j4d2n858snefzewnuwchku7ql2qas8
0.12107412366937638,-0.13893170549199638,0.3546587069572964,-0.44833079557898664,0.29996566862599455,-0.1575645644391433,0.011266323648329362,-0.004826134602370839,-0.07838283775595108,0.008015971571210267,-1.152924670379572,2.8284476813603465,0.8677718158699556,0.8082619654925137,1.7566460014835186,-0.7491402822667553,0.02240100308871975,-0.3911116845553948,ckb1qzda0cr08m85hc8jlnfp3zer7xulejywt49kt2rr0vthywaa50xwsqv5uwm78vrgdrfmd056xn32q9junu3rg2c2we24p
-0.5017561666810425,-0.40034679257865124,0.3918220556587556,-0.9560408306791626,0.36583537462056837,0.14883761505847082,-0.028426876154780036,0.2526385372480148,0.04579254933469272,0.016721693650893373,0.37006647429463574,-0.32390455775081134,1.8624160795473237,0.46220556164357546,0.3753393087254032,1.09075189461698,0.2617633619040506,0.21124194775947813,ckb1qzda0cr08m85hc8jlnfp3zer7xulejywt49kt2rr0vthywaa50xwsqv7ayqjm88s60nm3gf56q55y578uw2weqgfx02sw
1.339691642968155,1.1518312640701611,-0.3809148798654907,-0.6217995914268634,0.0848732636174554,0.8075363215292791,0.6335115451096675,-0.3922304858245225,0.158210109599692,-0.044218819569064885,0.9278052440063325,1.2013985793371884,-0.007551318418989471,0.9826971302798397,-1.095167708350361,-0.8082857703322773,-0.03255301373948464,0.4757692769374842,ckb1qzda0cr08m85hc8jlnfp3zer7xulejywt49kt2rr0vthywaa50xwsqvknttjvpk89lj2c9ykxvethuaft52j3fs9df6l3
-1.2277748183495991,0.6531742071874558,0.3007316090299093,0.32158156969110807,-0.02458250138862903,0.34027848176597053,0.1343899397480952,-0.06942760006282492,0.026375225553156405,-0.018064161418584464,0.6181887492794794,-0.7404319605450952,0.2372054131494761,-0.4551958964216862,-0.9690804358579126,-0.0275608175373743,0.28270053219796726,-1.2153883911548768,ckb1qzda0cr08m85hc8jlnfp3zer7xulejywt49kt2rr0vthywaa50xwsqvkt2ql6y7gdn7dsh0txtwkluf8n57tadgdmaj8h
-1.809208153145675,0.09779785658441154,-0.278517180486048,0.230296296417376,-0.11312744321316448,0.19810373567307785,0.06578569693570391,-0.061611324360677185,0.06062125787753137,0.008113797117842382,-1.6128698503554766,0.38062658917289005,-0.7137599363069779,-0.30406418978934285,0.3284125354437622,0.630787815455269,-0.13206953762958648,0.853995062858327,ckb1qzda0cr08m85hc8jlnfp3zer7xulejywt49kt2rr0vthywaa50xwsqvtfx52pmwvmnlxc89ahpga6w6rk8r69xgmnsu28
-1.0443648508564933,0.45419229786979254,0.5916816292163156,-0.03954313632275935,0.0546041858126128,0.23402259449699933,0.03284787031161465,-0.05022192511153986,0.0032246708320406233,-0.012154221911449568,-0.4871082968184053,0.28799311948048956,0.573425213363312,1.3389938473745988,-1.002100326566151,-0.16965398896854625,-0.2676675109791951,0.014645296621341538,ckb1qzda0cr08m85hc8jlnfp3zer7xulejywt49kt2rr0vthywaa50xwsqvva6zmstttmwvat2uw3k057rgnv5t3hts4vk7tv
-1.7302646696347979,-0.5330398629035248,-0.6302046303791472,-0.04951953422887642,-0.1438341467385676,-0.3737473179770268,-0.02609244536329005,-0.048280693515777705,-0.048971456032895426,-0.007386417589197366,0.434639739170475,-0.6982828557536923,-0.14858160259418185,-0.7631110029618973,-0.5488838557257338,-0.5858849220077001,0.35973785325584096,-1.0047618608959794,ckb1qzda0cr08m85hc8jlnfp3zer7xulejywt49kt2rr0vthywaa50xwsqvxfn4dw95uwpq972rjvvkzc44c0hxltkghsrja0
-1.0573472840995304,-0.5722745032186612,0.7122234118410832,0.38443274759384627,0.03552102699193761,-0.6267340747576258,0.23678457891022395,-0.6717121840771404,-0.03426618337369199,-0.006129952957656873,-0.4901604331384756,-0.7777419829655293,-0.1597190573901295,-0.42078184292867443,-0.19536519494262056,0.6193043763595795,-0.47355375089965823,-0.34776862858091073,ckb1qzda0cr08m85hc8jlnfp3zer7xulejywt49kt2rr0vthywaa50xwsqvzfcj3jtlhzyuu4s5frtv9d3r7mexqhnclvhwkr
-1.5665306926101945,0.31235512202573107,-0.4473436187826129,0.2305984687068977,-0.4748800164623517,0.3061170234609927,0.1076793783987511,-0.11722180734406645,0.0016877256023255058,0.006213871398476537,-2.267209757132713,1.5308374007136845,-0.8383069203402355,-1.2036069762961454,1.070007669704275,1.038956580586973,0.8043319547027412,0.7934753112633662,ckb1qzda0cr08m85hc8jlnfp3zer7xulejywt49kt2rr0vthywaa50xwsqw0dr0ghl76nf5xkw6lx0lxm032kw2jwwq6lnmhx
-1.5946389922858462,0.16517205238159893,-0.25006994818962414,0.1677811236264841,-0.03945483253001357,-0.17388381621340906,-0.1628375718759825,0.10670213261658797,0.022616821301002475,0.01096958748792978,-1.2583178152841223,0.3520751766862466,0.4051027773967628,-0.13220859764777593,0.03221514664532247,0.9606756192413788,0.2913537872348393,0.20272771743122833,ckb1qzda0cr08m85hc8jlnfp3zer7xulejywt49kt2rr0vthywaa50xwsqw2qmgk7tphggddk6mavjxzxhlaguum7ds7c7t8q
-1.6497054434978355,-0.9217168024044863,0.15130618229518727,0.3118182569951059,-0.3490912161136716,0.5152510786483019,-0.06566031436063918,-0.05832764764070139,0.09373246655024312,0.005535753806234616,-0.30988700001978875,0.7645366900356212,-0.1866999660569806,1.4497795686780952,-1.3021326096641315,-2.0515196393400075,0.41764487260191985,-0.036425129987685684,ckb1qzda0cr08m85hc8jlnfp3zer7xulejywt49kt2rr0vthywaa50xwsqw4klymd5zxdtersxfu8wafdq803fudg7qpp9dz7
-1.6860792967158669,-0.027931504754054256,-0.539814827025057,0.04915115110196873,-0.08785194073144861,-0.3487880027090393,-0.1738926947272288,0.09204380926345807,-0.006520915179693555,0.0072406181587078575,-1.220113613797101,0.4501887608495992,0.12170797229765197,-0.4065525987011024,0.0475935838999305,0.6823778910088133,0.5429221455178183,0.169957045253968,ckb1qzda0cr08m85hc8jlnfp3zer7xulejywt49kt2rr0vthywaa50xwsqw4xpk4t3688duglxp0xvupwfj9u4y20rc5xvtlj
4.064235858895678,0.11031842178628197,-0.41208593725767384,-0.209641376958202,1.0681900523434789,0.5017080436363736,-0.17716854711568128,-0.23851585571071338,0.12824675129718158,0.031183238534969304,-5.4439421856479004,-5.378962080509718,2.7015042418175534,0.5829151620023709,1.0869675098472016,-1.5421645278474145,1.8833951389808317,-0.6348123996731567,ckb1qzda0cr08m85hc8jlnfp3zer7xulejywt49kt2rr0vthywaa50xwsqw6hjwylgj9pw0ae8pw0ctke60jpqw6f6slep8r3
-0.4675130755382446,-0.20805555117137634,-0.2263945626660566,0.06557894621980334,-0.0015736859012322152,-0.4385968494709412,0.06618871644289631,-0.36863044989717647,-0.03666713904732662,-0.004878911498997948,-1.0141673324720781,-0.7830659144532026,-0.05613653138188993,-0.8547583525260826,-0.06260466782106258,-0.11551678444824698,1.078443913509179,-0.28091960048613684,ckb1qzda0cr08m85hc8jlnfp3zer7xulejywt49kt2rr0vthywaa50xwsqw973g6gzfxn2yh804xl67mpf888tlagkqzh4v47
1.0867619749108812,-1.0275792649270437,0.5046503041224463,-0.3388716027703194,0.10038761469446492,0.3054799871727687,-0.09843410358557014,0.25765794597076036,0.04037319616127004,0.0182144539889089,2.849294291574501,-1.1355074290927525,2.0505845110117575,-0.09046144880960788,0.8798128899744989,0.9600947603498594,1.2851717602934165,1.4416078292367367,ckb1qzda0cr08m85hc8jlnfp3zer7xulejywt49kt2rr0vthywaa50xwsqw9t5zng6xx58m2nha3lw65da4tsdntkqcxt2q9p
-1.8220617771206564,-0.32827019223440107,-0.7397097353287879,-0.0942547980565096,-0.2073798517852869,-0.009583305702705392,-0.01170463207376751,0.0757365643534626,-0.01291716479692479,0.00021040955156273228,0.4982677027050768,-0.711766260502723,-0.2638611936405501,-0.7037365323430899,-0.4378632984527903,-0.7544183102067504,0.44289344941104875,-0.7222228913529072,ckb1qzda0cr08m85hc8jlnfp3zer7xulejywt49kt2rr0vthywaa50xwsqwda7qe8d78vuwpx20spzsuvtj92eulcagjenqnt
0.15214924280072184,-0.8154675661564207,0.3524019820637654,-0.16989396822839034,-0.7795560551363382,0.42881177928416214,-0.4790579570821937,0.6491650852799155,-0.12208757388929695,-0.006559414737887632,0.42049771700945887,0.5192328992521562,-1.852468312102495,-2.2046569160752396,0.6853254222927211,-0.6228667857352425,0.31053531587269567,-0.6641266653456683,ckb1qzda0cr08m85hc8jlnfp3zer7xulejywt49kt2rr0vthywaa50xwsqwdr5q4rwruykhehd8hn6gxh892wtmdprcw3h3ce
-1.6936049427621973,0.17347144528885836,0.04305584391848204,0.24215965302958736,0.05970400249266289,-0.22093090396248444,-0.18081659749402282,0.12455123366164932,0.025776437026406626,0.005648852923640237,-0.45890425809392177,-0.6812560149619602,0.9488951274610015,0.3776974002043802,-0.24720558312099614,0.6752443205864285,-0.6597155097687571,-0.5649760120598658,ckb1qzda0cr08m85hc8jlnfp3zer7xulejywt49kt2rr0vthywaa50xwsqwjhry2dvdzmftxqrsrwf04mjw3ah8hhjqh9zh7y
0.3208927002651929,-0.050804786052606764,0.40737706964694104,-0.4207431093486835,0.3075159122331376,-0.40388193602983474,-0.017651496442732863,-0.06216016314910071,-0.06440396921440551,-0.0028412591697864593,-0.7106104971434497,2.5057108210147323,1.2660404068542155,1.025526827209963,1.6055215194436663,-0.7724013137521909,-0.2404832574653593,-0.7105773217710358,ckb1qzda0cr08m85hc8jlnfp3zer7xulejywt49kt2rr0vthywaa50xwsqwlkxpk8rnrzz2nhuswk2kzvempzsz2zjgwxnwny
-1.3374139080052776,1.245932302017935,0.09308792658396373,0.05960657144238004,0.16712685810300998,-0.12479217527424198,0.08349891809968873,-0.02190843342006388,-0.008575818332306273,-0.0254374339408053,0.19339057981568275,-0.4482277148054586,-0.3232949391211241,-0.5209373521382467,-0.17333053091683018,-0.0022574428595160813,0.30615203179259065,-0.2731838675438071,ckb1qzda0cr08m85hc8jlnfp3zer7xulejywt49kt2rr0vthywaa50xwsqwnla5w93964qlqcwaaeessdsk4h5pzkfs2f0ehn
-1.7573163826306193,-0.07639580298177731,-0.30106315511068776,0.18308890421549276,0.14997821447712942,0.03506551233692738,0.08980905172555255,-0.14063747891675402,0.09575832772346263,-0.0046875795386016475,-1.9566643138835422,0.6336513255840933,-1.2599604119893504,-0.17607510200069537,-0.29330342483282573,0.6851236925019829,0.22146372694556882,1.5620340037934224,ckb1qzda0cr08m85hc8jlnfp3zer7xulejywt49kt2rr0vthywaa50xwsqwpyugm7a4wtc5tphl0lwzjhcf9fu2l0ksdaezkc
-1.5640925511458021,-0.2672546898333388,0.4314321055142629,0.2559866014954154,-0.27033674482447084,0.740505484916315,0.044760992600568116,-0.03142840996430335,-0.02143748343932865,0.0045061948558261945,-0.49403657829706726,0.44323700662467236,-0.006798907738254587,1.3925478982960484,-1.232796670372375,-1.1845154914320337,0.06653638913601861,0.10206171294004393,ckb1qzda0cr08m85hc8jlnfp3zer7xulejywt49kt2rr0vthywaa50xwsqwq5jlc6p7y2g7c59emwef66z5dc02m36sq3vsmj
0.5043405516596243,0.6754135909184255,0.9006641428842319,-0.49639190738702565,0.3125346539573607,-0.2661583865084335,0.23227226420396055,-0.30855945919943967,-0.09137684960435861,-0.0826420654469008,-0.8399561218818181,3.05164293575939,0.16970137922552425,0.46913807787105066,1.8203793275893294,-1.063194117704999,0.3824651009027651,-0.3251036762525604,ckb1qzda0cr08m85hc8jlnfp3zer7xulejywt49kt2rr0vthywaa50xwsqwrn48zffgqgctt2netwvhcdn3pnznxceg9lhd3j
-1.9731101855127582,-0.7987871712507287,-0.670771712395975,-0.0071290051572054924,-0.21360391510704288,0.4194122934792441,0.14178016569928742,0.002599274653405758,0.03606510366284047,0.011677073981302974,0.5472931472978276,-1.1173382580341826,-0.594976010730247,-0.5219991225504541,-0.4541436333775998,-1.0249298534956004,-0.3519369889446905,-0.7165074640225217,ckb1qzda0cr08m85hc8jlnfp3zer7xulejywt49kt2rr0vthywaa50xwsqwsaytgethft2tx90hfcvmpazn02dmhyacz9xtxp
-0.873887256048999,-0.08974094609783312,0.16185025151875215,-0.8714551702399645,0.17806156224774156,0.06624581192192298,-0.009566232809954172,0.1664547556322654,0.03143129954819558,0.015955724950342004,-0.42882532536094375,0.10684502233840917,1.1962246697848398,0.26174285165566624,0.13473912056513007,0.9846361572767591,0.14045315126537236,0.03068633468464538,ckb1qzda0cr08m85hc8jlnfp3zer7xulejywt49kt2rr0vthywaa50xwsqwxdvqk5f5k404wykzsfuu4cjvh4n96zrq9yl6w6
1.0389128456892383,0.06772061028008382,-0.20271490278179222,-0.0584846462572152,-0.22323795764814378,0.05983142501577664,0.2348648276003674,-0.1876408516990489,0.04152475149584717,-0.010876077474406956,3.7882942395382964,-1.840744785225842,0.8022302600530999,-0.305185906019088,1.1517892792613538,-0.13497884168431057,0.7515455547842654,1.982358689506627,ckb1qzda0cr08m85hc8jlnfp3zer7xulejywt49kt2rr0vthywaa50xwsqwzcjq4mzexlu6h5mrpldplwt6ht8w7ujcfjltsn
0.9944127574850541,0.6690102806653365,-0.4745300705757236,-0.09616952782396992,0.31440390074297064,-0.05635653273236172,0.04045280477737286,-0.00922232409655435,0.3090961962551378,0.04132718891635227,2.249647507040303,-1.8447199237695278,-3.7640320821258224,3.2540171192553964,0.8805880987152427,1.6671451993613882,0.5388856967454784,-0.7275496922204671,ckb1qzdcr9un5ezx8tkh03s46m9jymh22jruelq8svzr5krj2nx69dhjvqgj99jj9hhu3m95gpncj0zqtt8trplsj44sqqe5d89y
1.5341413468311376,-0.2003595881769286,0.10766221700762876,-0.08179841900890214,0.09805950514414893,0.26723829027966367,-0.13478075157978836,0.11242399757573888,-0.12928076025697097,0.01507553541258157,0.2180903352370729,0.5718656039978225,-0.44243808174313254,-1.4015027017400845,0.19338717900586463,0.6215757150519209,-0.44076669547704855,-0.8801789040549866,ckb1qzdcr9un5ezx8tkh03s46m9jymh22jruelq8svzr5krj2nx69dhjvqgjn6kfkeu23q74kndpaxw42z77vgat6v86qq6z03rf
-0.04986316729689601,-0.7648855545883277,1.0139670589496865,-0.15206673196596424,-0.08868868094269501,0.17511622988090267,-0.23682521671375514,0.5746617509776355,0.0014011221314918709,0.015582852893074747,0.7618502020224371,-0.8653865356539182,2.1759217039407344,0.07087089503799032,1.0006329807793146,1.3867774892815923,-0.04827490965379847,-0.1562825068071173,ckb1qzfhdsa4syv599s2s3nfrctwga70g0tu07n9gpnun9ydlngf5vsnwqg92falqnnya92lpxwtsy25nuns2hsundmxq4f8huzwvn54tuyeewq32j0jwp27rjdhvcdctkl6
1.4261276588650693,0.19904957859578432,-1.172821959586581,0.13555347525392028,0.14794391432171972,-0.547459853551517,-0.337448077235682,0.2837935521107777,0.00859710649473306,-0.004285481373456793,0.4539179826925876,1.1484072117482815,1.99303742716315,1.7052521490339514,-0.47523347477045824,0.021382555087534345,-1.3796038442119765,-0.5022875510267822,ckb1qzfhdsa4syv599s2s3nfrctwga70g0tu07n9gpnun9ydlngf5vsnwqg95gqrcgaw8zpgwmw3frreclfrtsg776gfqk3qq0pr4cug9pmd69yv08raydwprmmfpyn90q6w
-0.687198489298882,-0.4299296352630389,0.7334132269021492,0.3714338347218231,-0.5244824336698672,-0.10736333276004352,-0.398936631056266,0.20780416995808926,-0.062164397084409656,0.012594950815568036,0.24308527983162007,-1.3146805573339595,0.5030212557370243,0.44432105091779234,1.36034480154473,0.18957751084009952,-1.8903940091510236,0.2022205421363113,ckb1qzfhdsa4syv599s2s3nfrctwga70g0tu07n9gpnun9ydlngf5vsnwqg96cy3mxvy66tmahlt4v9ewah9nj9qs329qhtqj8vesntf00klaw4sh9mkukwg5zz9g5zvla9n
0.8862031376408072,0.7373736969775577,0.35775928335735807,0.009227147522089476,-0.6352248671083638,0.38757580519252993,-0.18900998278559242,0.2922455159673618,0.005303187956359245,0.0058670232242514645,0.33613904970043096,-0.09424503755830459,-0.8533132400861791,-0.546819616097278,0.97252969861161,0.06770435117995481,-1.4832434509926278,0.1917457439710578,ckb1qzfhdsa4syv599s2s3nfrctwga70g0tu07n9gpnun9ydlngf5vsnwqg9apm7q2y4u92yz5znq8n4tspl5wpm58mfqh580cpgjhs4gs2s2vq7w4wq873c8wsldy7w2h9l
