address,candidate_pool,source_signal,explorer_url,top_archetype,top_score,is_scripted,cluster_label,touches_cellbase_directly,wallet_status,checked_tx_count,checked_first_tx_date,checked_last_tx_date,checked_lock_family,checked_has_type_script,checked_timestamp_regularity,checked_tx_shape_pattern,checked_since_repeated,checked_counterparty_pattern,checked_block_miner_match,checked_external_reference,confidence,verified_label,verified_notes,verified_by,verified_date
ckb1qzda0cr08m85hc8jlnfp3zer7xulejywt49kt2rr0vthywaa50xwsq2efq967zf7uw4g2nazz6mwal8ehl3yfrgn5r9vq,bot_candidate,top_archetype=CELL_FRAGMENTATION score=1.00 is_scripted,https://explorer.nervos.org/address/ckb1qzda0cr08m85hc8jlnfp3zer7xulejywt49kt2rr0vthywaa50xwsq2efq967zf7uw4g2nazz6mwal8ehl3yfrgn5r9vq,CELL_FRAGMENTATION,1,TRUE,high_in_counterparties_cell+high_in_counterparties,FALSE,active,,,,,,,,,,,,,,,,
ckb1qzda0cr08m85hc8jlnfp3zer7xulejywt49kt2rr0vthywaa50xwsqfcwzl3jytqrrgtuwmapvqe42txrxvqlncewj9c8,bot_candidate,top_archetype=CELL_FRAGMENTATION score=1.00 is_scripted,https://explorer.nervos.org/address/ckb1qzda0cr08m85hc8jlnfp3zer7xulejywt49kt2rr0vthywaa50xwsqfcwzl3jytqrrgtuwmapvqe42txrxvqlncewj9c8,CELL_FRAGMENTATION,1,TRUE,high_in_counterparties_cell+high_in_counterparties,FALSE,active,,,,,,,,,,,,,,,,
ckb1qzda0cr08m85hc8jlnfp3zer7xulejywt49kt2rr0vthywaa50xwsqttkscr3p930542e3zgzj3yujwpak0gq4slpgsny,bot_candidate,top_archetype=CELL_FRAGMENTATION score=1.00 is_scripted,https://explorer.nervos.org/address/ckb1qzda0cr08m85hc8jlnfp3zer7xulejywt49kt2rr0vthywaa50xwsqttkscr3p930542e3zgzj3yujwpak0gq4slpgsny,CELL_FRAGMENTATION,1,TRUE,high_in_counterparties_cell+high_in_counterparties,FALSE,active,,,,,,,,,,,,,,,,
ckb1qzfhdsa4syv599s2s3nfrctwga70g0tu07n9gpnun9ydlngf5vsnwqg9l7r63jg9j5t36pkf945jdkalgdmheaarqhlc02xfqk23w8gxeykkjfkmhaphwl8h5v5cv94s,bot_candidate,top_archetype=ROUND_TRIP score=1.00 is_scripted,https://explorer.nervos.org/address/ckb1qzfhdsa4syv599s2s3nfrctwga70g0tu07n9gpnun9ydlngf5vsnwqg9l7r63jg9j5t36pkf945jdkalgdmheaarqhlc02xfqk23w8gxeykkjfkmhaphwl8h5v5cv94s,ROUND_TRIP,1,TRUE,low_out_hhi_cell+low_out_hhi,FALSE,active,,,,,,,,,,,,,,,,
ckb1qzfhdsa4syv599s2s3nfrctwga70g0tu07n9gpnun9ydlngf5vsnwqg9vjzjm0xkz8frv8u7c644xprsf2q3654lq4jg2tdu6cgaydslnmr2k5cywp9gz82jhul7732h,bot_candidate,top_archetype=ROUND_TRIP score=1.00 is_scripted,https://explorer.nervos.org/address/ckb1qzfhdsa4syv599s2s3nfrctwga70g0tu07n9gpnun9ydlngf5vsnwqg9vjzjm0xkz8frv8u7c644xprsf2q3654lq4jg2tdu6cgaydslnmr2k5cywp9gz82jhul7732h,ROUND_TRIP,1,TRUE,low_out_hhi_cell+low_out_hhi,FALSE,active,,,,,,,,,,,,,,,,
ckb1qzfhdsa4syv599s2s3nfrctwga70g0tu07n9gpnun9ydlngf5vsnwqgrtxgt300hp4dtdulhvphvr2zq9eqz36j0qdvepw9a7ux44dhn7asxasdggqhyq282fuu5q568,bot_candidate,top_archetype=ROUND_TRIP score=1.00 is_scripted,https://explorer.nervos.org/address/ckb1qzfhdsa4syv599s2s3nfrctwga70g0tu07n9gpnun9ydlngf5vsnwqgrtxgt300hp4dtdulhvphvr2zq9eqz36j0qdvepw9a7ux44dhn7asxasdggqhyq282fuu5q568,ROUND_TRIP,1,TRUE,low_out_hhi_cell+low_out_hhi,FALSE,active,,,,,,,,,,,,,,,,
ckb1qzfhdsa4syv599s2s3nfrctwga70g0tu07n9gpnun9ydlngf5vsnwqg9f27gfvl2w82qaenx7ygdazqwdw9u72vwq49tep9nafcagrhxvmc3ph5gpe4chnef3ce546ng,bot_candidate,top_archetype=ROUND_TRIP score=1.00 is_scripted,https://explorer.nervos.org/address/ckb1qzfhdsa4syv599s2s3nfrctwga70g0tu07n9gpnun9ydlngf5vsnwqg9f27gfvl2w82qaenx7ygdazqwdw9u72vwq49tep9nafcagrhxvmc3ph5gpe4chnef3ce546ng,ROUND_TRIP,1,TRUE,low_out_hhi_cell+low_out_hhi,FALSE,active,,,,,,,,,,,,,,,,
ckb1qzda0cr08m85hc8jlnfp3zer7xulejywt49kt2rr0vthywaa50xwsqglfcyvg2tr5h09lxhcgrlezm7cuz3ywkcf8tp3d,bot_candidate,top_archetype=CELL_FRAGMENTATION score=1.00 is_scripted,https://explorer.nervos.org/address/ckb1qzda0cr08m85hc8jlnfp3zer7xulejywt49kt2rr0vthywaa50xwsqglfcyvg2tr5h09lxhcgrlezm7cuz3ywkcf8tp3d,CELL_FRAGMENTATION,1,TRUE,high_in_counterparties_cell+high_in_counterparties,FALSE,active,,,,,,,,,,,,,,,,
ckb1qzda0cr08m85hc8jlnfp3zer7xulejywt49kt2rr0vthywaa50xwsqfkjglwnv0p5h4wujzvz65rekwxmx2d0zsn7yllu,bot_candidate,top_archetype=CELL_FRAGMENTATION score=1.00 is_scripted,https://explorer.nervos.org/address/ckb1qzda0cr08m85hc8jlnfp3zer7xulejywt49kt2rr0vthywaa50xwsqfkjglwnv0p5h4wujzvz65rekwxmx2d0zsn7yllu,CELL_FRAGMENTATION,1,TRUE,high_in_counterparties_cell+high_in_counterparties,FALSE,active,,,,,,,,,,,,,,,,
ckb1qzda0cr08m85hc8jlnfp3zer7xulejywt49kt2rr0vthywaa50xwsqdev2qemedc4lercjj2ys3acwf4d6nj7jcprg6sq,bot_candidate,top_archetype=ROUND_TRIP score=1.00 is_scripted,https://explorer.nervos.org/address/ckb1qzda0cr08m85hc8jlnfp3zer7xulejywt49kt2rr0vthywaa50xwsqdev2qemedc4lercjj2ys3acwf4d6nj7jcprg6sq,ROUND_TRIP,0.999999988,TRUE,low_out_hhi_cell+low_out_hhi,FALSE,active,,,,,,,,,,,,,,,,
ckb1qzda0cr08m85hc8jlnfp3zer7xulejywt49kt2rr0vthywaa50xwsqvknttjvpk89lj2c9ykxvethuaft52j3fs9df6l3,bot_candidate,top_archetype=CELL_FRAGMENTATION score=0.79 is_scripted,https://explorer.nervos.org/address/ckb1qzda0cr08m85hc8jlnfp3zer7xulejywt49kt2rr0vthywaa50xwsqvknttjvpk89lj2c9ykxvethuaft52j3fs9df6l3,CELL_FRAGMENTATION,0.787435377,TRUE,low_out_hhi_cell+low_out_hhi,FALSE,active,,,,,,,,,,,,,,,,
ckb1qrgqep8saj8agswr30pls73hra28ry8jlnlc3ejzh3dl2ju7xxpjxqgqqym5d4n465eu93tdcz5sycepdkatjahp9uwdcpfy,bot_candidate,top_archetype=PERIODIC_EXECUTION score=0.46,https://explorer.nervos.org/address/ckb1qrgqep8saj8agswr30pls73hra28ry8jlnlc3ejzh3dl2ju7xxpjxqgqqym5d4n465eu93tdcz5sycepdkatjahp9uwdcpfy,PERIODIC_EXECUTION,0.464899051,FALSE,low_out_hhi_cell+low_out_hhi,FALSE,active,,,,,,,,,,,,,,,,
ckb1qzda0cr08m85hc8jlnfp3zer7xulejywt49kt2rr0vthywaa50xwsqg60za567aggkr4kdukm540wrujl4xn83g5sff6z,bot_candidate,top_archetype=CELL_FRAGMENTATION score=0.99 is_scripted,https://explorer.nervos.org/address/ckb1qzda0cr08m85hc8jlnfp3zer7xulejywt49kt2rr0vthywaa50xwsqg60za567aggkr4kdukm540wrujl4xn83g5sff6z,CELL_FRAGMENTATION,0.990196078,TRUE,high_in_counterparties_cell+high_in_counterparties,FALSE,active,,,,,,,,,,,,,,,,
ckb1qzda0cr08m85hc8jlnfp3zer7xulejywt49kt2rr0vthywaa50xwsqggtmv990h0ggv7g747uk0mj422sf3anps8teujc,bot_candidate,top_archetype=PERIODIC_EXECUTION score=0.60,https://explorer.nervos.org/address/ckb1qzda0cr08m85hc8jlnfp3zer7xulejywt49kt2rr0vthywaa50xwsqggtmv990h0ggv7g747uk0mj422sf3anps8teujc,PERIODIC_EXECUTION,0.604065237,FALSE,high_in_counterparties_cell+high_in_counterparties,FALSE,active,,,,,,,,,,,,,,,,
ckb1qzda0cr08m85hc8jlnfp3zer7xulejywt49kt2rr0vthywaa50xwsqvdd6sal6kly783vvjjs7z67v96lrelzss078v03,bot_candidate,top_archetype=PERIODIC_EXECUTION score=0.58,https://explorer.nervos.org/address/ckb1qzda0cr08m85hc8jlnfp3zer7xulejywt49kt2rr0vthywaa50xwsqvdd6sal6kly783vvjjs7z67v96lrelzss078v03,PERIODIC_EXECUTION,0.575292757,FALSE,high_in_counterparties_cell+high_in_counterparties,FALSE,active,,,,,,,,,,,,,,,,
ckb1qzda0cr08m85hc8jlnfp3zer7xulejywt49kt2rr0vthywaa50xwsq0anxptffq8enukzzyc9yjry5kt3ugua2gg39eh9,bot_candidate,top_archetype=PERIODIC_EXECUTION score=0.50 is_scripted,https://explorer.nervos.org/address/ckb1qzda0cr08m85hc8jlnfp3zer7xulejywt49kt2rr0vthywaa50xwsq0anxptffq8enukzzyc9yjry5kt3ugua2gg39eh9,PERIODIC_EXECUTION,0.498284387,TRUE,high_in_counterparties_cell+high_in_counterparties,FALSE,active,,,,,,,,,,,,,,,,
ckb1qzda0cr08m85hc8jlnfp3zer7xulejywt49kt2rr0vthywaa50xwsqt5hd8ra55wkxyswhn2w70tvgp8pzwvapqeasdg3,bot_candidate,top_archetype=CELL_FRAGMENTATION score=0.86 is_scripted,https://explorer.nervos.org/address/ckb1qzda0cr08m85hc8jlnfp3zer7xulejywt49kt2rr0vthywaa50xwsqt5hd8ra55wkxyswhn2w70tvgp8pzwvapqeasdg3,CELL_FRAGMENTATION,0.860101203,TRUE,high_in_counterparties_cell+high_in_counterparties,FALSE,active,,,,,,,,,,,,,,,,
ckb1qzda0cr08m85hc8jlnfp3zer7xulejywt49kt2rr0vthywaa50xwsqwzq09g8qd95he6qjne0delv4gt4wpzh7su5cj2q,bot_candidate,top_archetype=PERIODIC_EXECUTION score=0.50,https://explorer.nervos.org/address/ckb1qzda0cr08m85hc8jlnfp3zer7xulejywt49kt2rr0vthywaa50xwsqwzq09g8qd95he6qjne0delv4gt4wpzh7su5cj2q,PERIODIC_EXECUTION,0.500428187,FALSE,high_in_counterparties_cell+high_in_counterparties,FALSE,active,,,,,,,,,,,,,,,,
ckb1qzda0cr08m85hc8jlnfp3zer7xulejywt49kt2rr0vthywaa50xwsqdj4umj7up8wpnzcfyfluuedu62pk2sk2c5lwnrt,bot_candidate,top_archetype=PERIODIC_EXECUTION score=0.61,https://explorer.nervos.org/address/ckb1qzda0cr08m85hc8jlnfp3zer7xulejywt49kt2rr0vthywaa50xwsqdj4umj7up8wpnzcfyfluuedu62pk2sk2c5lwnrt,PERIODIC_EXECUTION,0.60503041,FALSE,high_in_counterparties_cell+high_in_counterparties,FALSE,active,,,,,,,,,,,,,,,,
ckb1qzda0cr08m85hc8jlnfp3zer7xulejywt49kt2rr0vthywaa50xwsqwuu3rvzwd5vm6wn45ql8qjgrw6tqh0cvgrxrwtu,bot_candidate,top_archetype=PERIODIC_EXECUTION score=0.59,https://explorer.nervos.org/address/ckb1qzda0cr08m85hc8jlnfp3zer7xulejywt49kt2rr0vthywaa50xwsqwuu3rvzwd5vm6wn45ql8qjgrw6tqh0cvgrxrwtu,PERIODIC_EXECUTION,0.58867712,FALSE,high_in_counterparties_cell+high_in_counterparties,FALSE,active,,,,,,,,,,,,,,,,
ckb1qzda0cr08m85hc8jlnfp3zer7xulejywt49kt2rr0vthywaa50xwsqt2gnkqzr9sm0q9syuahhy9mgu9hx3r5pg74y4jz,human_candidate,top_archetype=IRREGULAR_ACTIVITY score=0.91,https://explorer.nervos.org/address/ckb1qzda0cr08m85hc8jlnfp3zer7xulejywt49kt2rr0vthywaa50xwsqt2gnkqzr9sm0q9syuahhy9mgu9hx3r5pg74y4jz,IRREGULAR_ACTIVITY,0.910127608,FALSE,low_out_hhi_cell+low_out_hhi,FALSE,active,,,,,,,,,,,,,,,,
ckb1qzda0cr08m85hc8jlnfp3zer7xulejywt49kt2rr0vthywaa50xwsq29kqmgkuplk5r7j3h8tjdex4cruvfzkfcmnttus,human_candidate,top_archetype=IRREGULAR_ACTIVITY score=0.90,https://explorer.nervos.org/address/ckb1qzda0cr08m85hc8jlnfp3zer7xulejywt49kt2rr0vthywaa50xwsq29kqmgkuplk5r7j3h8tjdex4cruvfzkfcmnttus,IRREGULAR_ACTIVITY,0.900503379,FALSE,high_in_counterparties_cell+high_in_counterparties,FALSE,active,,,,,,,,,,,,,,,,
ckb1qzda0cr08m85hc8jlnfp3zer7xulejywt49kt2rr0vthywaa50xwsqggs86408ja7nsgdh0lz0cxafua6u0pq5cmvsxuu,human_candidate,top_archetype=IRREGULAR_ACTIVITY score=0.90,https://explorer.nervos.org/address/ckb1qzda0cr08m85hc8jlnfp3zer7xulejywt49kt2rr0vthywaa50xwsqggs86408ja7nsgdh0lz0cxafua6u0pq5cmvsxuu,IRREGULAR_ACTIVITY,0.897972857,FALSE,high_in_counterparties_cell+high_in_counterparties,FALSE,active,,,,,,,,,,,,,,,,
ckb1qzda0cr08m85hc8jlnfp3zer7xulejywt49kt2rr0vthywaa50xwsqdw7svu2fzp5uqpu4xfupgkm4xw0zd79agr0jz8p,human_candidate,top_archetype=IRREGULAR_ACTIVITY score=0.90,https://explorer.nervos.org/address/ckb1qzda0cr08m85hc8jlnfp3zer7xulejywt49kt2rr0vthywaa50xwsqdw7svu2fzp5uqpu4xfupgkm4xw0zd79agr0jz8p,IRREGULAR_ACTIVITY,0.895272485,FALSE,high_in_counterparties_cell+high_in_counterparties,FALSE,active,,,,,,,,,,,,,,,,
ckb1qzda0cr08m85hc8jlnfp3zer7xulejywt49kt2rr0vthywaa50xwsqguzqmcp4wprkpawalhp3hqfu9ur2q2tps9lv2ge,human_candidate,top_archetype=IRREGULAR_ACTIVITY score=0.88,https://explorer.nervos.org/address/ckb1qzda0cr08m85hc8jlnfp3zer7xulejywt49kt2rr0vthywaa50xwsqguzqmcp4wprkpawalhp3hqfu9ur2q2tps9lv2ge,IRREGULAR_ACTIVITY,0.884178798,FALSE,Outlier_Excluded,FALSE,active,,,,,,,,,,,,,,,,
ckb1qzda0cr08m85hc8jlnfp3zer7xulejywt49kt2rr0vthywaa50xwsq03gy6qc59208692fxn2pa2pln3xwcwdxsc7p7te,human_candidate,top_archetype=IRREGULAR_ACTIVITY score=0.88,https://explorer.nervos.org/address/ckb1qzda0cr08m85hc8jlnfp3zer7xulejywt49kt2rr0vthywaa50xwsq03gy6qc59208692fxn2pa2pln3xwcwdxsc7p7te,IRREGULAR_ACTIVITY,0.884161529,FALSE,high_in_counterparties_cell+high_in_counterparties,FALSE,active,,,,,,,,,,,,,,,,
ckb1qzda0cr08m85hc8jlnfp3zer7xulejywt49kt2rr0vthywaa50xwsq087uc2epsa0ft08zu747g30c6zuh2lyxcsqugmn,human_candidate,top_archetype=IRREGULAR_ACTIVITY score=0.88,https://explorer.nervos.org/address/ckb1qzda0cr08m85hc8jlnfp3zer7xulejywt49kt2rr0vthywaa50xwsq087uc2epsa0ft08zu747g30c6zuh2lyxcsqugmn,IRREGULAR_ACTIVITY,0.882500165,FALSE,low_out_hhi_cell+low_out_hhi,FALSE,active,,,,,,,,,,,,,,,,
ckb1qzda0cr08m85hc8jlnfp3zer7xulejywt49kt2rr0vthywaa50xwsqdtejzc329up3s665cxswczse77neqxr2c6uk0jz,human_candidate,top_archetype=IRREGULAR_ACTIVITY score=0.88,https://explorer.nervos.org/address/ckb1qzda0cr08m85hc8jlnfp3zer7xulejywt49kt2rr0vthywaa50xwsqdtejzc329up3s665cxswczse77neqxr2c6uk0jz,IRREGULAR_ACTIVITY,0.879367045,FALSE,Outlier_Excluded,FALSE,active,,,,,,,,,,,,,,,,
ckb1qzda0cr08m85hc8jlnfp3zer7xulejywt49kt2rr0vthywaa50xwsqdfpcl42753m0xgau9yefhgfxukx83dwysy7tdl3,human_candidate,top_archetype=IRREGULAR_ACTIVITY score=0.88,https://explorer.nervos.org/address/ckb1qzda0cr08m85hc8jlnfp3zer7xulejywt49kt2rr0vthywaa50xwsqdfpcl42753m0xgau9yefhgfxukx83dwysy7tdl3,IRREGULAR_ACTIVITY,0.877656623,FALSE,Outlier_Excluded,FALSE,active,,,,,,,,,,,,,,,,
ckb1qzda0cr08m85hc8jlnfp3zer7xulejywt49kt2rr0vthywaa50xwsqfcls7pnlg5eausdqrj4k0jrlhm7zy3jrsjljh33,human_candidate,top_archetype=IRREGULAR_ACTIVITY score=0.88,https://explorer.nervos.org/address/ckb1qzda0cr08m85hc8jlnfp3zer7xulejywt49kt2rr0vthywaa50xwsqfcls7pnlg5eausdqrj4k0jrlhm7zy3jrsjljh33,IRREGULAR_ACTIVITY,0.876197558,FALSE,Outlier_Excluded,FALSE,active,,,,,,,,,,,,,,,,
ckb1qzda0cr08m85hc8jlnfp3zer7xulejywt49kt2rr0vthywaa50xwsq2e7teagdtnarf320ckuekrnpcdc4uzpdscj99tg,human_candidate,top_archetype=IRREGULAR_ACTIVITY score=0.72,https://explorer.nervos.org/address/ckb1qzda0cr08m85hc8jlnfp3zer7xulejywt49kt2rr0vthywaa50xwsq2e7teagdtnarf320ckuekrnpcdc4uzpdscj99tg,IRREGULAR_ACTIVITY,0.717994677,FALSE,high_in_counterparties_cell+high_in_counterparties,FALSE,active,,,,,,,,,,,,,,,,
ckb1qzda0cr08m85hc8jlnfp3zer7xulejywt49kt2rr0vthywaa50xwsqvmjk724y9qgf30ccu4zqd5aktvd4e8hcq3r3exj,human_candidate,top_archetype=IRREGULAR_ACTIVITY score=0.71,https://explorer.nervos.org/address/ckb1qzda0cr08m85hc8jlnfp3zer7xulejywt49kt2rr0vthywaa50xwsqvmjk724y9qgf30ccu4zqd5aktvd4e8hcq3r3exj,IRREGULAR_ACTIVITY,0.709173541,FALSE,high_in_counterparties_cell+high_in_counterparties,FALSE,active,,,,,,,,,,,,,,,,
ckb1qqcratfhhe0whl8n2pyyw9248r9kyw3x7gmkp80jf0ffvagvzgc8sqgdzm4fw,human_candidate,top_archetype=IRREGULAR_ACTIVITY score=0.83,https://explorer.nervos.org/address/ckb1qqcratfhhe0whl8n2pyyw9248r9kyw3x7gmkp80jf0ffvagvzgc8sqgdzm4fw,IRREGULAR_ACTIVITY,0.831084657,FALSE,Outlier_Excluded,FALSE,active,,,,,,,,,,,,,,,,
ckb1qzda0cr08m85hc8jlnfp3zer7xulejywt49kt2rr0vthywaa50xwsqgnfvuxythnvn6vprmx6jxl9fqh5ezez8q9guwpx,human_candidate,top_archetype=IRREGULAR_ACTIVITY score=0.53,https://explorer.nervos.org/address/ckb1qzda0cr08m85hc8jlnfp3zer7xulejywt49kt2rr0vthywaa50xwsqgnfvuxythnvn6vprmx6jxl9fqh5ezez8q9guwpx,IRREGULAR_ACTIVITY,0.525251159,FALSE,high_in_counterparties_cell+high_in_counterparties,FALSE,active,,,,,,,,,,,,,,,,
ckb1qzda0cr08m85hc8jlnfp3zer7xulejywt49kt2rr0vthywaa50xwsq2pnp7gglp8clvahem5mpf7wmr0pjk5krgf4lwf2,human_candidate,top_archetype=IRREGULAR_ACTIVITY score=0.87,https://explorer.nervos.org/address/ckb1qzda0cr08m85hc8jlnfp3zer7xulejywt49kt2rr0vthywaa50xwsq2pnp7gglp8clvahem5mpf7wmr0pjk5krgf4lwf2,IRREGULAR_ACTIVITY,0.868955058,FALSE,high_in_counterparties_cell+high_in_counterparties,FALSE,active,,,,,,,,,,,,,,,,
ckb1qzda0cr08m85hc8jlnfp3zer7xulejywt49kt2rr0vthywaa50xwsqg2h7uwwprx9jj45wjl3atqcx9n2ztadscfrnanm,human_candidate,top_archetype=IRREGULAR_ACTIVITY score=0.55,https://explorer.nervos.org/address/ckb1qzda0cr08m85hc8jlnfp3zer7xulejywt49kt2rr0vthywaa50xwsqg2h7uwwprx9jj45wjl3atqcx9n2ztadscfrnanm,IRREGULAR_ACTIVITY,0.55150869,FALSE,high_in_counterparties_cell+high_in_counterparties,FALSE,active,,,,,,,,,,,,,,,,
ckb1qzda0cr08m85hc8jlnfp3zer7xulejywt49kt2rr0vthywaa50xwsq0w5cger8gkfqrzly29erurag0yrmkx8vgk92dj4,human_candidate,top_archetype=IRREGULAR_ACTIVITY score=0.56,https://explorer.nervos.org/address/ckb1qzda0cr08m85hc8jlnfp3zer7xulejywt49kt2rr0vthywaa50xwsq0w5cger8gkfqrzly29erurag0yrmkx8vgk92dj4,IRREGULAR_ACTIVITY,0.564566332,FALSE,high_in_counterparties_cell+high_in_counterparties,FALSE,active,,,,,,,,,,,,,,,,
ckb1qzda0cr08m85hc8jlnfp3zer7xulejywt49kt2rr0vthywaa50xwsq08nxknd7g5pzwe9mmdcqtqfs5f8ckh8fq34kxj8,human_candidate,top_archetype=IRREGULAR_ACTIVITY score=0.76,https://explorer.nervos.org/address/ckb1qzda0cr08m85hc8jlnfp3zer7xulejywt49kt2rr0vthywaa50xwsq08nxknd7g5pzwe9mmdcqtqfs5f8ckh8fq34kxj8,IRREGULAR_ACTIVITY,0.764963964,FALSE,high_in_counterparties_cell+high_in_counterparties,FALSE,active,,,,,,,,,,,,,,,,
ckb1qzda0cr08m85hc8jlnfp3zer7xulejywt49kt2rr0vthywaa50xwsq2qtfq8zdd9rs86hslwh8j4h8qjk6r3e6s0k50ul,human_candidate,top_archetype=IRREGULAR_ACTIVITY score=0.76,https://explorer.nervos.org/address/ckb1qzda0cr08m85hc8jlnfp3zer7xulejywt49kt2rr0vthywaa50xwsq2qtfq8zdd9rs86hslwh8j4h8qjk6r3e6s0k50ul,IRREGULAR_ACTIVITY,0.757867527,FALSE,high_in_counterparties_cell+high_in_counterparties,FALSE,active,,,,,,,,,,,,,,,,
ckb1qzda0cr08m85hc8jlnfp3zer7xulejywt49kt2rr0vthywaa50xwsqgdfcqrc54z7gdl04pmq7vskgdzx2axu0cns0vcq,human_candidate,top_archetype=IRREGULAR_ACTIVITY score=0.65,https://explorer.nervos.org/address/ckb1qzda0cr08m85hc8jlnfp3zer7xulejywt49kt2rr0vthywaa50xwsqgdfcqrc54z7gdl04pmq7vskgdzx2axu0cns0vcq,IRREGULAR_ACTIVITY,0.651343193,FALSE,high_in_counterparties_cell+high_in_counterparties,FALSE,active,,,,,,,,,,,,,,,,
ckb1qr2g8yj3vrjzx2evk20szt5rszmmvykhrn6w0xv3ga4khnmpqu6lvqq3u8mhh,miner_exchange_candidate,outlier distance_z=1067.5 worst_feature=unique_counterparties_out,https://explorer.nervos.org/address/ckb1qr2g8yj3vrjzx2evk20szt5rszmmvykhrn6w0xv3ga4khnmpqu6lvqq3u8mhh,IRREGULAR_ACTIVITY,0.743049064,TRUE,Outlier_Excluded,FALSE,active,,,,,,,,,,,,,,,,
ckb1qzda0cr08m85hc8jlnfp3zer7xulejywt49kt2rr0vthywaa50xwsqdh26mj0xls204ndg9lsdptdz0zu0jdmycngh5ht,miner_exchange_candidate,outlier distance_z=1061.1 worst_feature=unique_counterparties_out,https://explorer.nervos.org/address/ckb1qzda0cr08m85hc8jlnfp3zer7xulejywt49kt2rr0vthywaa50xwsqdh26mj0xls204ndg9lsdptdz0zu0jdmycngh5ht,IRREGULAR_ACTIVITY,0.743088797,TRUE,Outlier_Excluded,FALSE,active,,,,,,,,,,,,,,,,
ckb1qqcratfhhe0whl8n2pyyw9248r9kyw3x7gmkp80jf0ffvagvzgc8sqgdzm4fw,miner_exchange_candidate,outlier distance_z=955.0 worst_feature=unique_counterparties_out,https://explorer.nervos.org/address/ckb1qqcratfhhe0whl8n2pyyw9248r9kyw3x7gmkp80jf0ffvagvzgc8sqgdzm4fw,IRREGULAR_ACTIVITY,0.831084657,FALSE,Outlier_Excluded,FALSE,active,,,,,,,,,,,,,,,,
ckb1qzda0cr08m85hc8jlnfp3zer7xulejywt49kt2rr0vthywaa50xwsq0z3cryxyjf4df3u2p4t4t2ujzhwa74wpga7me7t,miner_exchange_candidate,outlier distance_z=513.6 worst_feature=unique_counterparties_out,https://explorer.nervos.org/address/ckb1qzda0cr08m85hc8jlnfp3zer7xulejywt49kt2rr0vthywaa50xwsq0z3cryxyjf4df3u2p4t4t2ujzhwa74wpga7me7t,BATCH_DISTRIBUTION,0.987236439,TRUE,Outlier_Excluded,FALSE,active,,,,,,,,,,,,,,,,
ckb1qzda0cr08m85hc8jlnfp3zer7xulejywt49kt2rr0vthywaa50xwsqfc5kszzn9mc2zycl58v8jjrk9zhmr97cg3ndvfs,miner_exchange_candidate,outlier distance_z=423.8 worst_feature=unique_counterparties_out,https://explorer.nervos.org/address/ckb1qzda0cr08m85hc8jlnfp3zer7xulejywt49kt2rr0vthywaa50xwsqfc5kszzn9mc2zycl58v8jjrk9zhmr97cg3ndvfs,ROUND_TRIP,0.806474842,TRUE,Outlier_Excluded,FALSE,active,,,,,,,,,,,,,,,,
ckb1qzda0cr08m85hc8jlnfp3zer7xulejywt49kt2rr0vthywaa50xwsq2gxfhv94tp8sc29c5xhsuttgk4hhpp2nq2mt7ff,miner_exchange_candidate,outlier distance_z=373.6 worst_feature=unique_counterparties_in,https://explorer.nervos.org/address/ckb1qzda0cr08m85hc8jlnfp3zer7xulejywt49kt2rr0vthywaa50xwsq2gxfhv94tp8sc29c5xhsuttgk4hhpp2nq2mt7ff,IRREGULAR_ACTIVITY,0.800730507,FALSE,Outlier_Excluded,FALSE,active,,,,,,,,,,,,,,,,
ckb1qzda0cr08m85hc8jlnfp3zer7xulejywt49kt2rr0vthywaa50xwsqdmvgx9866nn68gsfshgy660unf97wzfcgcxrvec,miner_exchange_candidate,outlier distance_z=319.4 worst_feature=unique_counterparties_in,https://explorer.nervos.org/address/ckb1qzda0cr08m85hc8jlnfp3zer7xulejywt49kt2rr0vthywaa50xwsqdmvgx9866nn68gsfshgy660unf97wzfcgcxrvec,IRREGULAR_ACTIVITY,0.696314792,FALSE,Outlier_Excluded,FALSE,active,,,,,,,,,,,,,,,,
ckb1qzda0cr08m85hc8jlnfp3zer7xulejywt49kt2rr0vthywaa50xwsqd9ec9tr57qedasftglxrgq9yl657ym3yqddeg6p,miner_exchange_candidate,outlier distance_z=281.8 worst_feature=unique_counterparties_in,https://explorer.nervos.org/address/ckb1qzda0cr08m85hc8jlnfp3zer7xulejywt49kt2rr0vthywaa50xwsqd9ec9tr57qedasftglxrgq9yl657ym3yqddeg6p,IRREGULAR_ACTIVITY,0.806157458,FALSE,Outlier_Excluded,FALSE,active,,,,,,,,,,,,,,,,
ckb1qzda0cr08m85hc8jlnfp3zer7xulejywt49kt2rr0vthywaa50xwsq2ul0rt55hnp2e2nzzhfkep4xtc3l88rxqes83vq,miner_exchange_candidate,outlier distance_z=241.9 worst_feature=unique_counterparties_in,https://explorer.nervos.org/address/ckb1qzda0cr08m85hc8jlnfp3zer7xulejywt49kt2rr0vthywaa50xwsq2ul0rt55hnp2e2nzzhfkep4xtc3l88rxqes83vq,IRREGULAR_ACTIVITY,0.794790084,FALSE,Outlier_Excluded,FALSE,active,,,,,,,,,,,,,,,,
ckb1qzda0cr08m85hc8jlnfp3zer7xulejywt49kt2rr0vthywaa50xwsqd7w5u492rs93nr0e0086myx8qdknytcmsw3hx46,miner_exchange_candidate,outlier distance_z=233.2 worst_feature=unique_counterparties_out,https://explorer.nervos.org/address/ckb1qzda0cr08m85hc8jlnfp3zer7xulejywt49kt2rr0vthywaa50xwsqd7w5u492rs93nr0e0086myx8qdknytcmsw3hx46,IRREGULAR_ACTIVITY,0.592556106,FALSE,Outlier_Excluded,FALSE,active,,,,,,,,,,,,,,,,
ckb1qzda0cr08m85hc8jlnfp3zer7xulejywt49kt2rr0vthywaa50xwsqgjdw5vq6y0me78r46vf29flspd83qy9us3p3jgp,miner_exchange_candidate,outlier distance_z=210.7 worst_feature=unique_counterparties_in,https://explorer.nervos.org/address/ckb1qzda0cr08m85hc8jlnfp3zer7xulejywt49kt2rr0vthywaa50xwsqgjdw5vq6y0me78r46vf29flspd83qy9us3p3jgp,FAN_IN_COLLECTION,0.972807491,TRUE,Outlier_Excluded,FALSE,active,,,,,,,,,,,,,,,,
ckb1qrgqep8saj8agswr30pls73hra28ry8jlnlc3ejzh3dl2ju7xxpjxqgqq9ef4udwfyuwywlsqwy08wpapagss8ej8yxj50cr,miner_exchange_candidate,outlier distance_z=198.9 worst_feature=unique_counterparties_out,https://explorer.nervos.org/address/ckb1qrgqep8saj8agswr30pls73hra28ry8jlnlc3ejzh3dl2ju7xxpjxqgqq9ef4udwfyuwywlsqwy08wpapagss8ej8yxj50cr,IRREGULAR_ACTIVITY,0.793395241,FALSE,Outlier_Excluded,FALSE,active,,,,,,,,,,,,,,,,
ckb1qzda0cr08m85hc8jlnfp3zer7xulejywt49kt2rr0vthywaa50xwsqv3zjwlrxn8vk53c4d9a8ksecf9rj86mfsv8t4pc,miner_exchange_candidate,outlier distance_z=185.0 worst_feature=unique_counterparties_in,https://explorer.nervos.org/address/ckb1qzda0cr08m85hc8jlnfp3zer7xulejywt49kt2rr0vthywaa50xwsqv3zjwlrxn8vk53c4d9a8ksecf9rj86mfsv8t4pc,IRREGULAR_ACTIVITY,0.745516176,TRUE,Outlier_Excluded,FALSE,active,,,,,,,,,,,,,,,,
ckb1qrgqep8saj8agswr30pls73hra28ry8jlnlc3ejzh3dl2ju7xxpjxqgqqyknjsdgjmz9a475mzuledqlm82yujj4vu8xllec,miner_exchange_candidate,outlier distance_z=160.4 worst_feature=unique_counterparties_out,https://explorer.nervos.org/address/ckb1qrgqep8saj8agswr30pls73hra28ry8jlnlc3ejzh3dl2ju7xxpjxqgqqyknjsdgjmz9a475mzuledqlm82yujj4vu8xllec,IRREGULAR_ACTIVITY,0.781690901,FALSE,Outlier_Excluded,FALSE,active,,,,,,,,,,,,,,,,
ckb1qzda0cr08m85hc8jlnfp3zer7xulejywt49kt2rr0vthywaa50xwsqf6qtawqcsf9ga3yuhh8gfhxuyah7rvtlgzn95vl,miner_exchange_candidate,outlier distance_z=125.3 worst_feature=unique_counterparties_out,https://explorer.nervos.org/address/ckb1qzda0cr08m85hc8jlnfp3zer7xulejywt49kt2rr0vthywaa50xwsqf6qtawqcsf9ga3yuhh8gfhxuyah7rvtlgzn95vl,BATCH_DISTRIBUTION,0.941167384,TRUE,Outlier_Excluded,FALSE,active,,,,,,,,,,,,,,,,
ckb1qrgqep8saj8agswr30pls73hra28ry8jlnlc3ejzh3dl2ju7xxpjxqgqqxamnrpernhha9nsyus0k6f8a6ays6t0cusm37pn,miner_exchange_candidate,outlier distance_z=98.8 worst_feature=unique_counterparties_out,https://explorer.nervos.org/address/ckb1qrgqep8saj8agswr30pls73hra28ry8jlnlc3ejzh3dl2ju7xxpjxqgqqxamnrpernhha9nsyus0k6f8a6ays6t0cusm37pn,ROUND_TRIP,0.794566579,FALSE,Outlier_Excluded,FALSE,active,,,,,,,,,,,,,,,,
ckb1qzda0cr08m85hc8jlnfp3zer7xulejywt49kt2rr0vthywaa50xwsqt785chmwk9t3w2j3570chwvmwq3l2sxrcvmsm9d,miner_exchange_candidate,outlier distance_z=97.6 worst_feature=unique_counterparties_out,https://explorer.nervos.org/address/ckb1qzda0cr08m85hc8jlnfp3zer7xulejywt49kt2rr0vthywaa50xwsqt785chmwk9t3w2j3570chwvmwq3l2sxrcvmsm9d,IRREGULAR_ACTIVITY,0.833686994,FALSE,Outlier_Excluded,FALSE,active,,,,,,,,,,,,,,,,
ckb1qzda0cr08m85hc8jlnfp3zer7xulejywt49kt2rr0vthywaa50xwsq0z6h6nlju0mcdp0ny0sx77tmu6j2700lqkdeakp,miner_exchange_candidate,outlier distance_z=83.6 worst_feature=unique_counterparties_out,https://explorer.nervos.org/address/ckb1qzda0cr08m85hc8jlnfp3zer7xulejywt49kt2rr0vthywaa50xwsq0z6h6nlju0mcdp0ny0sx77tmu6j2700lqkdeakp,ROUND_TRIP,0.933498607,FALSE,Outlier_Excluded,FALSE,active,,,,,,,,,,,,,,,,
ckb1qzda0cr08m85hc8jlnfp3zer7xulejywt49kt2rr0vthywaa50xwsqtlpgc29k57ufndd7gpm2jjvpwc2hqygjgtf54lg,miner_exchange_candidate,outlier distance_z=80.9 worst_feature=unique_counterparties_out,https://explorer.nervos.org/address/ckb1qzda0cr08m85hc8jlnfp3zer7xulejywt49kt2rr0vthywaa50xwsqtlpgc29k57ufndd7gpm2jjvpwc2hqygjgtf54lg,ROUND_TRIP,0.935063734,FALSE,Outlier_Excluded,FALSE,active,,,,,,,,,,,,,,,,
ckb1qzda0cr08m85hc8jlnfp3zer7xulejywt49kt2rr0vthywaa50xwsqwfjnz2axuppeu5r68084wjm6a0xtxfy9cj4a5sa,miner_exchange_candidate,outlier distance_z=79.3 worst_feature=unique_counterparties_out,https://explorer.nervos.org/address/ckb1qzda0cr08m85hc8jlnfp3zer7xulejywt49kt2rr0vthywaa50xwsqwfjnz2axuppeu5r68084wjm6a0xtxfy9cj4a5sa,IRREGULAR_ACTIVITY,0.773872858,FALSE,Outlier_Excluded,FALSE,active,,,,,,,,,,,,,,,,
ckb1qzda0cr08m85hc8jlnfp3zer7xulejywt49kt2rr0vthywaa50xwsq0msaj6cvf2tgju69tdu4sfreu2uch2ynqsm7elv,inactive_qa_sample,"wallet_status=unused (spot-check, not a validation exercise)",https://explorer.nervos.org/address/ckb1qzda0cr08m85hc8jlnfp3zer7xulejywt49kt2rr0vthywaa50xwsq0msaj6cvf2tgju69tdu4sfreu2uch2ynqsm7elv,INSUFFICIENT_EVIDENCE,,FALSE,Inactive,FALSE,unused,,,,,,,,,,,,,,,,
ckb1qzda0cr08m85hc8jlnfp3zer7xulejywt49kt2rr0vthywaa50xwsqdv3msqhwu0eel0cx4vxkhzphyxdxg0p2gcn4zk4,inactive_qa_sample,"wallet_status=unused (spot-check, not a validation exercise)",https://explorer.nervos.org/address/ckb1qzda0cr08m85hc8jlnfp3zer7xulejywt49kt2rr0vthywaa50xwsqdv3msqhwu0eel0cx4vxkhzphyxdxg0p2gcn4zk4,INSUFFICIENT_EVIDENCE,,FALSE,Inactive,FALSE,unused,,,,,,,,,,,,,,,,
ckb1qzda0cr08m85hc8jlnfp3zer7xulejywt49kt2rr0vthywaa50xwsqvgqh40v2g5ps3rann79tvw9gq6ewrft7gp909qk,inactive_qa_sample,"wallet_status=unused (spot-check, not a validation exercise)",https://explorer.nervos.org/address/ckb1qzda0cr08m85hc8jlnfp3zer7xulejywt49kt2rr0vthywaa50xwsqvgqh40v2g5ps3rann79tvw9gq6ewrft7gp909qk,INSUFFICIENT_EVIDENCE,,FALSE,Inactive,FALSE,unused,,,,,,,,,,,,,,,,
ckb1qzda0cr08m85hc8jlnfp3zer7xulejywt49kt2rr0vthywaa50xwsqgv9p59awt6f744dzhudpxwg07hhxrfxqqx304da,inactive_qa_sample,"wallet_status=unused (spot-check, not a validation exercise)",https://explorer.nervos.org/address/ckb1qzda0cr08m85hc8jlnfp3zer7xulejywt49kt2rr0vthywaa50xwsqgv9p59awt6f744dzhudpxwg07hhxrfxqqx304da,INSUFFICIENT_EVIDENCE,,FALSE,Inactive,FALSE,unused,,,,,,,,,,,,,,,,
ckb1qzda0cr08m85hc8jlnfp3zer7xulejywt49kt2rr0vthywaa50xwsqdjlu4rl6rwlf2zak4lawpv7z6ctq54rtcvm0g0r,inactive_qa_sample,"wallet_status=unused (spot-check, not a validation exercise)",https://explorer.nervos.org/address/ckb1qzda0cr08m85hc8jlnfp3zer7xulejywt49kt2rr0vthywaa50xwsqdjlu4rl6rwlf2zak4lawpv7z6ctq54rtcvm0g0r,INSUFFICIENT_EVIDENCE,,FALSE,Inactive,FALSE,unused,,,,,,,,,,,,,,,,
ckb1qzda0cr08m85hc8jlnfp3zer7xulejywt49kt2rr0vthywaa50xwsqg6etjlacez8tnmwnue2rpngpyjzn7nd8q46sh5m,inactive_qa_sample,"wallet_status=unused (spot-check, not a validation exercise)",https://explorer.nervos.org/address/ckb1qzda0cr08m85hc8jlnfp3zer7xulejywt49kt2rr0vthywaa50xwsqg6etjlacez8tnmwnue2rpngpyjzn7nd8q46sh5m,INSUFFICIENT_EVIDENCE,,FALSE,Inactive,FALSE,unused,,,,,,,,,,,,,,,,
ckb1qzda0cr08m85hc8jlnfp3zer7xulejywt49kt2rr0vthywaa50xwsqdwhyh3f06wztrf9xlh56pu9nxvgf3k0lqjypm82,inactive_qa_sample,"wallet_status=unused (spot-check, not a validation exercise)",https://explorer.nervos.org/address/ckb1qzda0cr08m85hc8jlnfp3zer7xulejywt49kt2rr0vthywaa50xwsqdwhyh3f06wztrf9xlh56pu9nxvgf3k0lqjypm82,INSUFFICIENT_EVIDENCE,,FALSE,Inactive,FALSE,unused,,,,,,,,,,,,,,,,
ckb1qzda0cr08m85hc8jlnfp3zer7xulejywt49kt2rr0vthywaa50xwsqgyy000nyw2vusqvhqnhpclqay3ppme74q30qusp,inactive_qa_sample,"wallet_status=unused (spot-check, not a validation exercise)",https://explorer.nervos.org/address/ckb1qzda0cr08m85hc8jlnfp3zer7xulejywt49kt2rr0vthywaa50xwsqgyy000nyw2vusqvhqnhpclqay3ppme74q30qusp,INSUFFICIENT_EVIDENCE,,FALSE,Inactive,FALSE,unused,,,,,,,,,,,,,,,,
ckb1qzda0cr08m85hc8jlnfp3zer7xulejywt49kt2rr0vthywaa50xwsq25ekf709e7prrq548fkhmqdpr0lp56sjquw2a9v,inactive_qa_sample,"wallet_status=unused (spot-check, not a validation exercise)",https://explorer.nervos.org/address/ckb1qzda0cr08m85hc8jlnfp3zer7xulejywt49kt2rr0vthywaa50xwsq25ekf709e7prrq548fkhmqdpr0lp56sjquw2a9v,INSUFFICIENT_EVIDENCE,,FALSE,Inactive,FALSE,unused,,,,,,,,,,,,,,,,
ckb1qzda0cr08m85hc8jlnfp3zer7xulejywt49kt2rr0vthywaa50xwsqd3kga46l9ryvaqndgs7ga230t5h9sna5c86ah40,inactive_qa_sample,"wallet_status=unused (spot-check, not a validation exercise)",https://explorer.nervos.org/address/ckb1qzda0cr08m85hc8jlnfp3zer7xulejywt49kt2rr0vthywaa50xwsqd3kga46l9ryvaqndgs7ga230t5h9sna5c86ah40,INSUFFICIENT_EVIDENCE,,FALSE,Inactive,FALSE,unused,,,,,,,,,,,,,,,,
ckb1qzda0cr08m85hc8jlnfp3zer7xulejywt49kt2rr0vthywaa50xwsqt77x997v0x3d3m4sxxavmcanlvwn3q0hs4upt05,disagreement_candidate,cluster=high_in_counterparties_cell+high_in_counterparties (dominant archetype=IRREGULAR_ACTIVITY) but this wallet's own top_archetype=CELL_CONSOLIDATION,https://explorer.nervos.org/address/ckb1qzda0cr08m85hc8jlnfp3zer7xulejywt49kt2rr0vthywaa50xwsqt77x997v0x3d3m4sxxavmcanlvwn3q0hs4upt05,CELL_CONSOLIDATION,0.443082438,FALSE,high_in_counterparties_cell+high_in_counterparties,FALSE,active,,,,,,,,,,,,,,,,
ckb1qzda0cr08m85hc8jlnfp3zer7xulejywt49kt2rr0vthywaa50xwsqdcr3ezl9ktveg4fpuujzgrnel0nnjvjxc2gf480,disagreement_candidate,cluster=low_out_hhi_cell+low_out_hhi (dominant archetype=IRREGULAR_ACTIVITY) but this wallet's own top_archetype=ROUND_TRIP,https://explorer.nervos.org/address/ckb1qzda0cr08m85hc8jlnfp3zer7xulejywt49kt2rr0vthywaa50xwsqdcr3ezl9ktveg4fpuujzgrnel0nnjvjxc2gf480,ROUND_TRIP,0.333333333,FALSE,low_out_hhi_cell+low_out_hhi,FALSE,active,,,,,,,,,,,,,,,,
ckb1qzda0cr08m85hc8jlnfp3zer7xulejywt49kt2rr0vthywaa50xwsqthsmfsv2yddsyu04hxwg6aw82yvdhedgqvtvu0d,disagreement_candidate,cluster=high_in_counterparties_cell+high_in_counterparties (dominant archetype=IRREGULAR_ACTIVITY) but this wallet's own top_archetype=PERIODIC_EXECUTION,https://explorer.nervos.org/address/ckb1qzda0cr08m85hc8jlnfp3zer7xulejywt49kt2rr0vthywaa50xwsqthsmfsv2yddsyu04hxwg6aw82yvdhedgqvtvu0d,PERIODIC_EXECUTION,0.423967874,TRUE,high_in_counterparties_cell+high_in_counterparties,FALSE,active,,,,,,,,,,,,,,,,
ckb1qzda0cr08m85hc8jlnfp3zer7xulejywt49kt2rr0vthywaa50xwsqf68ndqgrm406nmahnk8uyvl6up7hzhgdcjvn87t,disagreement_candidate,cluster=low_out_hhi_cell+low_out_hhi (dominant archetype=IRREGULAR_ACTIVITY) but this wallet's own top_archetype=CELL_FRAGMENTATION,https://explorer.nervos.org/address/ckb1qzda0cr08m85hc8jlnfp3zer7xulejywt49kt2rr0vthywaa50xwsqf68ndqgrm406nmahnk8uyvl6up7hzhgdcjvn87t,CELL_FRAGMENTATION,0.409787798,FALSE,low_out_hhi_cell+low_out_hhi,FALSE,active,,,,,,,,,,,,,,,,
ckb1qzda0cr08m85hc8jlnfp3zer7xulejywt49kt2rr0vthywaa50xwsqgymz5r96gzf6r87vldacvwxsxmk99t47swcpt4f,disagreement_candidate,cluster=high_in_counterparties_cell+high_in_counterparties (dominant archetype=IRREGULAR_ACTIVITY) but this wallet's own top_archetype=PERIODIC_EXECUTION,https://explorer.nervos.org/address/ckb1qzda0cr08m85hc8jlnfp3zer7xulejywt49kt2rr0vthywaa50xwsqgymz5r96gzf6r87vldacvwxsxmk99t47swcpt4f,PERIODIC_EXECUTION,0.615532695,FALSE,high_in_counterparties_cell+high_in_counterparties,FALSE,active,,,,,,,,,,,,,,,,
ckb1qzda0cr08m85hc8jlnfp3zer7xulejywt49kt2rr0vthywaa50xwsqvtd053tgl4c6dcn4qe70nvyygkmh2llwgesskle,disagreement_candidate,cluster=high_in_counterparties_cell+high_in_counterparties (dominant archetype=IRREGULAR_ACTIVITY) but this wallet's own top_archetype=CELL_FRAGMENTATION,https://explorer.nervos.org/address/ckb1qzda0cr08m85hc8jlnfp3zer7xulejywt49kt2rr0vthywaa50xwsqvtd053tgl4c6dcn4qe70nvyygkmh2llwgesskle,CELL_FRAGMENTATION,1,FALSE,high_in_counterparties_cell+high_in_counterparties,FALSE,active,,,,,,,,,,,,,,,,
ckb1qzda0cr08m85hc8jlnfp3zer7xulejywt49kt2rr0vthywaa50xwsqfrwmam5nkqvxfjujhr7kk9d2f2dvdj4egq7kqlm,disagreement_candidate,cluster=high_in_counterparties_cell+high_in_counterparties (dominant archetype=IRREGULAR_ACTIVITY) but this wallet's own top_archetype=PERIODIC_EXECUTION,https://explorer.nervos.org/address/ckb1qzda0cr08m85hc8jlnfp3zer7xulejywt49kt2rr0vthywaa50xwsqfrwmam5nkqvxfjujhr7kk9d2f2dvdj4egq7kqlm,PERIODIC_EXECUTION,0.600233365,FALSE,high_in_counterparties_cell+high_in_counterparties,FALSE,active,,,,,,,,,,,,,,,,
ckb1qzda0cr08m85hc8jlnfp3zer7xulejywt49kt2rr0vthywaa50xwsqwz877ez7j69yehpaxf8fjl4g6cxg59k4cmp9c8s,disagreement_candidate,cluster=high_in_counterparties_cell+high_in_counterparties (dominant archetype=IRREGULAR_ACTIVITY) but this wallet's own top_archetype=CELL_CONSOLIDATION,https://explorer.nervos.org/address/ckb1qzda0cr08m85hc8jlnfp3zer7xulejywt49kt2rr0vthywaa50xwsqwz877ez7j69yehpaxf8fjl4g6cxg59k4cmp9c8s,CELL_CONSOLIDATION,0.443082438,FALSE,high_in_counterparties_cell+high_in_counterparties,FALSE,active,,,,,,,,,,,,,,,,
ckb1qzda0cr08m85hc8jlnfp3zer7xulejywt49kt2rr0vthywaa50xwsq2eqg5mtlwgsjzpwjel4kdtlyamfyflfwshadjmx,disagreement_candidate,cluster=high_in_counterparties_cell+high_in_counterparties (dominant archetype=IRREGULAR_ACTIVITY) but this wallet's own top_archetype=PERIODIC_EXECUTION,https://explorer.nervos.org/address/ckb1qzda0cr08m85hc8jlnfp3zer7xulejywt49kt2rr0vthywaa50xwsq2eqg5mtlwgsjzpwjel4kdtlyamfyflfwshadjmx,PERIODIC_EXECUTION,0.603828951,FALSE,high_in_counterparties_cell+high_in_counterparties,FALSE,active,,,,,,,,,,,,,,,,
ckb1qzda0cr08m85hc8jlnfp3zer7xulejywt49kt2rr0vthywaa50xwsqg9zt77ljsy79v237ska0mgf4zd50avq0cdx0vpw,disagreement_candidate,cluster=high_in_counterparties_cell+high_in_counterparties (dominant archetype=IRREGULAR_ACTIVITY) but this wallet's own top_archetype=CELL_FRAGMENTATION,https://explorer.nervos.org/address/ckb1qzda0cr08m85hc8jlnfp3zer7xulejywt49kt2rr0vthywaa50xwsqg9zt77ljsy79v237ska0mgf4zd50avq0cdx0vpw,CELL_FRAGMENTATION,1,FALSE,high_in_counterparties_cell+high_in_counterparties,FALSE,active,,,,,,,,,,,,,,,,
ckb1qzda0cr08m85hc8jlnfp3zer7xulejywt49kt2rr0vthywaa50xwsqgyc38gxchqxq76zu6enhvgp5mdsgv8e7gzp680x,disagreement_candidate,cluster=high_in_counterparties_cell+high_in_counterparties (dominant archetype=IRREGULAR_ACTIVITY) but this wallet's own top_archetype=CELL_FRAGMENTATION,https://explorer.nervos.org/address/ckb1qzda0cr08m85hc8jlnfp3zer7xulejywt49kt2rr0vthywaa50xwsqgyc38gxchqxq76zu6enhvgp5mdsgv8e7gzp680x,CELL_FRAGMENTATION,0.664623657,FALSE,high_in_counterparties_cell+high_in_counterparties,FALSE,active,,,,,,,,,,,,,,,,
ckb1qzdcr9un5ezx8tkh03s46m9jymh22jruelq8svzr5krj2nx69dhjvqgjrdnzrv7tvcd9nrfr7lmqh0gatk7nxy9jqq2yluhf,disagreement_candidate,cluster=low_out_hhi_cell+low_out_hhi (dominant archetype=IRREGULAR_ACTIVITY) but this wallet's own top_archetype=ROUND_TRIP,https://explorer.nervos.org/address/ckb1qzdcr9un5ezx8tkh03s46m9jymh22jruelq8svzr5krj2nx69dhjvqgjrdnzrv7tvcd9nrfr7lmqh0gatk7nxy9jqq2yluhf,ROUND_TRIP,0.666666667,FALSE,low_out_hhi_cell+low_out_hhi,FALSE,active,,,,,,,,,,,,,,,,
ckb1qzda0cr08m85hc8jlnfp3zer7xulejywt49kt2rr0vthywaa50xwsqfhlkvwqu09p0fh8aqkzw4q63frnwe3lqgphr4ny,disagreement_candidate,cluster=high_in_counterparties_cell+high_in_counterparties (dominant archetype=IRREGULAR_ACTIVITY) but this wallet's own top_archetype=PERIODIC_EXECUTION,https://explorer.nervos.org/address/ckb1qzda0cr08m85hc8jlnfp3zer7xulejywt49kt2rr0vthywaa50xwsqfhlkvwqu09p0fh8aqkzw4q63frnwe3lqgphr4ny,PERIODIC_EXECUTION,0.498712795,TRUE,high_in_counterparties_cell+high_in_counterparties,FALSE,active,,,,,,,,,,,,,,,,
ckb1qzda0cr08m85hc8jlnfp3zer7xulejywt49kt2rr0vthywaa50xwsqvdd6sal6kly783vvjjs7z67v96lrelzss078v03,disagreement_candidate,cluster=high_in_counterparties_cell+high_in_counterparties (dominant archetype=IRREGULAR_ACTIVITY) but this wallet's own top_archetype=PERIODIC_EXECUTION,https://explorer.nervos.org/address/ckb1qzda0cr08m85hc8jlnfp3zer7xulejywt49kt2rr0vthywaa50xwsqvdd6sal6kly783vvjjs7z67v96lrelzss078v03,PERIODIC_EXECUTION,0.575292757,FALSE,high_in_counterparties_cell+high_in_counterparties,FALSE,active,,,,,,,,,,,,,,,,
ckb1qzda0cr08m85hc8jlnfp3zer7xulejywt49kt2rr0vthywaa50xwsqgzm5e3yf726rc70mkxfc2y2u4y3w27h6qeazjwx,disagreement_candidate,cluster=low_out_hhi_cell+low_out_hhi (dominant archetype=IRREGULAR_ACTIVITY) but this wallet's own top_archetype=CELL_FRAGMENTATION,https://explorer.nervos.org/address/ckb1qzda0cr08m85hc8jlnfp3zer7xulejywt49kt2rr0vthywaa50xwsqgzm5e3yf726rc70mkxfc2y2u4y3w27h6qeazjwx,CELL_FRAGMENTATION,0.409787798,FALSE,low_out_hhi_cell+low_out_hhi,FALSE,active,,,,,,,,,,,,,,,,
ckb1qzda0cr08m85hc8jlnfp3zer7xulejywt49kt2rr0vthywaa50xwsqd2ln87tv0nhyh6r2h84d3fnm5vdsjraagf5r842,disagreement_candidate,cluster=high_in_counterparties_cell+high_in_counterparties (dominant archetype=IRREGULAR_ACTIVITY) but this wallet's own top_archetype=ROUND_TRIP,https://explorer.nervos.org/address/ckb1qzda0cr08m85hc8jlnfp3zer7xulejywt49kt2rr0vthywaa50xwsqd2ln87tv0nhyh6r2h84d3fnm5vdsjraagf5r842,ROUND_TRIP,0.222222222,FALSE,high_in_counterparties_cell+high_in_counterparties,FALSE,active,,,,,,,,,,,,,,,,
ckb1qzda0cr08m85hc8jlnfp3zer7xulejywt49kt2rr0vthywaa50xwsqw5rj262huu0sgcnq38shahvee2qpuuvtg8rve95,disagreement_candidate,cluster=high_in_counterparties_cell+high_in_counterparties (dominant archetype=IRREGULAR_ACTIVITY) but this wallet's own top_archetype=CELL_CONSOLIDATION,https://explorer.nervos.org/address/ckb1qzda0cr08m85hc8jlnfp3zer7xulejywt49kt2rr0vthywaa50xwsqw5rj262huu0sgcnq38shahvee2qpuuvtg8rve95,CELL_CONSOLIDATION,0.886164876,FALSE,high_in_counterparties_cell+high_in_counterparties,FALSE,active,,,,,,,,,,,,,,,,
ckb1qzda0cr08m85hc8jlnfp3zer7xulejywt49kt2rr0vthywaa50xwsqtnlh5nyt9d4rw4nn753ty8g9vuwxemmhgxqc6ug,disagreement_candidate,cluster=low_out_hhi_cell+low_out_hhi (dominant archetype=IRREGULAR_ACTIVITY) but this wallet's own top_archetype=ROUND_TRIP,https://explorer.nervos.org/address/ckb1qzda0cr08m85hc8jlnfp3zer7xulejywt49kt2rr0vthywaa50xwsqtnlh5nyt9d4rw4nn753ty8g9vuwxemmhgxqc6ug,ROUND_TRIP,0.888888889,FALSE,low_out_hhi_cell+low_out_hhi,FALSE,active,,,,,,,,,,,,,,,,
ckb1qzda0cr08m85hc8jlnfp3zer7xulejywt49kt2rr0vthywaa50xwsqt6knef6c2z0fu3jn04zqhw2e6sk98a3gsrn64xu,disagreement_candidate,cluster=low_out_hhi_cell+low_out_hhi (dominant archetype=IRREGULAR_ACTIVITY) but this wallet's own top_archetype=CELL_FRAGMENTATION,https://explorer.nervos.org/address/ckb1qzda0cr08m85hc8jlnfp3zer7xulejywt49kt2rr0vthywaa50xwsqt6knef6c2z0fu3jn04zqhw2e6sk98a3gsrn64xu,CELL_FRAGMENTATION,0.819575597,TRUE,low_out_hhi_cell+low_out_hhi,FALSE,active,,,,,,,,,,,,,,,,
ckb1qzda0cr08m85hc8jlnfp3zer7xulejywt49kt2rr0vthywaa50xwsqdvt7epf6qmf9rk9pvdjkptedqx23y7r6czf3svw,disagreement_candidate,cluster=high_in_counterparties_cell+high_in_counterparties (dominant archetype=IRREGULAR_ACTIVITY) but this wallet's own top_archetype=ROUND_TRIP,https://explorer.nervos.org/address/ckb1qzda0cr08m85hc8jlnfp3zer7xulejywt49kt2rr0vthywaa50xwsqdvt7epf6qmf9rk9pvdjkptedqx23y7r6czf3svw,ROUND_TRIP,0.333333333,FALSE,high_in_counterparties_cell+high_in_counterparties,FALSE,active,,,,,,,,,,,,,,,,
