address,collection_state,evidence_state,attempt_count,last_attempt_at,last_successful_stage,last_error,last_error_type,last_http_status,failure_scope,sampling_stratum,lifetime_tx_count,failure_category,recommendation
ckb1qrgqep8saj8agswr30pls73hra28ry8jlnlc3ejzh3dl2ju7xxpjxqgqq88k0gf2lakdjuntl04ux2mjyalezj598vqnuj2y,FAILED_RETRY_EXHAUSTED,PARTIAL,3,2026-08-31T20:53:22.339301+00:00,FEATURES_EXPORTED,maximum collection attempts exhausted,RETRY_EXHAUSTED,,WALLET,unknown,,Explorer timeout/service,RETRY_LATER
ckb1qzda0cr08m85hc8jlnfp3zer7xulejywt49kt2rr0vthywaa50xwsq02u38k4kh65ek037y6ladw8h387u78pcs8gc8lh,FAILED_RETRY_EXHAUSTED,PARTIAL,3,2026-08-31T23:11:14.417980+00:00,OBSERVATION_PARTIAL,Explorer /address_transactions/ckb1qzda0cr08m85hc8jlnfp3zer7xulejywt49kt2rr0vthywaa50xwsq02u38k4kh65ek037y6ladw8h387u78pcs8gc8lh: The read operation timed out,RETRY_EXHAUSTED,,WALLET,unknown,,Explorer timeout/service,RETRY_LATER
ckb1qzda0cr08m85hc8jlnfp3zer7xulejywt49kt2rr0vthywaa50xwsq04g3rjkkuz8j03d526wv5rvjejfelf7lgxecnta,FAILED_RETRY_EXHAUSTED,PARTIAL,3,2026-08-31T23:13:00.097838+00:00,OBSERVATION_PARTIAL,Explorer /address_transactions/ckb1qzda0cr08m85hc8jlnfp3zer7xulejywt49kt2rr0vthywaa50xwsq04g3rjkkuz8j03d526wv5rvjejfelf7lgxecnta: The read operation timed out,RETRY_EXHAUSTED,,WALLET,unknown,,Explorer timeout/service,RETRY_LATER
ckb1qzda0cr08m85hc8jlnfp3zer7xulejywt49kt2rr0vthywaa50xwsq07ky0r9mzffqwrv5ah6p8h9z47lg2p3acrhyltk,FAILED_RETRY_EXHAUSTED,PARTIAL,3,2026-08-31T23:14:44.519883+00:00,OBSERVATION_PARTIAL,Explorer /address_transactions/ckb1qzda0cr08m85hc8jlnfp3zer7xulejywt49kt2rr0vthywaa50xwsq07ky0r9mzffqwrv5ah6p8h9z47lg2p3acrhyltk: The read operation timed out,RETRY_EXHAUSTED,,WALLET,unknown,,Explorer timeout/service,RETRY_LATER
ckb1qzda0cr08m85hc8jlnfp3zer7xulejywt49kt2rr0vthywaa50xwsq07r6d4agdqwld880vzslwy3aj28mh3axq7pjrfc,FAILED_RETRY_EXHAUSTED,PARTIAL,3,2026-08-31T23:16:29.844956+00:00,OBSERVATION_PARTIAL,Explorer /address_transactions/ckb1qzda0cr08m85hc8jlnfp3zer7xulejywt49kt2rr0vthywaa50xwsq07r6d4agdqwld880vzslwy3aj28mh3axq7pjrfc: The read operation timed out,RETRY_EXHAUSTED,,WALLET,unknown,,Explorer timeout/service,RETRY_LATER
ckb1qzda0cr08m85hc8jlnfp3zer7xulejywt49kt2rr0vthywaa50xwsq07zh8qks3jgz4rzfnnvz6l3669qm0nrugucl40c,FAILED_RETRY_EXHAUSTED,PARTIAL,3,2026-08-31T23:18:15.173538+00:00,OBSERVATION_PARTIAL,Explorer /address_transactions/ckb1qzda0cr08m85hc8jlnfp3zer7xulejywt49kt2rr0vthywaa50xwsq07zh8qks3jgz4rzfnnvz6l3669qm0nrugucl40c: The read operation timed out,RETRY_EXHAUSTED,,WALLET,unknown,,Explorer timeout/service,RETRY_LATER
ckb1qzda0cr08m85hc8jlnfp3zer7xulejywt49kt2rr0vthywaa50xwsq0ccj0jne37a2e7g4aw9473j0wju4xx2ag7zssne,PARTIAL,PARTIAL,2,2026-08-31T23:36:25.157420+00:00,OBSERVATION_PARTIAL,Explorer /address_transactions/ckb1qzda0cr08m85hc8jlnfp3zer7xulejywt49kt2rr0vthywaa50xwsq0ccj0jne37a2e7g4aw9473j0wju4xx2ag7zssne: The read operation timed out,,,,1001-5000,1721,other,NEEDS_MANUAL_REVIEW
ckb1qzda0cr08m85hc8jlnfp3zer7xulejywt49kt2rr0vthywaa50xwsq0d9ma6yrsj0r83e5qhf0ja2x39ph8gc0qgkmu25,PARTIAL,PARTIAL,1,2026-08-31T23:25:49.820431+00:00,OBSERVATION_PARTIAL,Explorer /address_transactions/ckb1qzda0cr08m85hc8jlnfp3zer7xulejywt49kt2rr0vthywaa50xwsq0d9ma6yrsj0r83e5qhf0ja2x39ph8gc0qgkmu25: The read operation timed out,,,,unknown,,other,NEEDS_MANUAL_REVIEW
ckb1qzda0cr08m85hc8jlnfp3zer7xulejywt49kt2rr0vthywaa50xwsq0dtptjfpdqwdy4u8uukg2msx5l7vhwt4q2t2k08,PARTIAL,PARTIAL,1,2026-08-31T23:27:35.366642+00:00,OBSERVATION_PARTIAL,Explorer /address_transactions/ckb1qzda0cr08m85hc8jlnfp3zer7xulejywt49kt2rr0vthywaa50xwsq0dtptjfpdqwdy4u8uukg2msx5l7vhwt4q2t2k08: The read operation timed out,,,,unknown,,other,NEEDS_MANUAL_REVIEW
ckb1qzda0cr08m85hc8jlnfp3zer7xulejywt49kt2rr0vthywaa50xwsq0g3k445dzghlxz0m6yrttx4jl985mkj0s0mpzw4,PARTIAL,PARTIAL,1,2026-08-31T23:30:58.053114+00:00,OBSERVATION_PARTIAL,Explorer /address_transactions/ckb1qzda0cr08m85hc8jlnfp3zer7xulejywt49kt2rr0vthywaa50xwsq0g3k445dzghlxz0m6yrttx4jl985mkj0s0mpzw4: The read operation timed out,,,,unknown,,other,NEEDS_MANUAL_REVIEW
ckb1qzda0cr08m85hc8jlnfp3zer7xulejywt49kt2rr0vthywaa50xwsq0g42eercj9puzjr3aj5qzej2kky9xvgrqcqehre,PARTIAL,PARTIAL,1,2026-08-31T23:32:45.469272+00:00,OBSERVATION_PARTIAL,Explorer /address_transactions/ckb1qzda0cr08m85hc8jlnfp3zer7xulejywt49kt2rr0vthywaa50xwsq0g42eercj9puzjr3aj5qzej2kky9xvgrqcqehre: The read operation timed out,,,,unknown,,other,NEEDS_MANUAL_REVIEW
ckb1qzda0cr08m85hc8jlnfp3zer7xulejywt49kt2rr0vthywaa50xwsq0gcpdgn07xeev0gcfc9eskt7zvmnvwyuqv3vek3,PARTIAL,PARTIAL,1,2026-08-31T23:34:34.029478+00:00,OBSERVATION_PARTIAL,Explorer /address_transactions/ckb1qzda0cr08m85hc8jlnfp3zer7xulejywt49kt2rr0vthywaa50xwsq0gcpdgn07xeev0gcfc9eskt7zvmnvwyuqv3vek3: The read operation timed out,,,,unknown,,other,NEEDS_MANUAL_REVIEW
ckb1qzda0cr08m85hc8jlnfp3zer7xulejywt49kt2rr0vthywaa50xwsq0gtpf9ptxw2y59p8wmpw4hjsnyxua6mcq6naedm,FAILED_RETRY_EXHAUSTED,PARTIAL,1,2026-09-01T01:10:12.953742+00:00,OBSERVATION_PARTIAL,Explorer /address_transactions/ckb1qzda0cr08m85hc8jlnfp3zer7xulejywt49kt2rr0vthywaa50xwsq0gtpf9ptxw2y59p8wmpw4hjsnyxua6mcq6naedm: The read operation timed out,EXPLORER_TIMEOUT,,WALLET,unknown,,Explorer timeout/service,RETRY_LATER
ckb1qzda0cr08m85hc8jlnfp3zer7xulejywt49kt2rr0vthywaa50xwsq0klfn2n06tvww62dplr3rlawsgrn6hrxgrp7xfh,FAILED_RETRY_EXHAUSTED,PARTIAL,1,2026-09-01T01:12:56.259973+00:00,OBSERVATION_PARTIAL,Explorer /address_transactions/ckb1qzda0cr08m85hc8jlnfp3zer7xulejywt49kt2rr0vthywaa50xwsq0klfn2n06tvww62dplr3rlawsgrn6hrxgrp7xfh: The read operation timed out,EXPLORER_TIMEOUT,,WALLET,unknown,,Explorer timeout/service,RETRY_LATER
ckb1qzda0cr08m85hc8jlnfp3zer7xulejywt49kt2rr0vthywaa50xwsq0msaj6cvf2tgju69tdu4sfreu2uch2ynqsm7elv,FAILED_RETRY_EXHAUSTED,PARTIAL,1,2026-09-01T01:19:38.675119+00:00,OBSERVATION_PARTIAL,Explorer /address_transactions/ckb1qzda0cr08m85hc8jlnfp3zer7xulejywt49kt2rr0vthywaa50xwsq0msaj6cvf2tgju69tdu4sfreu2uch2ynqsm7elv: The read operation timed out,EXPLORER_TIMEOUT,,WALLET,unknown,,Explorer timeout/service,RETRY_LATER
ckb1qzda0cr08m85hc8jlnfp3zer7xulejywt49kt2rr0vthywaa50xwsq0p2y5tnuw0y02sequmjwswja4v5ywc3ag3xanwy,FAILED_RETRY_EXHAUSTED,PARTIAL,1,2026-09-01T01:22:07.215958+00:00,OBSERVATION_PARTIAL,Explorer /address_transactions/ckb1qzda0cr08m85hc8jlnfp3zer7xulejywt49kt2rr0vthywaa50xwsq0p2y5tnuw0y02sequmjwswja4v5ywc3ag3xanwy: The read operation timed out,EXPLORER_TIMEOUT,,WALLET,unknown,,Explorer timeout/service,RETRY_LATER
ckb1qzda0cr08m85hc8jlnfp3zer7xulejywt49kt2rr0vthywaa50xwsq0pdhpc9sunxtmp8qaanlueu5n3u75mkxg2w3n05,FAILED_RETRY_EXHAUSTED,PARTIAL,1,2026-09-01T01:24:12.718169+00:00,OBSERVATION_PARTIAL,Explorer /address_transactions/ckb1qzda0cr08m85hc8jlnfp3zer7xulejywt49kt2rr0vthywaa50xwsq0pdhpc9sunxtmp8qaanlueu5n3u75mkxg2w3n05: The read operation timed out,EXPLORER_TIMEOUT,,WALLET,unknown,,Explorer timeout/service,RETRY_LATER
ckb1qzda0cr08m85hc8jlnfp3zer7xulejywt49kt2rr0vthywaa50xwsq0qk47rqhszdekuue524qgx8e5qq225w9s5qmjze,FAILED_RETRY_EXHAUSTED,PARTIAL,1,2026-09-01T01:26:18.441073+00:00,OBSERVATION_PARTIAL,Explorer /address_transactions/ckb1qzda0cr08m85hc8jlnfp3zer7xulejywt49kt2rr0vthywaa50xwsq0qk47rqhszdekuue524qgx8e5qq225w9s5qmjze: The read operation timed out,EXPLORER_TIMEOUT,,WALLET,unknown,,Explorer timeout/service,RETRY_LATER
ckb1qzda0cr08m85hc8jlnfp3zer7xulejywt49kt2rr0vthywaa50xwsq0r6u0pkm3j5lhvy5dlqe0wcppr4cftwacwfa6sd,FAILED_RETRY_EXHAUSTED,PARTIAL,1,2026-09-01T01:28:18.636718+00:00,OBSERVATION_PARTIAL,Explorer /address_transactions/ckb1qzda0cr08m85hc8jlnfp3zer7xulejywt49kt2rr0vthywaa50xwsq0r6u0pkm3j5lhvy5dlqe0wcppr4cftwacwfa6sd: The read operation timed out,EXPLORER_TIMEOUT,,WALLET,unknown,,Explorer timeout/service,RETRY_LATER
ckb1qzda0cr08m85hc8jlnfp3zer7xulejywt49kt2rr0vthywaa50xwsq0s2sjs6vxhfxkk22fms3k3tt4c02c9jmc5y4vrm,FAILED_RETRY_EXHAUSTED,PARTIAL,1,2026-09-01T01:30:54.608162+00:00,OBSERVATION_PARTIAL,Explorer /address_transactions/ckb1qzda0cr08m85hc8jlnfp3zer7xulejywt49kt2rr0vthywaa50xwsq0s2sjs6vxhfxkk22fms3k3tt4c02c9jmc5y4vrm: The read operation timed out,EXPLORER_TIMEOUT,,WALLET,unknown,,Explorer timeout/service,RETRY_LATER
ckb1qzda0cr08m85hc8jlnfp3zer7xulejywt49kt2rr0vthywaa50xwsq0vj3wagz8q49m3khkzum23dqwuhv5furgwqhs52,FAILED_RETRY_EXHAUSTED,PARTIAL,1,2026-09-01T01:33:35.097420+00:00,OBSERVATION_PARTIAL,Explorer /address_transactions/ckb1qzda0cr08m85hc8jlnfp3zer7xulejywt49kt2rr0vthywaa50xwsq0vj3wagz8q49m3khkzum23dqwuhv5furgwqhs52: The read operation timed out,EXPLORER_TIMEOUT,,WALLET,unknown,,Explorer timeout/service,RETRY_LATER
ckb1qzda0cr08m85hc8jlnfp3zer7xulejywt49kt2rr0vthywaa50xwsq0vyjg39dcl6hxdetwjsxdq5ufn94dm9yc6rdshs,FAILED_RETRY_EXHAUSTED,PARTIAL,1,2026-09-01T01:35:20.386888+00:00,OBSERVATION_PARTIAL,Explorer /address_transactions/ckb1qzda0cr08m85hc8jlnfp3zer7xulejywt49kt2rr0vthywaa50xwsq0vyjg39dcl6hxdetwjsxdq5ufn94dm9yc6rdshs: The read operation timed out,EXPLORER_TIMEOUT,,WALLET,unknown,,Explorer timeout/service,RETRY_LATER
ckb1qzda0cr08m85hc8jlnfp3zer7xulejywt49kt2rr0vthywaa50xwsq0vzwrhe2aznrvkq00r477dpzmzdfptfvgt9xx9u,FAILED_RETRY_EXHAUSTED,PARTIAL,1,2026-09-01T01:37:06.561665+00:00,OBSERVATION_PARTIAL,Explorer /address_transactions/ckb1qzda0cr08m85hc8jlnfp3zer7xulejywt49kt2rr0vthywaa50xwsq0vzwrhe2aznrvkq00r477dpzmzdfptfvgt9xx9u: The read operation timed out,EXPLORER_TIMEOUT,,WALLET,1001-5000,1498,Explorer timeout/service,RETRY_LATER
ckb1qzda0cr08m85hc8jlnfp3zer7xulejywt49kt2rr0vthywaa50xwsq25ekf709e7prrq548fkhmqdpr0lp56sjquw2a9v,FAILED_RETRY_EXHAUSTED,PARTIAL,1,2026-09-01T01:47:32.985681+00:00,OBSERVATION_PARTIAL,Explorer /address_transactions/ckb1qzda0cr08m85hc8jlnfp3zer7xulejywt49kt2rr0vthywaa50xwsq25ekf709e7prrq548fkhmqdpr0lp56sjquw2a9v: The read operation timed out,EXPLORER_TIMEOUT,,WALLET,unknown,,Explorer timeout/service,RETRY_LATER
ckb1qzda0cr08m85hc8jlnfp3zer7xulejywt49kt2rr0vthywaa50xwsq28mnlmvrj32s9m5vgk0r775zxtf2r2dusrj666v,FAILED_RETRY_EXHAUSTED,PARTIAL,1,2026-09-01T01:51:33.747302+00:00,OBSERVATION_PARTIAL,Explorer /address_transactions/ckb1qzda0cr08m85hc8jlnfp3zer7xulejywt49kt2rr0vthywaa50xwsq28mnlmvrj32s9m5vgk0r775zxtf2r2dusrj666v: The read operation timed out,EXPLORER_TIMEOUT,,WALLET,unknown,,Explorer timeout/service,RETRY_LATER
ckb1qzda0cr08m85hc8jlnfp3zer7xulejywt49kt2rr0vthywaa50xwsq2avwaksfsgf3ths5hjh5sl4ema0pazc6q48umuh,FAILED_RETRY_EXHAUSTED,PARTIAL,1,2026-09-01T01:54:13.941992+00:00,OBSERVATION_PARTIAL,Explorer /address_transactions/ckb1qzda0cr08m85hc8jlnfp3zer7xulejywt49kt2rr0vthywaa50xwsq2avwaksfsgf3ths5hjh5sl4ema0pazc6q48umuh: The read operation timed out,EXPLORER_TIMEOUT,,WALLET,1001-5000,1614,Explorer timeout/service,RETRY_LATER
ckb1qzda0cr08m85hc8jlnfp3zer7xulejywt49kt2rr0vthywaa50xwsq2euh7k90hhj7v75y8kjxlm0qgtg8pdxjqqktt4m,FAILED_RETRY_EXHAUSTED,PARTIAL,1,2026-09-01T01:59:13.954908+00:00,OBSERVATION_PARTIAL,Explorer /address_transactions/ckb1qzda0cr08m85hc8jlnfp3zer7xulejywt49kt2rr0vthywaa50xwsq2euh7k90hhj7v75y8kjxlm0qgtg8pdxjqqktt4m: The read operation timed out,EXPLORER_TIMEOUT,,WALLET,unknown,,Explorer timeout/service,RETRY_LATER
ckb1qzda0cr08m85hc8jlnfp3zer7xulejywt49kt2rr0vthywaa50xwsq2hh36z6qmk3vjqha2lv9vykuxwexsaazqx40dhd,FAILED_RETRY_EXHAUSTED,PARTIAL,1,2026-09-01T02:02:19.172046+00:00,OBSERVATION_PARTIAL,Explorer /address_transactions/ckb1qzda0cr08m85hc8jlnfp3zer7xulejywt49kt2rr0vthywaa50xwsq2hh36z6qmk3vjqha2lv9vykuxwexsaazqx40dhd: The read operation timed out,EXPLORER_TIMEOUT,,WALLET,unknown,,Explorer timeout/service,RETRY_LATER
ckb1qzda0cr08m85hc8jlnfp3zer7xulejywt49kt2rr0vthywaa50xwsq2k3fxq87k84uvjlx93f6kjgfllm0uasqge8xsjk,FAILED_RETRY_EXHAUSTED,PARTIAL,1,2026-09-01T02:04:21.569479+00:00,OBSERVATION_PARTIAL,Explorer /address_transactions/ckb1qzda0cr08m85hc8jlnfp3zer7xulejywt49kt2rr0vthywaa50xwsq2k3fxq87k84uvjlx93f6kjgfllm0uasqge8xsjk: The read operation timed out,EXPLORER_TIMEOUT,,WALLET,unknown,,Explorer timeout/service,RETRY_LATER
ckb1qzda0cr08m85hc8jlnfp3zer7xulejywt49kt2rr0vthywaa50xwsq2k7w0yl67ft05fyk4qrjfx3gfemp25pcsvpyj40,FAILED_RETRY_EXHAUSTED,PARTIAL,1,2026-09-01T02:06:07.510015+00:00,OBSERVATION_PARTIAL,Explorer /address_transactions/ckb1qzda0cr08m85hc8jlnfp3zer7xulejywt49kt2rr0vthywaa50xwsq2k7w0yl67ft05fyk4qrjfx3gfemp25pcsvpyj40: The read operation timed out,EXPLORER_TIMEOUT,,WALLET,unknown,,Explorer timeout/service,RETRY_LATER
ckb1qzda0cr08m85hc8jlnfp3zer7xulejywt49kt2rr0vthywaa50xwsq2n7pqmhqlygzfhe9y2pfegeeqzlgkvfkqkaaams,FAILED_RETRY_EXHAUSTED,PARTIAL,1,2026-09-01T02:11:08.191066+00:00,OBSERVATION_PARTIAL,Explorer /address_transactions/ckb1qzda0cr08m85hc8jlnfp3zer7xulejywt49kt2rr0vthywaa50xwsq2n7pqmhqlygzfhe9y2pfegeeqzlgkvfkqkaaams: The read operation timed out,EXPLORER_TIMEOUT,,WALLET,unknown,,Explorer timeout/service,RETRY_LATER
ckb1qzda0cr08m85hc8jlnfp3zer7xulejywt49kt2rr0vthywaa50xwsq2qje0r5vg9pzmpz4uqt7fw32qvcp4a8cc7deems,FAILED_RETRY_EXHAUSTED,PARTIAL,1,2026-09-01T02:14:25.512514+00:00,OBSERVATION_PARTIAL,Explorer /address_transactions/ckb1qzda0cr08m85hc8jlnfp3zer7xulejywt49kt2rr0vthywaa50xwsq2qje0r5vg9pzmpz4uqt7fw32qvcp4a8cc7deems: The read operation timed out,EXPLORER_TIMEOUT,,WALLET,unknown,,Explorer timeout/service,RETRY_LATER
ckb1qzda0cr08m85hc8jlnfp3zer7xulejywt49kt2rr0vthywaa50xwsq2s5yg0ax2ej7n9l0xkhrral8ceuaahp7cx9s233,FAILED_RETRY_EXHAUSTED,PARTIAL,1,2026-09-01T02:18:19.379629+00:00,OBSERVATION_PARTIAL,Explorer /address_transactions/ckb1qzda0cr08m85hc8jlnfp3zer7xulejywt49kt2rr0vthywaa50xwsq2s5yg0ax2ej7n9l0xkhrral8ceuaahp7cx9s233: The read operation timed out,EXPLORER_TIMEOUT,,WALLET,unknown,,Explorer timeout/service,RETRY_LATER
ckb1qzda0cr08m85hc8jlnfp3zer7xulejywt49kt2rr0vthywaa50xwsq2s6dygffm0ed03txsa3ca8npdpel05vqg5j9mgd,FAILED_RETRY_EXHAUSTED,PARTIAL,1,2026-09-01T02:21:06.956170+00:00,OBSERVATION_PARTIAL,Explorer /address_transactions/ckb1qzda0cr08m85hc8jlnfp3zer7xulejywt49kt2rr0vthywaa50xwsq2s6dygffm0ed03txsa3ca8npdpel05vqg5j9mgd: The read operation timed out,EXPLORER_TIMEOUT,,WALLET,501-1000,808,Explorer timeout/service,RETRY_LATER
ckb1qzda0cr08m85hc8jlnfp3zer7xulejywt49kt2rr0vthywaa50xwsq2stwwespmk3ffj7g7g7auauwvzcqrvf3g7mtxue,FAILED_RETRY_EXHAUSTED,PARTIAL,1,2026-09-01T02:23:10.633378+00:00,OBSERVATION_PARTIAL,Explorer /address_transactions/ckb1qzda0cr08m85hc8jlnfp3zer7xulejywt49kt2rr0vthywaa50xwsq2stwwespmk3ffj7g7g7auauwvzcqrvf3g7mtxue: The read operation timed out,EXPLORER_TIMEOUT,,WALLET,unknown,,Explorer timeout/service,RETRY_LATER
ckb1qzda0cr08m85hc8jlnfp3zer7xulejywt49kt2rr0vthywaa50xwsq2vfrwwa2h4ag878nn7935gzex40d9y7xcckkcz2,FAILED_RETRY_EXHAUSTED,PARTIAL,1,2026-09-01T02:26:59.189318+00:00,OBSERVATION_PARTIAL,Explorer /address_transactions/ckb1qzda0cr08m85hc8jlnfp3zer7xulejywt49kt2rr0vthywaa50xwsq2vfrwwa2h4ag878nn7935gzex40d9y7xcckkcz2: The read operation timed out,EXPLORER_TIMEOUT,,WALLET,unknown,,Explorer timeout/service,RETRY_LATER
ckb1qzda0cr08m85hc8jlnfp3zer7xulejywt49kt2rr0vthywaa50xwsq2wctw0r06v9ecgf0w8wv33vfkkdp5em2gaet4lw,FAILED_RETRY_EXHAUSTED,PARTIAL,1,2026-09-01T02:29:18.443698+00:00,OBSERVATION_PARTIAL,Explorer /address_transactions/ckb1qzda0cr08m85hc8jlnfp3zer7xulejywt49kt2rr0vthywaa50xwsq2wctw0r06v9ecgf0w8wv33vfkkdp5em2gaet4lw: The read operation timed out,EXPLORER_TIMEOUT,,WALLET,unknown,,Explorer timeout/service,RETRY_LATER
ckb1qzda0cr08m85hc8jlnfp3zer7xulejywt49kt2rr0vthywaa50xwsq2xy99vwcnnx0a2kj09tygzxtrpklg0jss32v93h,FAILED_RETRY_EXHAUSTED,PARTIAL,1,2026-09-01T02:32:33.811315+00:00,OBSERVATION_PARTIAL,Explorer /address_transactions/ckb1qzda0cr08m85hc8jlnfp3zer7xulejywt49kt2rr0vthywaa50xwsq2xy99vwcnnx0a2kj09tygzxtrpklg0jss32v93h: The read operation timed out,EXPLORER_TIMEOUT,,WALLET,51-200,194,Explorer timeout/service,RETRY_LATER
ckb1qzda0cr08m85hc8jlnfp3zer7xulejywt49kt2rr0vthywaa50xwsq2y7pryn5grvyf8xlv8p0h9840xnpffflsgmrly9,FAILED_RETRY_EXHAUSTED,PARTIAL,1,2026-09-01T02:34:17.867364+00:00,OBSERVATION_PARTIAL,Explorer /address_transactions/ckb1qzda0cr08m85hc8jlnfp3zer7xulejywt49kt2rr0vthywaa50xwsq2y7pryn5grvyf8xlv8p0h9840xnpffflsgmrly9: The read operation timed out,EXPLORER_TIMEOUT,,WALLET,unknown,,Explorer timeout/service,RETRY_LATER
ckb1qzda0cr08m85hc8jlnfp3zer7xulejywt49kt2rr0vthywaa50xwsq2z0x6fskhkzceswyv9d0cnrwru7xwec3gpgaqjp,FAILED_RETRY_EXHAUSTED,PARTIAL,1,2026-09-01T02:36:42.049936+00:00,OBSERVATION_PARTIAL,Explorer /address_transactions/ckb1qzda0cr08m85hc8jlnfp3zer7xulejywt49kt2rr0vthywaa50xwsq2z0x6fskhkzceswyv9d0cnrwru7xwec3gpgaqjp: The read operation timed out,EXPLORER_TIMEOUT,,WALLET,unknown,,Explorer timeout/service,RETRY_LATER
ckb1qzda0cr08m85hc8jlnfp3zer7xulejywt49kt2rr0vthywaa50xwsqd0ee0trngn9r39tuv9d3x5mzvg5mfxlpq5sl2wv,FAILED_RETRY_EXHAUSTED,PARTIAL,1,2026-09-01T02:38:42.785526+00:00,OBSERVATION_PARTIAL,Explorer /address_transactions/ckb1qzda0cr08m85hc8jlnfp3zer7xulejywt49kt2rr0vthywaa50xwsqd0ee0trngn9r39tuv9d3x5mzvg5mfxlpq5sl2wv: The read operation timed out,EXPLORER_TIMEOUT,,WALLET,unknown,,Explorer timeout/service,RETRY_LATER
ckb1qzda0cr08m85hc8jlnfp3zer7xulejywt49kt2rr0vthywaa50xwsqd2dnzrsunklanuwz4u473u3zk5lpc4mxcx8sgk7,FAILED_RETRY_EXHAUSTED,PARTIAL,1,2026-09-01T02:41:10.178663+00:00,OBSERVATION_PARTIAL,Explorer /address_transactions/ckb1qzda0cr08m85hc8jlnfp3zer7xulejywt49kt2rr0vthywaa50xwsqd2dnzrsunklanuwz4u473u3zk5lpc4mxcx8sgk7: The read operation timed out,EXPLORER_TIMEOUT,,WALLET,201-500,341,Explorer timeout/service,RETRY_LATER
ckb1qzda0cr08m85hc8jlnfp3zer7xulejywt49kt2rr0vthywaa50xwsqd39v2lwwu4grcvg0r6sc20x3h9jnfje2qt67tm2,FAILED_RETRY_EXHAUSTED,PARTIAL,1,2026-09-01T02:43:08.364781+00:00,OBSERVATION_PARTIAL,Explorer /address_transactions/ckb1qzda0cr08m85hc8jlnfp3zer7xulejywt49kt2rr0vthywaa50xwsqd39v2lwwu4grcvg0r6sc20x3h9jnfje2qt67tm2: The read operation timed out,EXPLORER_TIMEOUT,,WALLET,unknown,,Explorer timeout/service,RETRY_LATER
ckb1qzda0cr08m85hc8jlnfp3zer7xulejywt49kt2rr0vthywaa50xwsqd3kga46l9ryvaqndgs7ga230t5h9sna5c86ah40,FAILED_RETRY_EXHAUSTED,PARTIAL,1,2026-09-01T02:46:15.997944+00:00,OBSERVATION_PARTIAL,Explorer /address_transactions/ckb1qzda0cr08m85hc8jlnfp3zer7xulejywt49kt2rr0vthywaa50xwsqd3kga46l9ryvaqndgs7ga230t5h9sna5c86ah40: The read operation timed out,EXPLORER_TIMEOUT,,WALLET,unknown,,Explorer timeout/service,RETRY_LATER
ckb1qzda0cr08m85hc8jlnfp3zer7xulejywt49kt2rr0vthywaa50xwsqd403rpqrzn2kc57yx8f2p74n4e0zf2rxqq2drwj,FAILED_RETRY_EXHAUSTED,PARTIAL,1,2026-09-01T02:49:14.514374+00:00,OBSERVATION_PARTIAL,Explorer /address_transactions/ckb1qzda0cr08m85hc8jlnfp3zer7xulejywt49kt2rr0vthywaa50xwsqd403rpqrzn2kc57yx8f2p74n4e0zf2rxqq2drwj: The read operation timed out,EXPLORER_TIMEOUT,,WALLET,unknown,,Explorer timeout/service,RETRY_LATER
ckb1qzda0cr08m85hc8jlnfp3zer7xulejywt49kt2rr0vthywaa50xwsqd5hxteyzsxsfckx7my779ksvgyrznwzsqhe3qgy,FAILED_RETRY_EXHAUSTED,PARTIAL,1,2026-09-01T02:51:54.871916+00:00,OBSERVATION_PARTIAL,Explorer /address_transactions/ckb1qzda0cr08m85hc8jlnfp3zer7xulejywt49kt2rr0vthywaa50xwsqd5hxteyzsxsfckx7my779ksvgyrznwzsqhe3qgy: The read operation timed out,EXPLORER_TIMEOUT,,WALLET,unknown,,Explorer timeout/service,RETRY_LATER
ckb1qzda0cr08m85hc8jlnfp3zer7xulejywt49kt2rr0vthywaa50xwsqd622kmxwaqw0x24xqxfcc9vu6gh3c3w9qpeguet,FAILED_RETRY_EXHAUSTED,PARTIAL,1,2026-09-01T02:54:12.117670+00:00,OBSERVATION_PARTIAL,Explorer /address_transactions/ckb1qzda0cr08m85hc8jlnfp3zer7xulejywt49kt2rr0vthywaa50xwsqd622kmxwaqw0x24xqxfcc9vu6gh3c3w9qpeguet: The read operation timed out,EXPLORER_TIMEOUT,,WALLET,unknown,,Explorer timeout/service,RETRY_LATER
ckb1qzda0cr08m85hc8jlnfp3zer7xulejywt49kt2rr0vthywaa50xwsqd66ykds4533psl5xqhgvrjhgmyp9wgcvs0d0k60,FAILED_RETRY_EXHAUSTED,PARTIAL,1,2026-09-01T02:56:13.321772+00:00,OBSERVATION_PARTIAL,Explorer /address_transactions/ckb1qzda0cr08m85hc8jlnfp3zer7xulejywt49kt2rr0vthywaa50xwsqd66ykds4533psl5xqhgvrjhgmyp9wgcvs0d0k60: The read operation timed out,EXPLORER_TIMEOUT,,WALLET,unknown,,Explorer timeout/service,RETRY_LATER
ckb1qzda0cr08m85hc8jlnfp3zer7xulejywt49kt2rr0vthywaa50xwsqd7llz9vfprn28merjhktq2w8ydgejz4zsw4kkv5,FAILED_RETRY_EXHAUSTED,PARTIAL,1,2026-09-01T02:58:46.164090+00:00,OBSERVATION_PARTIAL,Explorer /address_transactions/ckb1qzda0cr08m85hc8jlnfp3zer7xulejywt49kt2rr0vthywaa50xwsqd7llz9vfprn28merjhktq2w8ydgejz4zsw4kkv5: The read operation timed out,EXPLORER_TIMEOUT,,WALLET,unknown,,Explorer timeout/service,RETRY_LATER
ckb1qzda0cr08m85hc8jlnfp3zer7xulejywt49kt2rr0vthywaa50xwsqd8nhae0j2vdd70r20939u449qn0w3v2ygjrepsg,FAILED_RETRY_EXHAUSTED,PARTIAL,1,2026-09-01T03:01:31.665568+00:00,OBSERVATION_PARTIAL,Explorer /address_transactions/ckb1qzda0cr08m85hc8jlnfp3zer7xulejywt49kt2rr0vthywaa50xwsqd8nhae0j2vdd70r20939u449qn0w3v2ygjrepsg: The read operation timed out,EXPLORER_TIMEOUT,,WALLET,unknown,,Explorer timeout/service,RETRY_LATER
ckb1qzda0cr08m85hc8jlnfp3zer7xulejywt49kt2rr0vthywaa50xwsqd8v6u0w52u9lptyqx9qg05zs3lprp5t4qsxtt54,FAILED_RETRY_EXHAUSTED,PARTIAL,1,2026-09-01T03:03:16.747906+00:00,OBSERVATION_PARTIAL,Explorer /address_transactions/ckb1qzda0cr08m85hc8jlnfp3zer7xulejywt49kt2rr0vthywaa50xwsqd8v6u0w52u9lptyqx9qg05zs3lprp5t4qsxtt54: The read operation timed out,EXPLORER_TIMEOUT,,WALLET,1001-5000,1628,Explorer timeout/service,RETRY_LATER
ckb1qzda0cr08m85hc8jlnfp3zer7xulejywt49kt2rr0vthywaa50xwsqd90zjdscfh4ycd5u75tyntedxxsaxsencatqh4s,FAILED_RETRY_EXHAUSTED,PARTIAL,1,2026-09-01T03:05:03.809461+00:00,OBSERVATION_PARTIAL,Explorer /address_transactions/ckb1qzda0cr08m85hc8jlnfp3zer7xulejywt49kt2rr0vthywaa50xwsqd90zjdscfh4ycd5u75tyntedxxsaxsencatqh4s: The read operation timed out,EXPLORER_TIMEOUT,,WALLET,unknown,,Explorer timeout/service,RETRY_LATER
ckb1qzda0cr08m85hc8jlnfp3zer7xulejywt49kt2rr0vthywaa50xwsqd98r8kc6aw6a6n3dgd5jy8n9w8mvjx74cmjg8ds,FAILED_RETRY_EXHAUSTED,PARTIAL,1,2026-09-01T03:06:48.793197+00:00,OBSERVATION_PARTIAL,Explorer /address_transactions/ckb1qzda0cr08m85hc8jlnfp3zer7xulejywt49kt2rr0vthywaa50xwsqd98r8kc6aw6a6n3dgd5jy8n9w8mvjx74cmjg8ds: The read operation timed out,EXPLORER_TIMEOUT,,WALLET,unknown,,Explorer timeout/service,RETRY_LATER
ckb1qzda0cr08m85hc8jlnfp3zer7xulejywt49kt2rr0vthywaa50xwsqd9jgmyaljpa227x37lanyj7xvzz6nc9yq39e0x9,FAILED_RETRY_EXHAUSTED,PARTIAL,1,2026-09-01T03:08:54.469001+00:00,OBSERVATION_PARTIAL,Explorer /address_transactions/ckb1qzda0cr08m85hc8jlnfp3zer7xulejywt49kt2rr0vthywaa50xwsqd9jgmyaljpa227x37lanyj7xvzz6nc9yq39e0x9: The read operation timed out,EXPLORER_TIMEOUT,,WALLET,unknown,,Explorer timeout/service,RETRY_LATER
ckb1qzda0cr08m85hc8jlnfp3zer7xulejywt49kt2rr0vthywaa50xwsqda6qmftuk4uc08kxa6mchk5gl52wj46usevshdf,FAILED_RETRY_EXHAUSTED,PARTIAL,1,2026-09-01T03:11:19.265670+00:00,OBSERVATION_PARTIAL,Explorer /address_transactions/ckb1qzda0cr08m85hc8jlnfp3zer7xulejywt49kt2rr0vthywaa50xwsqda6qmftuk4uc08kxa6mchk5gl52wj46usevshdf: The read operation timed out,EXPLORER_TIMEOUT,,WALLET,unknown,,Explorer timeout/service,RETRY_LATER
ckb1qzda0cr08m85hc8jlnfp3zer7xulejywt49kt2rr0vthywaa50xwsqda7n3jg4g0l0w3ls93xkmre43z6kerr6gjzcwvz,FAILED_RETRY_EXHAUSTED,PARTIAL,1,2026-09-01T03:13:24.375030+00:00,OBSERVATION_PARTIAL,Explorer /address_transactions/ckb1qzda0cr08m85hc8jlnfp3zer7xulejywt49kt2rr0vthywaa50xwsqda7n3jg4g0l0w3ls93xkmre43z6kerr6gjzcwvz: The read operation timed out,EXPLORER_TIMEOUT,,WALLET,unknown,,Explorer timeout/service,RETRY_LATER
ckb1qzda0cr08m85hc8jlnfp3zer7xulejywt49kt2rr0vthywaa50xwsqdcdz8fzqaqzeecdt5u5yp9nvq3ewesgzgf9jqeg,FAILED_RETRY_EXHAUSTED,PARTIAL,1,2026-09-01T03:15:43.445891+00:00,OBSERVATION_PARTIAL,Explorer /address_transactions/ckb1qzda0cr08m85hc8jlnfp3zer7xulejywt49kt2rr0vthywaa50xwsqdcdz8fzqaqzeecdt5u5yp9nvq3ewesgzgf9jqeg: The read operation timed out,EXPLORER_TIMEOUT,,WALLET,unknown,,Explorer timeout/service,RETRY_LATER
ckb1qzda0cr08m85hc8jlnfp3zer7xulejywt49kt2rr0vthywaa50xwsqdev8tckcmflyqm9ucs7dkfaqjhfp6ar7cxed08m,FAILED_RETRY_EXHAUSTED,PARTIAL,1,2026-09-01T03:19:13.649604+00:00,OBSERVATION_PARTIAL,Explorer /address_transactions/ckb1qzda0cr08m85hc8jlnfp3zer7xulejywt49kt2rr0vthywaa50xwsqdev8tckcmflyqm9ucs7dkfaqjhfp6ar7cxed08m: The read operation timed out,EXPLORER_TIMEOUT,,WALLET,unknown,,Explorer timeout/service,RETRY_LATER
ckb1qzda0cr08m85hc8jlnfp3zer7xulejywt49kt2rr0vthywaa50xwsqdgnkvezzetd5sg79nkv9t3fhfwtx3euxct5fja8,FAILED_RETRY_EXHAUSTED,PARTIAL,1,2026-09-01T03:23:33.527129+00:00,OBSERVATION_PARTIAL,Explorer /address_transactions/ckb1qzda0cr08m85hc8jlnfp3zer7xulejywt49kt2rr0vthywaa50xwsqdgnkvezzetd5sg79nkv9t3fhfwtx3euxct5fja8: The read operation timed out,EXPLORER_TIMEOUT,,WALLET,unknown,,Explorer timeout/service,RETRY_LATER
ckb1qzda0cr08m85hc8jlnfp3zer7xulejywt49kt2rr0vthywaa50xwsqdhf3xqk7tf9antv2mxh6ptvwq3sqhptwgat9tmx,FAILED_RETRY_EXHAUSTED,PARTIAL,1,2026-09-01T03:25:36.279359+00:00,OBSERVATION_PARTIAL,Explorer /address_transactions/ckb1qzda0cr08m85hc8jlnfp3zer7xulejywt49kt2rr0vthywaa50xwsqdhf3xqk7tf9antv2mxh6ptvwq3sqhptwgat9tmx: The read operation timed out,EXPLORER_TIMEOUT,,WALLET,unknown,,Explorer timeout/service,RETRY_LATER
ckb1qzda0cr08m85hc8jlnfp3zer7xulejywt49kt2rr0vthywaa50xwsqdhlh26x095s6eayfehscs0g3w7a35xeps0kzd64,FAILED_RETRY_EXHAUSTED,PARTIAL,1,2026-09-01T03:27:21.468895+00:00,OBSERVATION_PARTIAL,Explorer /address_transactions/ckb1qzda0cr08m85hc8jlnfp3zer7xulejywt49kt2rr0vthywaa50xwsqdhlh26x095s6eayfehscs0g3w7a35xeps0kzd64: The read operation timed out,EXPLORER_TIMEOUT,,WALLET,501-1000,526,Explorer timeout/service,RETRY_LATER
ckb1qzda0cr08m85hc8jlnfp3zer7xulejywt49kt2rr0vthywaa50xwsqdj4r9tvue7rvadva3kshjcqzyjdhzxxrcz5nngn,FAILED_RETRY_EXHAUSTED,PARTIAL,1,2026-09-01T03:29:40.492723+00:00,OBSERVATION_PARTIAL,Explorer /address_transactions/ckb1qzda0cr08m85hc8jlnfp3zer7xulejywt49kt2rr0vthywaa50xwsqdj4r9tvue7rvadva3kshjcqzyjdhzxxrcz5nngn: The read operation timed out,EXPLORER_TIMEOUT,,WALLET,unknown,,Explorer timeout/service,RETRY_LATER
ckb1qzda0cr08m85hc8jlnfp3zer7xulejywt49kt2rr0vthywaa50xwsqdj4umj7up8wpnzcfyfluuedu62pk2sk2c5lwnrt,FAILED_RETRY_EXHAUSTED,PARTIAL,1,2026-09-01T03:49:10.335276+00:00,OBSERVATION_PARTIAL,Explorer /address_transactions/ckb1qzda0cr08m85hc8jlnfp3zer7xulejywt49kt2rr0vthywaa50xwsqdj4umj7up8wpnzcfyfluuedu62pk2sk2c5lwnrt: The read operation timed out,EXPLORER_TIMEOUT,,WALLET,1001-5000,1585,Explorer timeout/service,RETRY_LATER
ckb1qzda0cr08m85hc8jlnfp3zer7xulejywt49kt2rr0vthywaa50xwsqdjlu4rl6rwlf2zak4lawpv7z6ctq54rtcvm0g0r,FAILED_RETRY_EXHAUSTED,PARTIAL,1,2026-09-01T04:17:36.045691+00:00,OBSERVATION_PARTIAL,Explorer /address_transactions/ckb1qzda0cr08m85hc8jlnfp3zer7xulejywt49kt2rr0vthywaa50xwsqdjlu4rl6rwlf2zak4lawpv7z6ctq54rtcvm0g0r: The read operation timed out,EXPLORER_TIMEOUT,,WALLET,unknown,,Explorer timeout/service,RETRY_LATER
ckb1qzda0cr08m85hc8jlnfp3zer7xulejywt49kt2rr0vthywaa50xwsqdkqd8la4z3aqeh8v4c3fdsr4efuxf9slcdenyvw,FAILED_RETRY_EXHAUSTED,PARTIAL,1,2026-09-01T04:19:46.475448+00:00,OBSERVATION_PARTIAL,Explorer /address_transactions/ckb1qzda0cr08m85hc8jlnfp3zer7xulejywt49kt2rr0vthywaa50xwsqdkqd8la4z3aqeh8v4c3fdsr4efuxf9slcdenyvw: The read operation timed out,EXPLORER_TIMEOUT,,WALLET,unknown,,Explorer timeout/service,RETRY_LATER
ckb1qzda0cr08m85hc8jlnfp3zer7xulejywt49kt2rr0vthywaa50xwsqdn9q3qlnujce8h263s33pjaj5qh5qt3vsk79ynl,FAILED_RETRY_EXHAUSTED,PARTIAL,1,2026-09-01T04:34:03.108411+00:00,OBSERVATION_PARTIAL,Explorer /address_transactions/ckb1qzda0cr08m85hc8jlnfp3zer7xulejywt49kt2rr0vthywaa50xwsqdn9q3qlnujce8h263s33pjaj5qh5qt3vsk79ynl: The read operation timed out,EXPLORER_TIMEOUT,,WALLET,unknown,,Explorer timeout/service,RETRY_LATER
ckb1qzda0cr08m85hc8jlnfp3zer7xulejywt49kt2rr0vthywaa50xwsqdqxnfeggrmljfnrf8nvsnv26xv4rvyhwsztv7ae,FAILED_RETRY_EXHAUSTED,PARTIAL,1,2026-09-01T04:37:41.567613+00:00,OBSERVATION_PARTIAL,Explorer /address_transactions/ckb1qzda0cr08m85hc8jlnfp3zer7xulejywt49kt2rr0vthywaa50xwsqdqxnfeggrmljfnrf8nvsnv26xv4rvyhwsztv7ae: The read operation timed out,EXPLORER_TIMEOUT,,WALLET,unknown,,Explorer timeout/service,RETRY_LATER
ckb1qzda0cr08m85hc8jlnfp3zer7xulejywt49kt2rr0vthywaa50xwsqdrfqfkxp3pgctx8k974q9l9pyupmrdrwq8je3v0,FAILED_RETRY_EXHAUSTED,PARTIAL,1,2026-09-01T04:42:01.352982+00:00,OBSERVATION_PARTIAL,Explorer /address_transactions/ckb1qzda0cr08m85hc8jlnfp3zer7xulejywt49kt2rr0vthywaa50xwsqdrfqfkxp3pgctx8k974q9l9pyupmrdrwq8je3v0: The read operation timed out,EXPLORER_TIMEOUT,,WALLET,unknown,,Explorer timeout/service,RETRY_LATER
ckb1qzda0cr08m85hc8jlnfp3zer7xulejywt49kt2rr0vthywaa50xwsqdrke350wl8qag3cv75pp4q2zh9wurf25c8csrmu,FAILED_RETRY_EXHAUSTED,PARTIAL,1,2026-09-01T04:43:49.326568+00:00,OBSERVATION_PARTIAL,Explorer /address_transactions/ckb1qzda0cr08m85hc8jlnfp3zer7xulejywt49kt2rr0vthywaa50xwsqdrke350wl8qag3cv75pp4q2zh9wurf25c8csrmu: The read operation timed out,EXPLORER_TIMEOUT,,WALLET,unknown,,Explorer timeout/service,RETRY_LATER
ckb1qzda0cr08m85hc8jlnfp3zer7xulejywt49kt2rr0vthywaa50xwsqdsczh9v0wp9w3p7th99t7kdf5sscfsd5g5w0zah,FAILED_RETRY_EXHAUSTED,PARTIAL,1,2026-09-01T05:02:09.165647+00:00,OBSERVATION_PARTIAL,Explorer /address_transactions/ckb1qzda0cr08m85hc8jlnfp3zer7xulejywt49kt2rr0vthywaa50xwsqdsczh9v0wp9w3p7th99t7kdf5sscfsd5g5w0zah: The read operation timed out,EXPLORER_TIMEOUT,,WALLET,unknown,,Explorer timeout/service,RETRY_LATER
ckb1qzda0cr08m85hc8jlnfp3zer7xulejywt49kt2rr0vthywaa50xwsqdtx60cacasvak8s6a7umwganlkyrk2vvgmj2zdf,FAILED_RETRY_EXHAUSTED,PARTIAL,1,2026-09-01T05:05:33.571854+00:00,OBSERVATION_PARTIAL,"Explorer /address_transactions/ckb1qzda0cr08m85hc8jlnfp3zer7xulejywt49kt2rr0vthywaa50xwsqdtx60cacasvak8s6a7umwganlkyrk2vvgmj2zdf: <urlopen error [Errno 8] nodename nor servname provided, or not known>",EXPLORER_NETWORK_ERROR,,WALLET,1001-5000,1495,Explorer timeout/service,RETRY_LATER
ckb1qzda0cr08m85hc8jlnfp3zer7xulejywt49kt2rr0vthywaa50xwsqdtzdy4dlvfxna90pxjuxmkkfvqkjr595sqw5q4m,FAILED_RETRY_EXHAUSTED,PARTIAL,1,2026-09-01T05:13:59.185203+00:00,OBSERVATION_PARTIAL,"Explorer /address_transactions/ckb1qzda0cr08m85hc8jlnfp3zer7xulejywt49kt2rr0vthywaa50xwsqdtzdy4dlvfxna90pxjuxmkkfvqkjr595sqw5q4m: <urlopen error [Errno 8] nodename nor servname provided, or not known>",EXPLORER_NETWORK_ERROR,,WALLET,unknown,,Explorer timeout/service,RETRY_LATER
ckb1qzda0cr08m85hc8jlnfp3zer7xulejywt49kt2rr0vthywaa50xwsqduy4r065e9prkxhdnwmzw75dtph3ecu6sfrv9s4,FAILED_RETRY_EXHAUSTED,PARTIAL,1,2026-09-01T06:15:59.680443+00:00,OBSERVATION_PARTIAL,Explorer /address_transactions/ckb1qzda0cr08m85hc8jlnfp3zer7xulejywt49kt2rr0vthywaa50xwsqduy4r065e9prkxhdnwmzw75dtph3ecu6sfrv9s4: The read operation timed out,EXPLORER_TIMEOUT,,WALLET,unknown,,Explorer timeout/service,RETRY_LATER
ckb1qzda0cr08m85hc8jlnfp3zer7xulejywt49kt2rr0vthywaa50xwsqdvehsut0qf0x0n92v22wjx6mu6a4l7hscxasspx,FAILED_RETRY_EXHAUSTED,PARTIAL,1,2026-09-01T06:19:37.200808+00:00,OBSERVATION_PARTIAL,Explorer /address_transactions/ckb1qzda0cr08m85hc8jlnfp3zer7xulejywt49kt2rr0vthywaa50xwsqdvehsut0qf0x0n92v22wjx6mu6a4l7hscxasspx: The read operation timed out,EXPLORER_TIMEOUT,,WALLET,unknown,,Explorer timeout/service,RETRY_LATER
ckb1qzda0cr08m85hc8jlnfp3zer7xulejywt49kt2rr0vthywaa50xwsqdw5wngjpd0llhvztxawxx2hkqktr7qqcgtr68xk,FAILED_RETRY_EXHAUSTED,PARTIAL,1,2026-09-01T06:21:59.672466+00:00,OBSERVATION_PARTIAL,Explorer /address_transactions/ckb1qzda0cr08m85hc8jlnfp3zer7xulejywt49kt2rr0vthywaa50xwsqdw5wngjpd0llhvztxawxx2hkqktr7qqcgtr68xk: The read operation timed out,EXPLORER_TIMEOUT,,WALLET,unknown,,Explorer timeout/service,RETRY_LATER
ckb1qzda0cr08m85hc8jlnfp3zer7xulejywt49kt2rr0vthywaa50xwsqdwd0h8eflp0j2qee9vtfhyhdtmn3p4wrqzdsaew,FAILED_RETRY_EXHAUSTED,PARTIAL,1,2026-09-01T06:24:14.662466+00:00,OBSERVATION_PARTIAL,Explorer /address_transactions/ckb1qzda0cr08m85hc8jlnfp3zer7xulejywt49kt2rr0vthywaa50xwsqdwd0h8eflp0j2qee9vtfhyhdtmn3p4wrqzdsaew: The read operation timed out,EXPLORER_TIMEOUT,,WALLET,unknown,,Explorer timeout/service,RETRY_LATER
ckb1qzda0cr08m85hc8jlnfp3zer7xulejywt49kt2rr0vthywaa50xwsqdwfknw8tnpne8m7pa5mg39xvv7qallxgccrzanp,FAILED_RETRY_EXHAUSTED,PARTIAL,1,2026-09-01T06:26:10.877156+00:00,OBSERVATION_PARTIAL,Explorer /address_transactions/ckb1qzda0cr08m85hc8jlnfp3zer7xulejywt49kt2rr0vthywaa50xwsqdwfknw8tnpne8m7pa5mg39xvv7qallxgccrzanp: The read operation timed out,EXPLORER_TIMEOUT,,WALLET,unknown,,Explorer timeout/service,RETRY_LATER
ckb1qzda0cr08m85hc8jlnfp3zer7xulejywt49kt2rr0vthywaa50xwsqdzm8lk39ashezjh2pdyrdz7nw0j43av9ce3k38n,FAILED_RETRY_EXHAUSTED,PARTIAL,1,2026-09-01T06:31:18.857120+00:00,OBSERVATION_PARTIAL,Explorer /address_transactions/ckb1qzda0cr08m85hc8jlnfp3zer7xulejywt49kt2rr0vthywaa50xwsqdzm8lk39ashezjh2pdyrdz7nw0j43av9ce3k38n: The read operation timed out,EXPLORER_TIMEOUT,,WALLET,unknown,,Explorer timeout/service,RETRY_LATER
ckb1qzda0cr08m85hc8jlnfp3zer7xulejywt49kt2rr0vthywaa50xwsqdzt3t3nzcdsvaxvkqvfn6p3lxdk3f9agguqwlys,FAILED_RETRY_EXHAUSTED,PARTIAL,1,2026-09-01T06:33:08.246596+00:00,OBSERVATION_PARTIAL,Explorer /address_transactions/ckb1qzda0cr08m85hc8jlnfp3zer7xulejywt49kt2rr0vthywaa50xwsqdzt3t3nzcdsvaxvkqvfn6p3lxdk3f9agguqwlys: The read operation timed out,EXPLORER_TIMEOUT,,WALLET,1001-5000,1443,Explorer timeout/service,RETRY_LATER
ckb1qzda0cr08m85hc8jlnfp3zer7xulejywt49kt2rr0vthywaa50xwsqf28hye6evgjqwvz29v4fvlpgsc7vsxu5gx5qu2v,FAILED_RETRY_EXHAUSTED,PARTIAL,1,2026-09-01T06:34:58.734707+00:00,OBSERVATION_PARTIAL,Explorer /address_transactions/ckb1qzda0cr08m85hc8jlnfp3zer7xulejywt49kt2rr0vthywaa50xwsqf28hye6evgjqwvz29v4fvlpgsc7vsxu5gx5qu2v: The read operation timed out,EXPLORER_TIMEOUT,,WALLET,unknown,,Explorer timeout/service,RETRY_LATER
ckb1qzda0cr08m85hc8jlnfp3zer7xulejywt49kt2rr0vthywaa50xwsqf2el7rdezj77kunr7ncjup03x55y849rqa5khs6,FAILED_RETRY_EXHAUSTED,PARTIAL,1,2026-09-01T06:36:47.579884+00:00,OBSERVATION_PARTIAL,Explorer /address_transactions/ckb1qzda0cr08m85hc8jlnfp3zer7xulejywt49kt2rr0vthywaa50xwsqf2el7rdezj77kunr7ncjup03x55y849rqa5khs6: The read operation timed out,EXPLORER_TIMEOUT,,WALLET,unknown,,Explorer timeout/service,RETRY_LATER
ckb1qzda0cr08m85hc8jlnfp3zer7xulejywt49kt2rr0vthywaa50xwsqfedd2txrs2mkwpdnqawg67t6dg873utxcxh2uzw,FAILED_RETRY_EXHAUSTED,PARTIAL,1,2026-09-01T06:44:55.351581+00:00,OBSERVATION_PARTIAL,Explorer /address_transactions/ckb1qzda0cr08m85hc8jlnfp3zer7xulejywt49kt2rr0vthywaa50xwsqfedd2txrs2mkwpdnqawg67t6dg873utxcxh2uzw: The read operation timed out,EXPLORER_TIMEOUT,,WALLET,unknown,,Explorer timeout/service,RETRY_LATER
ckb1qzda0cr08m85hc8jlnfp3zer7xulejywt49kt2rr0vthywaa50xwsqfhlkvwqu09p0fh8aqkzw4q63frnwe3lqgphr4ny,FAILED_RETRY_EXHAUSTED,PARTIAL,1,2026-09-01T06:49:06.321052+00:00,OBSERVATION_PARTIAL,Explorer /address_transactions/ckb1qzda0cr08m85hc8jlnfp3zer7xulejywt49kt2rr0vthywaa50xwsqfhlkvwqu09p0fh8aqkzw4q63frnwe3lqgphr4ny: The read operation timed out,EXPLORER_TIMEOUT,,WALLET,unknown,,Explorer timeout/service,RETRY_LATER
ckb1qzda0cr08m85hc8jlnfp3zer7xulejywt49kt2rr0vthywaa50xwsqfju4w7mgnq2xl34rgmv7avnczycrkc9xqedr5fc,FAILED_RETRY_EXHAUSTED,PARTIAL,1,2026-09-01T06:52:38.198181+00:00,OBSERVATION_PARTIAL,Explorer /address_transactions/ckb1qzda0cr08m85hc8jlnfp3zer7xulejywt49kt2rr0vthywaa50xwsqfju4w7mgnq2xl34rgmv7avnczycrkc9xqedr5fc: The read operation timed out,EXPLORER_TIMEOUT,,WALLET,unknown,,Explorer timeout/service,RETRY_LATER
ckb1qzda0cr08m85hc8jlnfp3zer7xulejywt49kt2rr0vthywaa50xwsqfk06jtv959avpca47ucdh54qfg8wr9x5g9e69zn,FAILED_RETRY_EXHAUSTED,PARTIAL,1,2026-09-01T06:54:27.423876+00:00,OBSERVATION_PARTIAL,Explorer /address_transactions/ckb1qzda0cr08m85hc8jlnfp3zer7xulejywt49kt2rr0vthywaa50xwsqfk06jtv959avpca47ucdh54qfg8wr9x5g9e69zn: The read operation timed out,EXPLORER_TIMEOUT,,WALLET,unknown,,Explorer timeout/service,RETRY_LATER
ckb1qzda0cr08m85hc8jlnfp3zer7xulejywt49kt2rr0vthywaa50xwsqfkame6ddm458vr9j43h04m2hq3uecnxlgr77utf,FAILED_RETRY_EXHAUSTED,PARTIAL,1,2026-09-01T06:56:35.318211+00:00,OBSERVATION_PARTIAL,Explorer /address_transactions/ckb1qzda0cr08m85hc8jlnfp3zer7xulejywt49kt2rr0vthywaa50xwsqfkame6ddm458vr9j43h04m2hq3uecnxlgr77utf: The read operation timed out,EXPLORER_TIMEOUT,,WALLET,unknown,,Explorer timeout/service,RETRY_LATER
ckb1qzda0cr08m85hc8jlnfp3zer7xulejywt49kt2rr0vthywaa50xwsqfr084zhvecgk6223300mchj39my66q5dqd5030q,FAILED_RETRY_EXHAUSTED,PARTIAL,1,2026-09-01T07:01:48.913504+00:00,OBSERVATION_PARTIAL,Explorer /address_transactions/ckb1qzda0cr08m85hc8jlnfp3zer7xulejywt49kt2rr0vthywaa50xwsqfr084zhvecgk6223300mchj39my66q5dqd5030q: The read operation timed out,EXPLORER_TIMEOUT,,WALLET,unknown,,Explorer timeout/service,RETRY_LATER
ckb1qzda0cr08m85hc8jlnfp3zer7xulejywt49kt2rr0vthywaa50xwsqfrwmam5nkqvxfjujhr7kk9d2f2dvdj4egq7kqlm,FAILED_RETRY_EXHAUSTED,PARTIAL,1,2026-09-01T07:05:10.847301+00:00,OBSERVATION_PARTIAL,Explorer /address_transactions/ckb1qzda0cr08m85hc8jlnfp3zer7xulejywt49kt2rr0vthywaa50xwsqfrwmam5nkqvxfjujhr7kk9d2f2dvdj4egq7kqlm: The read operation timed out,EXPLORER_TIMEOUT,,WALLET,unknown,,Explorer timeout/service,RETRY_LATER
ckb1qzda0cr08m85hc8jlnfp3zer7xulejywt49kt2rr0vthywaa50xwsqfs65nfxwjwhd2q8t9vpan08q7tr76pugseqqmtp,FAILED_RETRY_EXHAUSTED,PARTIAL,1,2026-09-01T07:07:22.791001+00:00,OBSERVATION_PARTIAL,Explorer /address_transactions/ckb1qzda0cr08m85hc8jlnfp3zer7xulejywt49kt2rr0vthywaa50xwsqfs65nfxwjwhd2q8t9vpan08q7tr76pugseqqmtp: The read operation timed out,EXPLORER_TIMEOUT,,WALLET,unknown,,Explorer timeout/service,RETRY_LATER
ckb1qzda0cr08m85hc8jlnfp3zer7xulejywt49kt2rr0vthywaa50xwsqfsq8jqye7jzl6krc66gkd3lch36mxyhts00xst4,FAILED_RETRY_EXHAUSTED,PARTIAL,1,2026-09-01T07:10:38.525491+00:00,OBSERVATION_PARTIAL,Explorer /address_transactions/ckb1qzda0cr08m85hc8jlnfp3zer7xulejywt49kt2rr0vthywaa50xwsqfsq8jqye7jzl6krc66gkd3lch36mxyhts00xst4: The read operation timed out,EXPLORER_TIMEOUT,,WALLET,unknown,,Explorer timeout/service,RETRY_LATER
ckb1qzda0cr08m85hc8jlnfp3zer7xulejywt49kt2rr0vthywaa50xwsqftut643fj67jhgc0u2h4m3ggtt290vqmqxqpkju,FAILED_RETRY_EXHAUSTED,PARTIAL,1,2026-09-01T07:13:37.427358+00:00,OBSERVATION_PARTIAL,Explorer /address_transactions/ckb1qzda0cr08m85hc8jlnfp3zer7xulejywt49kt2rr0vthywaa50xwsqftut643fj67jhgc0u2h4m3ggtt290vqmqxqpkju: The read operation timed out,EXPLORER_TIMEOUT,,WALLET,unknown,,Explorer timeout/service,RETRY_LATER
ckb1qzda0cr08m85hc8jlnfp3zer7xulejywt49kt2rr0vthywaa50xwsqfuss90srspr49ftd2x22zn2zcpthn727gp7z3wq,FAILED_RETRY_EXHAUSTED,PARTIAL,1,2026-09-01T07:16:00.880269+00:00,OBSERVATION_PARTIAL,Explorer /address_transactions/ckb1qzda0cr08m85hc8jlnfp3zer7xulejywt49kt2rr0vthywaa50xwsqfuss90srspr49ftd2x22zn2zcpthn727gp7z3wq: The read operation timed out,EXPLORER_TIMEOUT,,WALLET,unknown,,Explorer timeout/service,RETRY_LATER
ckb1qzda0cr08m85hc8jlnfp3zer7xulejywt49kt2rr0vthywaa50xwsqfxqhntpalmhxqf2dls2ak9tq52pclnals5mtv4z,FAILED_RETRY_EXHAUSTED,PARTIAL,1,2026-09-01T07:20:29.528630+00:00,OBSERVATION_PARTIAL,Explorer /address_transactions/ckb1qzda0cr08m85hc8jlnfp3zer7xulejywt49kt2rr0vthywaa50xwsqfxqhntpalmhxqf2dls2ak9tq52pclnals5mtv4z: The read operation timed out,EXPLORER_TIMEOUT,,WALLET,unknown,,Explorer timeout/service,RETRY_LATER
ckb1qzda0cr08m85hc8jlnfp3zer7xulejywt49kt2rr0vthywaa50xwsqfxutf5s83ww7s33j2tyc98k7gzr5588vs3kzqs7,FAILED_RETRY_EXHAUSTED,PARTIAL,1,2026-09-01T07:22:17.032101+00:00,OBSERVATION_PARTIAL,Explorer /address_transactions/ckb1qzda0cr08m85hc8jlnfp3zer7xulejywt49kt2rr0vthywaa50xwsqfxutf5s83ww7s33j2tyc98k7gzr5588vs3kzqs7: The read operation timed out,EXPLORER_TIMEOUT,,WALLET,unknown,,Explorer timeout/service,RETRY_LATER
ckb1qzda0cr08m85hc8jlnfp3zer7xulejywt49kt2rr0vthywaa50xwsqfy9jh56guwkukqsxa6anu49vsyrs07j4qa7y0x8,FAILED_RETRY_EXHAUSTED,PARTIAL,1,2026-09-01T07:24:20.386840+00:00,OBSERVATION_PARTIAL,Explorer /address_transactions/ckb1qzda0cr08m85hc8jlnfp3zer7xulejywt49kt2rr0vthywaa50xwsqfy9jh56guwkukqsxa6anu49vsyrs07j4qa7y0x8: The read operation timed out,EXPLORER_TIMEOUT,,WALLET,unknown,,Explorer timeout/service,RETRY_LATER
ckb1qzda0cr08m85hc8jlnfp3zer7xulejywt49kt2rr0vthywaa50xwsqfyj5nenrx8y7mcrg2zdhqtyet4xegysfc3xyemf,FAILED_RETRY_EXHAUSTED,PARTIAL,1,2026-09-01T07:26:12.702180+00:00,OBSERVATION_PARTIAL,Explorer /address_transactions/ckb1qzda0cr08m85hc8jlnfp3zer7xulejywt49kt2rr0vthywaa50xwsqfyj5nenrx8y7mcrg2zdhqtyet4xegysfc3xyemf: The read operation timed out,EXPLORER_TIMEOUT,,WALLET,unknown,,Explorer timeout/service,RETRY_LATER
ckb1qzda0cr08m85hc8jlnfp3zer7xulejywt49kt2rr0vthywaa50xwsqg0n9cqt6ha42dcned9zrz5wtqs256ct5sqjf4k9,FAILED_RETRY_EXHAUSTED,PARTIAL,1,2026-09-01T07:30:04.722535+00:00,OBSERVATION_PARTIAL,Explorer /address_transactions/ckb1qzda0cr08m85hc8jlnfp3zer7xulejywt49kt2rr0vthywaa50xwsqg0n9cqt6ha42dcned9zrz5wtqs256ct5sqjf4k9: The read operation timed out,EXPLORER_TIMEOUT,,WALLET,unknown,,Explorer timeout/service,RETRY_LATER
ckb1qzda0cr08m85hc8jlnfp3zer7xulejywt49kt2rr0vthywaa50xwsqg0stashycnk0au3euckz46ucr9jnstf7sr3ejr0,FAILED_RETRY_EXHAUSTED,PARTIAL,1,2026-09-01T07:32:36.150347+00:00,OBSERVATION_PARTIAL,Explorer /address_transactions/ckb1qzda0cr08m85hc8jlnfp3zer7xulejywt49kt2rr0vthywaa50xwsqg0stashycnk0au3euckz46ucr9jnstf7sr3ejr0: The read operation timed out,EXPLORER_TIMEOUT,,WALLET,unknown,,Explorer timeout/service,RETRY_LATER
ckb1qzda0cr08m85hc8jlnfp3zer7xulejywt49kt2rr0vthywaa50xwsqg234899dy86s85krenks2uxma9pz0thwsukch3x,FAILED_RETRY_EXHAUSTED,PARTIAL,1,2026-09-01T07:34:27.146393+00:00,OBSERVATION_PARTIAL,Explorer /address_transactions/ckb1qzda0cr08m85hc8jlnfp3zer7xulejywt49kt2rr0vthywaa50xwsqg234899dy86s85krenks2uxma9pz0thwsukch3x: The read operation timed out,EXPLORER_TIMEOUT,,WALLET,unknown,,Explorer timeout/service,RETRY_LATER
ckb1qzda0cr08m85hc8jlnfp3zer7xulejywt49kt2rr0vthywaa50xwsqg2h7uwwprx9jj45wjl3atqcx9n2ztadscfrnanm,FAILED_RETRY_EXHAUSTED,PARTIAL,1,2026-09-01T07:39:56.979709+00:00,OBSERVATION_PARTIAL,Explorer /address_transactions/ckb1qzda0cr08m85hc8jlnfp3zer7xulejywt49kt2rr0vthywaa50xwsqg2h7uwwprx9jj45wjl3atqcx9n2ztadscfrnanm: The read operation timed out,EXPLORER_TIMEOUT,,WALLET,unknown,,Explorer timeout/service,RETRY_LATER
ckb1qzda0cr08m85hc8jlnfp3zer7xulejywt49kt2rr0vthywaa50xwsqg5jmhqdrajsdjx6cfxjxh8rgcyd0tqknsgt33vf,FAILED_RETRY_EXHAUSTED,PARTIAL,1,2026-09-01T07:44:56.188980+00:00,OBSERVATION_PARTIAL,Explorer /address_transactions/ckb1qzda0cr08m85hc8jlnfp3zer7xulejywt49kt2rr0vthywaa50xwsqg5jmhqdrajsdjx6cfxjxh8rgcyd0tqknsgt33vf: The read operation timed out,EXPLORER_TIMEOUT,,WALLET,unknown,,Explorer timeout/service,RETRY_LATER
ckb1qzda0cr08m85hc8jlnfp3zer7xulejywt49kt2rr0vthywaa50xwsqg5lst9mlwu80g4jr84edy4yl3aznsjppqhnt9pw,FAILED_RETRY_EXHAUSTED,PARTIAL,1,2026-09-01T07:46:48.622474+00:00,OBSERVATION_PARTIAL,Explorer /address_transactions/ckb1qzda0cr08m85hc8jlnfp3zer7xulejywt49kt2rr0vthywaa50xwsqg5lst9mlwu80g4jr84edy4yl3aznsjppqhnt9pw: The read operation timed out,EXPLORER_TIMEOUT,,WALLET,unknown,,Explorer timeout/service,RETRY_LATER
ckb1qzda0cr08m85hc8jlnfp3zer7xulejywt49kt2rr0vthywaa50xwsqg7s83aycfqw32rp2cl30mezyc5l5q4zfqppp5t0,FAILED_RETRY_EXHAUSTED,PARTIAL,1,2026-09-01T07:51:24.619814+00:00,OBSERVATION_PARTIAL,Explorer /address_transactions/ckb1qzda0cr08m85hc8jlnfp3zer7xulejywt49kt2rr0vthywaa50xwsqg7s83aycfqw32rp2cl30mezyc5l5q4zfqppp5t0: The read operation timed out,EXPLORER_TIMEOUT,,WALLET,unknown,,Explorer timeout/service,RETRY_LATER
ckb1qzda0cr08m85hc8jlnfp3zer7xulejywt49kt2rr0vthywaa50xwsqg8pu56q5tq5fw73kv89xfvc8krqrwmz4seqggu7,FAILED_RETRY_EXHAUSTED,PARTIAL,1,2026-09-01T07:53:12.601541+00:00,OBSERVATION_PARTIAL,Explorer /address_transactions/ckb1qzda0cr08m85hc8jlnfp3zer7xulejywt49kt2rr0vthywaa50xwsqg8pu56q5tq5fw73kv89xfvc8krqrwmz4seqggu7: The read operation timed out,EXPLORER_TIMEOUT,,WALLET,unknown,,Explorer timeout/service,RETRY_LATER
ckb1qzda0cr08m85hc8jlnfp3zer7xulejywt49kt2rr0vthywaa50xwsqg8zg7hg80ul7sj74vc0rfe2ya7zxvzxxcv5tleh,FAILED_RETRY_EXHAUSTED,PARTIAL,1,2026-09-01T07:55:21.677137+00:00,OBSERVATION_PARTIAL,Explorer /address_transactions/ckb1qzda0cr08m85hc8jlnfp3zer7xulejywt49kt2rr0vthywaa50xwsqg8zg7hg80ul7sj74vc0rfe2ya7zxvzxxcv5tleh: The read operation timed out,EXPLORER_TIMEOUT,,WALLET,unknown,,Explorer timeout/service,RETRY_LATER
ckb1qzda0cr08m85hc8jlnfp3zer7xulejywt49kt2rr0vthywaa50xwsqga7576ut7xx2v5xv68r6xuxv73mryg6lsuvp7yx,FAILED_RETRY_EXHAUSTED,PARTIAL,1,2026-09-01T07:57:59.788215+00:00,OBSERVATION_PARTIAL,Explorer /address_transactions/ckb1qzda0cr08m85hc8jlnfp3zer7xulejywt49kt2rr0vthywaa50xwsqga7576ut7xx2v5xv68r6xuxv73mryg6lsuvp7yx: The read operation timed out,EXPLORER_TIMEOUT,,WALLET,201-500,249,Explorer timeout/service,RETRY_LATER
ckb1qzda0cr08m85hc8jlnfp3zer7xulejywt49kt2rr0vthywaa50xwsqga9r4u6mh3hpce4dmfkkhjmcmshmyz57c637qvk,FAILED_RETRY_EXHAUSTED,PARTIAL,1,2026-09-01T08:00:11.994390+00:00,OBSERVATION_PARTIAL,Explorer /address_transactions/ckb1qzda0cr08m85hc8jlnfp3zer7xulejywt49kt2rr0vthywaa50xwsqga9r4u6mh3hpce4dmfkkhjmcmshmyz57c637qvk: The read operation timed out,EXPLORER_TIMEOUT,,WALLET,unknown,,Explorer timeout/service,RETRY_LATER
ckb1qzda0cr08m85hc8jlnfp3zer7xulejywt49kt2rr0vthywaa50xwsqgcz52lrjnahz4fqftgu99pl00ekkzmcnqw90ng6,FAILED_RETRY_EXHAUSTED,PARTIAL,1,2026-09-01T08:02:27.952293+00:00,OBSERVATION_PARTIAL,Explorer /address_transactions/ckb1qzda0cr08m85hc8jlnfp3zer7xulejywt49kt2rr0vthywaa50xwsqgcz52lrjnahz4fqftgu99pl00ekkzmcnqw90ng6: The read operation timed out,EXPLORER_TIMEOUT,,WALLET,unknown,,Explorer timeout/service,RETRY_LATER
ckb1qzda0cr08m85hc8jlnfp3zer7xulejywt49kt2rr0vthywaa50xwsqgdfcqrc54z7gdl04pmq7vskgdzx2axu0cns0vcq,FAILED_RETRY_EXHAUSTED,PARTIAL,1,2026-09-01T08:04:17.159133+00:00,OBSERVATION_PARTIAL,Explorer /address_transactions/ckb1qzda0cr08m85hc8jlnfp3zer7xulejywt49kt2rr0vthywaa50xwsqgdfcqrc54z7gdl04pmq7vskgdzx2axu0cns0vcq: The read operation timed out,EXPLORER_TIMEOUT,,WALLET,unknown,,Explorer timeout/service,RETRY_LATER
ckb1qzda0cr08m85hc8jlnfp3zer7xulejywt49kt2rr0vthywaa50xwsqgdfkqjl4zve8hmvt72a2gykfrwnae27ecw45zxl,FAILED_RETRY_EXHAUSTED,PARTIAL,1,2026-09-01T08:06:05.598431+00:00,OBSERVATION_PARTIAL,Explorer /address_transactions/ckb1qzda0cr08m85hc8jlnfp3zer7xulejywt49kt2rr0vthywaa50xwsqgdfkqjl4zve8hmvt72a2gykfrwnae27ecw45zxl: The read operation timed out,EXPLORER_TIMEOUT,,WALLET,unknown,,Explorer timeout/service,RETRY_LATER
ckb1qzda0cr08m85hc8jlnfp3zer7xulejywt49kt2rr0vthywaa50xwsqgdxphgsetrscx0nayzu4w3y0mptppcf2cdy8eyh,FAILED_RETRY_EXHAUSTED,PARTIAL,1,2026-09-01T08:07:56.337277+00:00,OBSERVATION_PARTIAL,Explorer /address_transactions/ckb1qzda0cr08m85hc8jlnfp3zer7xulejywt49kt2rr0vthywaa50xwsqgdxphgsetrscx0nayzu4w3y0mptppcf2cdy8eyh: The read operation timed out,EXPLORER_TIMEOUT,,WALLET,unknown,,Explorer timeout/service,RETRY_LATER
ckb1qzda0cr08m85hc8jlnfp3zer7xulejywt49kt2rr0vthywaa50xwsqgfqwmvzh39rck52chuz5t6404wqmywtagx3n5lf,FAILED_RETRY_EXHAUSTED,PARTIAL,1,2026-09-01T08:10:31.546196+00:00,OBSERVATION_PARTIAL,Explorer /address_transactions/ckb1qzda0cr08m85hc8jlnfp3zer7xulejywt49kt2rr0vthywaa50xwsqgfqwmvzh39rck52chuz5t6404wqmywtagx3n5lf: The read operation timed out,EXPLORER_TIMEOUT,,WALLET,unknown,,Explorer timeout/service,RETRY_LATER
ckb1qzda0cr08m85hc8jlnfp3zer7xulejywt49kt2rr0vthywaa50xwsqgggfv0k0gj6r4du3z58c6d39fq6vn7hps0v89nt,FAILED_RETRY_EXHAUSTED,PARTIAL,1,2026-09-01T08:12:44.943935+00:00,OBSERVATION_PARTIAL,Explorer /address_transactions/ckb1qzda0cr08m85hc8jlnfp3zer7xulejywt49kt2rr0vthywaa50xwsqgggfv0k0gj6r4du3z58c6d39fq6vn7hps0v89nt: The read operation timed out,EXPLORER_TIMEOUT,,WALLET,unknown,,Explorer timeout/service,RETRY_LATER
ckb1qzda0cr08m85hc8jlnfp3zer7xulejywt49kt2rr0vthywaa50xwsqggk97uhpah6re39cfce5d08rrwu0yvyjg5vjg0s,FAILED_RETRY_EXHAUSTED,PARTIAL,1,2026-09-01T08:14:35.652615+00:00,OBSERVATION_PARTIAL,Explorer /address_transactions/ckb1qzda0cr08m85hc8jlnfp3zer7xulejywt49kt2rr0vthywaa50xwsqggk97uhpah6re39cfce5d08rrwu0yvyjg5vjg0s: The read operation timed out,EXPLORER_TIMEOUT,,WALLET,unknown,,Explorer timeout/service,RETRY_LATER
ckb1qzda0cr08m85hc8jlnfp3zer7xulejywt49kt2rr0vthywaa50xwsqggtmv990h0ggv7g747uk0mj422sf3anps8teujc,FAILED_RETRY_EXHAUSTED,PARTIAL,1,2026-09-01T08:17:10.305994+00:00,OBSERVATION_PARTIAL,Explorer /address_transactions/ckb1qzda0cr08m85hc8jlnfp3zer7xulejywt49kt2rr0vthywaa50xwsqggtmv990h0ggv7g747uk0mj422sf3anps8teujc: The read operation timed out,EXPLORER_TIMEOUT,,WALLET,unknown,,Explorer timeout/service,RETRY_LATER
ckb1qzda0cr08m85hc8jlnfp3zer7xulejywt49kt2rr0vthywaa50xwsqghcyy3z34lvvd306dsxk63tplg20yue3q6y3yy2,FAILED_RETRY_EXHAUSTED,PARTIAL,1,2026-09-01T08:19:21.991941+00:00,OBSERVATION_PARTIAL,Explorer /address_transactions/ckb1qzda0cr08m85hc8jlnfp3zer7xulejywt49kt2rr0vthywaa50xwsqghcyy3z34lvvd306dsxk63tplg20yue3q6y3yy2: The read operation timed out,EXPLORER_TIMEOUT,,WALLET,unknown,,Explorer timeout/service,RETRY_LATER
ckb1qzda0cr08m85hc8jlnfp3zer7xulejywt49kt2rr0vthywaa50xwsqgj3umca77qszppddp4armtr2l6dt4n8ycjv3xdw,FAILED_RETRY_EXHAUSTED,PARTIAL,1,2026-09-01T08:21:56.777052+00:00,OBSERVATION_PARTIAL,Explorer /address_transactions/ckb1qzda0cr08m85hc8jlnfp3zer7xulejywt49kt2rr0vthywaa50xwsqgj3umca77qszppddp4armtr2l6dt4n8ycjv3xdw: The read operation timed out,EXPLORER_TIMEOUT,,WALLET,unknown,,Explorer timeout/service,RETRY_LATER
ckb1qzda0cr08m85hc8jlnfp3zer7xulejywt49kt2rr0vthywaa50xwsqgm4jfxekt225yeqlkhhz585mhekalxa7qrv09fu,FAILED_RETRY_EXHAUSTED,PARTIAL,1,2026-09-01T08:27:17.015280+00:00,OBSERVATION_PARTIAL,Explorer /address_transactions/ckb1qzda0cr08m85hc8jlnfp3zer7xulejywt49kt2rr0vthywaa50xwsqgm4jfxekt225yeqlkhhz585mhekalxa7qrv09fu: The read operation timed out,EXPLORER_TIMEOUT,,WALLET,unknown,,Explorer timeout/service,RETRY_LATER
ckb1qzda0cr08m85hc8jlnfp3zer7xulejywt49kt2rr0vthywaa50xwsqgnfvuxythnvn6vprmx6jxl9fqh5ezez8q9guwpx,FAILED_RETRY_EXHAUSTED,PARTIAL,1,2026-09-01T08:29:25.171127+00:00,OBSERVATION_PARTIAL,Explorer /address_transactions/ckb1qzda0cr08m85hc8jlnfp3zer7xulejywt49kt2rr0vthywaa50xwsqgnfvuxythnvn6vprmx6jxl9fqh5ezez8q9guwpx: The read operation timed out,EXPLORER_TIMEOUT,,WALLET,unknown,,Explorer timeout/service,RETRY_LATER
ckb1qzda0cr08m85hc8jlnfp3zer7xulejywt49kt2rr0vthywaa50xwsqgqu5f73a8mu9fjdve3rsmjc5q2uccwgccgerq4a,FAILED_RETRY_EXHAUSTED,PARTIAL,1,2026-09-01T08:32:28.007877+00:00,OBSERVATION_PARTIAL,Explorer /address_transactions/ckb1qzda0cr08m85hc8jlnfp3zer7xulejywt49kt2rr0vthywaa50xwsqgqu5f73a8mu9fjdve3rsmjc5q2uccwgccgerq4a: The read operation timed out,EXPLORER_TIMEOUT,,WALLET,unknown,,Explorer timeout/service,RETRY_LATER
ckb1qzda0cr08m85hc8jlnfp3zer7xulejywt49kt2rr0vthywaa50xwsqgrrjcgegk84s72jhspcsxnznsygtketyqj93p7m,FAILED_RETRY_EXHAUSTED,PARTIAL,1,2026-09-01T08:34:18.400092+00:00,OBSERVATION_PARTIAL,Explorer /address_transactions/ckb1qzda0cr08m85hc8jlnfp3zer7xulejywt49kt2rr0vthywaa50xwsqgrrjcgegk84s72jhspcsxnznsygtketyqj93p7m: The read operation timed out,EXPLORER_TIMEOUT,,WALLET,unknown,,Explorer timeout/service,RETRY_LATER
ckb1qzda0cr08m85hc8jlnfp3zer7xulejywt49kt2rr0vthywaa50xwsqgt4w6g2rka0ufkctegwzcmm7g2gc8hvhgu5xy24,FAILED_RETRY_EXHAUSTED,PARTIAL,1,2026-09-01T08:36:07.804436+00:00,OBSERVATION_PARTIAL,Explorer /address_transactions/ckb1qzda0cr08m85hc8jlnfp3zer7xulejywt49kt2rr0vthywaa50xwsqgt4w6g2rka0ufkctegwzcmm7g2gc8hvhgu5xy24: The read operation timed out,EXPLORER_TIMEOUT,,WALLET,501-1000,902,Explorer timeout/service,RETRY_LATER
ckb1qzda0cr08m85hc8jlnfp3zer7xulejywt49kt2rr0vthywaa50xwsqgtnlxsdxd59738lfcuwtx9rwht50pmcus3ye2h3,FAILED_RETRY_EXHAUSTED,PARTIAL,1,2026-09-01T08:38:20.613675+00:00,OBSERVATION_PARTIAL,Explorer /address_transactions/ckb1qzda0cr08m85hc8jlnfp3zer7xulejywt49kt2rr0vthywaa50xwsqgtnlxsdxd59738lfcuwtx9rwht50pmcus3ye2h3: The read operation timed out,EXPLORER_TIMEOUT,,WALLET,unknown,,Explorer timeout/service,RETRY_LATER
ckb1qzda0cr08m85hc8jlnfp3zer7xulejywt49kt2rr0vthywaa50xwsqgtx2tjysfne99gjt69psfea8xc2my2zlgsfgp59,FAILED_RETRY_EXHAUSTED,PARTIAL,1,2026-09-01T08:40:11.328890+00:00,OBSERVATION_PARTIAL,Explorer /address_transactions/ckb1qzda0cr08m85hc8jlnfp3zer7xulejywt49kt2rr0vthywaa50xwsqgtx2tjysfne99gjt69psfea8xc2my2zlgsfgp59: The read operation timed out,EXPLORER_TIMEOUT,,WALLET,unknown,,Explorer timeout/service,RETRY_LATER
ckb1qzda0cr08m85hc8jlnfp3zer7xulejywt49kt2rr0vthywaa50xwsqgu7pyfhg4tq00pguszy8gckjkxshmacys678te3,FAILED_RETRY_EXHAUSTED,PARTIAL,1,2026-09-01T08:42:02.417136+00:00,OBSERVATION_PARTIAL,Explorer /address_transactions/ckb1qzda0cr08m85hc8jlnfp3zer7xulejywt49kt2rr0vthywaa50xwsqgu7pyfhg4tq00pguszy8gckjkxshmacys678te3: The read operation timed out,EXPLORER_TIMEOUT,,WALLET,1001-5000,1386,Explorer timeout/service,RETRY_LATER
ckb1qzda0cr08m85hc8jlnfp3zer7xulejywt49kt2rr0vthywaa50xwsqgv9p59awt6f744dzhudpxwg07hhxrfxqqx304da,FAILED_RETRY_EXHAUSTED,PARTIAL,1,2026-09-01T08:44:15.014716+00:00,OBSERVATION_PARTIAL,Explorer /address_transactions/ckb1qzda0cr08m85hc8jlnfp3zer7xulejywt49kt2rr0vthywaa50xwsqgv9p59awt6f744dzhudpxwg07hhxrfxqqx304da: The read operation timed out,EXPLORER_TIMEOUT,,WALLET,unknown,,Explorer timeout/service,RETRY_LATER
ckb1qzda0cr08m85hc8jlnfp3zer7xulejywt49kt2rr0vthywaa50xwsqgwnwze907evedj3hsygj2k9jelywm3mlsylksa9,FAILED_RETRY_EXHAUSTED,PARTIAL,1,2026-09-01T08:50:15.249520+00:00,OBSERVATION_PARTIAL,Explorer /address_transactions/ckb1qzda0cr08m85hc8jlnfp3zer7xulejywt49kt2rr0vthywaa50xwsqgwnwze907evedj3hsygj2k9jelywm3mlsylksa9: The read operation timed out,EXPLORER_TIMEOUT,,WALLET,unknown,,Explorer timeout/service,RETRY_LATER
ckb1qzda0cr08m85hc8jlnfp3zer7xulejywt49kt2rr0vthywaa50xwsqgwwfzh5cmw04fyp5c7wh5rdvzq22m4jzsp9yju2,FAILED_RETRY_EXHAUSTED,PARTIAL,1,2026-09-01T08:52:45.182204+00:00,OBSERVATION_PARTIAL,Explorer /address_transactions/ckb1qzda0cr08m85hc8jlnfp3zer7xulejywt49kt2rr0vthywaa50xwsqgwwfzh5cmw04fyp5c7wh5rdvzq22m4jzsp9yju2: The read operation timed out,EXPLORER_TIMEOUT,,WALLET,unknown,,Explorer timeout/service,RETRY_LATER
ckb1qzda0cr08m85hc8jlnfp3zer7xulejywt49kt2rr0vthywaa50xwsqgx7zz4z95yfe23juh4dhsyxymx94qxrhscedcek,FAILED_RETRY_EXHAUSTED,PARTIAL,1,2026-09-01T08:54:35.581567+00:00,OBSERVATION_PARTIAL,Explorer /address_transactions/ckb1qzda0cr08m85hc8jlnfp3zer7xulejywt49kt2rr0vthywaa50xwsqgx7zz4z95yfe23juh4dhsyxymx94qxrhscedcek: The read operation timed out,EXPLORER_TIMEOUT,,WALLET,unknown,,Explorer timeout/service,RETRY_LATER
ckb1qzda0cr08m85hc8jlnfp3zer7xulejywt49kt2rr0vthywaa50xwsqgymz5r96gzf6r87vldacvwxsxmk99t47swcpt4f,FAILED_RETRY_EXHAUSTED,PARTIAL,1,2026-09-01T08:57:54.120557+00:00,OBSERVATION_PARTIAL,Explorer /address_transactions/ckb1qzda0cr08m85hc8jlnfp3zer7xulejywt49kt2rr0vthywaa50xwsqgymz5r96gzf6r87vldacvwxsxmk99t47swcpt4f: The read operation timed out,EXPLORER_TIMEOUT,,WALLET,unknown,,Explorer timeout/service,RETRY_LATER
ckb1qzda0cr08m85hc8jlnfp3zer7xulejywt49kt2rr0vthywaa50xwsqgyvkdp7jhf7qmnqwwwwqkcx486ph24weqs2g79k,FAILED_RETRY_EXHAUSTED,PARTIAL,1,2026-09-01T08:59:44.903230+00:00,OBSERVATION_PARTIAL,Explorer /address_transactions/ckb1qzda0cr08m85hc8jlnfp3zer7xulejywt49kt2rr0vthywaa50xwsqgyvkdp7jhf7qmnqwwwwqkcx486ph24weqs2g79k: The read operation timed out,EXPLORER_TIMEOUT,,WALLET,unknown,,Explorer timeout/service,RETRY_LATER
ckb1qzda0cr08m85hc8jlnfp3zer7xulejywt49kt2rr0vthywaa50xwsqgyxsdzsqagk0lly758rp0hawjzx76wstsungwjh,FAILED_RETRY_EXHAUSTED,PARTIAL,1,2026-09-01T09:02:15.733598+00:00,OBSERVATION_PARTIAL,Explorer /address_transactions/ckb1qzda0cr08m85hc8jlnfp3zer7xulejywt49kt2rr0vthywaa50xwsqgyxsdzsqagk0lly758rp0hawjzx76wstsungwjh: The read operation timed out,EXPLORER_TIMEOUT,,WALLET,unknown,,Explorer timeout/service,RETRY_LATER
ckb1qzda0cr08m85hc8jlnfp3zer7xulejywt49kt2rr0vthywaa50xwsqgyyvh29w83h2lt4wwas26u7ht4sh2f5ysrd6897,FAILED_RETRY_EXHAUSTED,PARTIAL,1,2026-09-01T09:04:07.407966+00:00,OBSERVATION_PARTIAL,Explorer /address_transactions/ckb1qzda0cr08m85hc8jlnfp3zer7xulejywt49kt2rr0vthywaa50xwsqgyyvh29w83h2lt4wwas26u7ht4sh2f5ysrd6897: The read operation timed out,EXPLORER_TIMEOUT,,WALLET,unknown,,Explorer timeout/service,RETRY_LATER
ckb1qzda0cr08m85hc8jlnfp3zer7xulejywt49kt2rr0vthywaa50xwsqgzn8kzhxna4m6zgj48hzm2a56splrqffcce3rs5,FAILED_RETRY_EXHAUSTED,PARTIAL,1,2026-09-01T09:06:59.945463+00:00,OBSERVATION_PARTIAL,Explorer /address_transactions/ckb1qzda0cr08m85hc8jlnfp3zer7xulejywt49kt2rr0vthywaa50xwsqgzn8kzhxna4m6zgj48hzm2a56splrqffcce3rs5: The read operation timed out,EXPLORER_TIMEOUT,,WALLET,unknown,,Explorer timeout/service,RETRY_LATER
ckb1qzda0cr08m85hc8jlnfp3zer7xulejywt49kt2rr0vthywaa50xwsqgzw3mzymauaxcnfmsgnthh5gg7ykvxz6sc2jl0s,FAILED_RETRY_EXHAUSTED,PARTIAL,1,2026-09-01T09:08:59.031349+00:00,OBSERVATION_PARTIAL,Explorer /address_transactions/ckb1qzda0cr08m85hc8jlnfp3zer7xulejywt49kt2rr0vthywaa50xwsqgzw3mzymauaxcnfmsgnthh5gg7ykvxz6sc2jl0s: The read operation timed out,EXPLORER_TIMEOUT,,WALLET,unknown,,Explorer timeout/service,RETRY_LATER
ckb1qzda0cr08m85hc8jlnfp3zer7xulejywt49kt2rr0vthywaa50xwsqt5rwtxkej7gytqs9vh8n3a09udt73gnrge8ketq,FAILED_RETRY_EXHAUSTED,PARTIAL,1,2026-09-01T09:16:07.675771+00:00,OBSERVATION_PARTIAL,Explorer /address_transactions/ckb1qzda0cr08m85hc8jlnfp3zer7xulejywt49kt2rr0vthywaa50xwsqt5rwtxkej7gytqs9vh8n3a09udt73gnrge8ketq: The read operation timed out,EXPLORER_TIMEOUT,,WALLET,unknown,,Explorer timeout/service,RETRY_LATER
ckb1qzda0cr08m85hc8jlnfp3zer7xulejywt49kt2rr0vthywaa50xwsqt8cqqp7h76xg76krfy7gf9e76ukjptnwsggzgwq,FAILED_RETRY_EXHAUSTED,PARTIAL,1,2026-09-01T09:21:08.748962+00:00,OBSERVATION_PARTIAL,Explorer /address_transactions/ckb1qzda0cr08m85hc8jlnfp3zer7xulejywt49kt2rr0vthywaa50xwsqt8cqqp7h76xg76krfy7gf9e76ukjptnwsggzgwq: The read operation timed out,EXPLORER_TIMEOUT,,WALLET,unknown,,Explorer timeout/service,RETRY_LATER
ckb1qzda0cr08m85hc8jlnfp3zer7xulejywt49kt2rr0vthywaa50xwsqtclu6vms4ugjz0atxwlcxdf3semgk53gg6zn597,FAILED_RETRY_EXHAUSTED,PARTIAL,1,2026-09-01T09:25:47.774591+00:00,OBSERVATION_PARTIAL,Explorer /address_transactions/ckb1qzda0cr08m85hc8jlnfp3zer7xulejywt49kt2rr0vthywaa50xwsqtclu6vms4ugjz0atxwlcxdf3semgk53gg6zn597: The read operation timed out,EXPLORER_TIMEOUT,,WALLET,unknown,,Explorer timeout/service,RETRY_LATER
ckb1qzda0cr08m85hc8jlnfp3zer7xulejywt49kt2rr0vthywaa50xwsqteef8yemqzzx7zrqzw9tl8admfvcn57js5lzt82,FAILED_RETRY_EXHAUSTED,PARTIAL,1,2026-09-01T09:32:20.916514+00:00,OBSERVATION_PARTIAL,Explorer /address_transactions/ckb1qzda0cr08m85hc8jlnfp3zer7xulejywt49kt2rr0vthywaa50xwsqteef8yemqzzx7zrqzw9tl8admfvcn57js5lzt82: The read operation timed out,EXPLORER_TIMEOUT,,WALLET,unknown,,Explorer timeout/service,RETRY_LATER
ckb1qzda0cr08m85hc8jlnfp3zer7xulejywt49kt2rr0vthywaa50xwsqteqxahcw2yy83y4svgzgg7aqk58708pqgfmxclg,FAILED_RETRY_EXHAUSTED,PARTIAL,1,2026-09-01T09:34:34.619460+00:00,OBSERVATION_PARTIAL,Explorer /address_transactions/ckb1qzda0cr08m85hc8jlnfp3zer7xulejywt49kt2rr0vthywaa50xwsqteqxahcw2yy83y4svgzgg7aqk58708pqgfmxclg: The read operation timed out,EXPLORER_TIMEOUT,,WALLET,unknown,,Explorer timeout/service,RETRY_LATER
ckb1qzda0cr08m85hc8jlnfp3zer7xulejywt49kt2rr0vthywaa50xwsqtfgy7n494w39ur9e3fdce8nkm7g5xkn7c3asagz,FAILED_RETRY_EXHAUSTED,PARTIAL,1,2026-09-01T09:37:10.088422+00:00,OBSERVATION_PARTIAL,Explorer /address_transactions/ckb1qzda0cr08m85hc8jlnfp3zer7xulejywt49kt2rr0vthywaa50xwsqtfgy7n494w39ur9e3fdce8nkm7g5xkn7c3asagz: The read operation timed out,EXPLORER_TIMEOUT,,WALLET,unknown,,Explorer timeout/service,RETRY_LATER
ckb1qzda0cr08m85hc8jlnfp3zer7xulejywt49kt2rr0vthywaa50xwsqtfxhm4mcvns0kxxp6yuy6skeha3pknhwqhsuzf0,FAILED_RETRY_EXHAUSTED,PARTIAL,1,2026-09-01T09:39:30.193432+00:00,OBSERVATION_PARTIAL,Explorer /address_transactions/ckb1qzda0cr08m85hc8jlnfp3zer7xulejywt49kt2rr0vthywaa50xwsqtfxhm4mcvns0kxxp6yuy6skeha3pknhwqhsuzf0: The read operation timed out,EXPLORER_TIMEOUT,,WALLET,unknown,,Explorer timeout/service,RETRY_LATER
ckb1qzda0cr08m85hc8jlnfp3zer7xulejywt49kt2rr0vthywaa50xwsqthl80tuq23uvh5fxm6auu4va9dw76gclqtu8vax,FAILED_RETRY_EXHAUSTED,PARTIAL,1,2026-09-01T09:49:39.449260+00:00,OBSERVATION_PARTIAL,Explorer /address_transactions/ckb1qzda0cr08m85hc8jlnfp3zer7xulejywt49kt2rr0vthywaa50xwsqthl80tuq23uvh5fxm6auu4va9dw76gclqtu8vax: The read operation timed out,EXPLORER_TIMEOUT,,WALLET,unknown,,Explorer timeout/service,RETRY_LATER
ckb1qzda0cr08m85hc8jlnfp3zer7xulejywt49kt2rr0vthywaa50xwsqthsmfsv2yddsyu04hxwg6aw82yvdhedgqvtvu0d,FAILED_RETRY_EXHAUSTED,PARTIAL,1,2026-09-01T09:52:02.925642+00:00,OBSERVATION_PARTIAL,Explorer /address_transactions/ckb1qzda0cr08m85hc8jlnfp3zer7xulejywt49kt2rr0vthywaa50xwsqthsmfsv2yddsyu04hxwg6aw82yvdhedgqvtvu0d: The read operation timed out,EXPLORER_TIMEOUT,,WALLET,unknown,,Explorer timeout/service,RETRY_LATER
ckb1qzda0cr08m85hc8jlnfp3zer7xulejywt49kt2rr0vthywaa50xwsqtkkx3urvug7hny8wgyf5s5vuchpvrhnks47yw86,FAILED_RETRY_EXHAUSTED,PARTIAL,1,2026-09-01T09:53:55.567776+00:00,OBSERVATION_PARTIAL,Explorer /address_transactions/ckb1qzda0cr08m85hc8jlnfp3zer7xulejywt49kt2rr0vthywaa50xwsqtkkx3urvug7hny8wgyf5s5vuchpvrhnks47yw86: The read operation timed out,EXPLORER_TIMEOUT,,WALLET,unknown,,Explorer timeout/service,RETRY_LATER
ckb1qzda0cr08m85hc8jlnfp3zer7xulejywt49kt2rr0vthywaa50xwsqtq9mzfvdhvl99qcucewayuw90g7s8477ckg5zhe,FAILED_RETRY_EXHAUSTED,PARTIAL,1,2026-09-01T09:59:43.381382+00:00,OBSERVATION_PARTIAL,Explorer /address_transactions/ckb1qzda0cr08m85hc8jlnfp3zer7xulejywt49kt2rr0vthywaa50xwsqtq9mzfvdhvl99qcucewayuw90g7s8477ckg5zhe: The read operation timed out,EXPLORER_TIMEOUT,,WALLET,unknown,,Explorer timeout/service,RETRY_LATER
ckb1qzda0cr08m85hc8jlnfp3zer7xulejywt49kt2rr0vthywaa50xwsqtrnw7zxsu43ta29zppg7rk8e3d2zk4kpcz7nrpq,FAILED_RETRY_EXHAUSTED,PARTIAL,1,2026-09-01T10:02:01.774278+00:00,OBSERVATION_PARTIAL,Explorer /address_transactions/ckb1qzda0cr08m85hc8jlnfp3zer7xulejywt49kt2rr0vthywaa50xwsqtrnw7zxsu43ta29zppg7rk8e3d2zk4kpcz7nrpq: The read operation timed out,EXPLORER_TIMEOUT,,WALLET,unknown,,Explorer timeout/service,RETRY_LATER
ckb1qzda0cr08m85hc8jlnfp3zer7xulejywt49kt2rr0vthywaa50xwsqts0nuc7ay2w00u35eal83750sgsr4xr9c723k5h,FAILED_RETRY_EXHAUSTED,PARTIAL,1,2026-09-01T10:04:45.313554+00:00,OBSERVATION_PARTIAL,Explorer /address_transactions/ckb1qzda0cr08m85hc8jlnfp3zer7xulejywt49kt2rr0vthywaa50xwsqts0nuc7ay2w00u35eal83750sgsr4xr9c723k5h: The read operation timed out,EXPLORER_TIMEOUT,,WALLET,unknown,,Explorer timeout/service,RETRY_LATER
ckb1qzda0cr08m85hc8jlnfp3zer7xulejywt49kt2rr0vthywaa50xwsqttxq08u8yv9qf3jnfnkr4sj5ek9cneyvglyset5,FAILED_RETRY_EXHAUSTED,PARTIAL,1,2026-09-01T10:08:17.770986+00:00,OBSERVATION_PARTIAL,Explorer /address_transactions/ckb1qzda0cr08m85hc8jlnfp3zer7xulejywt49kt2rr0vthywaa50xwsqttxq08u8yv9qf3jnfnkr4sj5ek9cneyvglyset5: The read operation timed out,EXPLORER_TIMEOUT,,WALLET,unknown,,Explorer timeout/service,RETRY_LATER
ckb1qzda0cr08m85hc8jlnfp3zer7xulejywt49kt2rr0vthywaa50xwsqtv0wspg5f06a7rgnrjauyc5wwj2mk99echtjnwp,FAILED_RETRY_EXHAUSTED,PARTIAL,1,2026-09-01T10:11:01.338356+00:00,OBSERVATION_PARTIAL,Explorer /address_transactions/ckb1qzda0cr08m85hc8jlnfp3zer7xulejywt49kt2rr0vthywaa50xwsqtv0wspg5f06a7rgnrjauyc5wwj2mk99echtjnwp: The read operation timed out,EXPLORER_TIMEOUT,,WALLET,unknown,,Explorer timeout/service,RETRY_LATER
ckb1qzda0cr08m85hc8jlnfp3zer7xulejywt49kt2rr0vthywaa50xwsqtv8ykkzvtxe6u6jc4gwwkp9rrf374lshqy4w4y6,FAILED_RETRY_EXHAUSTED,PARTIAL,1,2026-09-01T10:13:40.871148+00:00,OBSERVATION_PARTIAL,Explorer /address_transactions/ckb1qzda0cr08m85hc8jlnfp3zer7xulejywt49kt2rr0vthywaa50xwsqtv8ykkzvtxe6u6jc4gwwkp9rrf374lshqy4w4y6: The read operation timed out,EXPLORER_TIMEOUT,,WALLET,unknown,,Explorer timeout/service,RETRY_LATER
ckb1qzda0cr08m85hc8jlnfp3zer7xulejywt49kt2rr0vthywaa50xwsqtvu7w6m33dp2jq7wdhxuldls89490cc5sk7kcsp,FAILED_RETRY_EXHAUSTED,PARTIAL,1,2026-09-01T10:15:57.590507+00:00,OBSERVATION_PARTIAL,Explorer /address_transactions/ckb1qzda0cr08m85hc8jlnfp3zer7xulejywt49kt2rr0vthywaa50xwsqtvu7w6m33dp2jq7wdhxuldls89490cc5sk7kcsp: The read operation timed out,EXPLORER_TIMEOUT,,WALLET,unknown,,Explorer timeout/service,RETRY_LATER
ckb1qzda0cr08m85hc8jlnfp3zer7xulejywt49kt2rr0vthywaa50xwsqtwhwseukev26py79eqk25vcqy6p7ldkngzrmrvv,FAILED_RETRY_EXHAUSTED,PARTIAL,1,2026-09-01T10:17:53.594713+00:00,OBSERVATION_PARTIAL,Explorer /address_transactions/ckb1qzda0cr08m85hc8jlnfp3zer7xulejywt49kt2rr0vthywaa50xwsqtwhwseukev26py79eqk25vcqy6p7ldkngzrmrvv: The read operation timed out,EXPLORER_TIMEOUT,,WALLET,unknown,,Explorer timeout/service,RETRY_LATER
ckb1qzda0cr08m85hc8jlnfp3zer7xulejywt49kt2rr0vthywaa50xwsqtxs2yh5zja8p4dfx63s9999jfnv53faaqs06uu8,FAILED_RETRY_EXHAUSTED,PARTIAL,1,2026-09-01T11:30:53.965591+00:00,OBSERVATION_PARTIAL,Explorer /address_transactions/ckb1qzda0cr08m85hc8jlnfp3zer7xulejywt49kt2rr0vthywaa50xwsqtxs2yh5zja8p4dfx63s9999jfnv53faaqs06uu8: The read operation timed out,EXPLORER_TIMEOUT,,WALLET,unknown,,Explorer timeout/service,RETRY_LATER
ckb1qzda0cr08m85hc8jlnfp3zer7xulejywt49kt2rr0vthywaa50xwsqv04dkmp3nkglmmwsw6eawezsdecnwwt9gktajtj,FAILED_RETRY_EXHAUSTED,PARTIAL,1,2026-09-01T11:53:56.833641+00:00,OBSERVATION_PARTIAL,Explorer /address_transactions/ckb1qzda0cr08m85hc8jlnfp3zer7xulejywt49kt2rr0vthywaa50xwsqv04dkmp3nkglmmwsw6eawezsdecnwwt9gktajtj: The read operation timed out,EXPLORER_TIMEOUT,,WALLET,unknown,,Explorer timeout/service,RETRY_LATER
ckb1qzda0cr08m85hc8jlnfp3zer7xulejywt49kt2rr0vthywaa50xwsqv080q88xv7q4vjthljxx8hqyhma76nypggwehsa,FAILED_RETRY_EXHAUSTED,PARTIAL,1,2026-09-01T11:56:12.349654+00:00,OBSERVATION_PARTIAL,Explorer /address_transactions/ckb1qzda0cr08m85hc8jlnfp3zer7xulejywt49kt2rr0vthywaa50xwsqv080q88xv7q4vjthljxx8hqyhma76nypggwehsa: The read operation timed out,EXPLORER_TIMEOUT,,WALLET,1001-5000,1356,Explorer timeout/service,RETRY_LATER
ckb1qzda0cr08m85hc8jlnfp3zer7xulejywt49kt2rr0vthywaa50xwsqv0x2xn68daw4nt0ss2fqujrc6rmfcx09gttqkq0,FAILED_RETRY_EXHAUSTED,PARTIAL,1,2026-09-01T12:26:07.382460+00:00,OBSERVATION_PARTIAL,Explorer /address_transactions/ckb1qzda0cr08m85hc8jlnfp3zer7xulejywt49kt2rr0vthywaa50xwsqv0x2xn68daw4nt0ss2fqujrc6rmfcx09gttqkq0: The read operation timed out,EXPLORER_TIMEOUT,,WALLET,unknown,,Explorer timeout/service,RETRY_LATER
ckb1qzda0cr08m85hc8jlnfp3zer7xulejywt49kt2rr0vthywaa50xwsqv45yf5q6ynep69kppw897xdgxd86w69nstg29fy,FAILED_RETRY_EXHAUSTED,PARTIAL,1,2026-09-01T12:30:14.883133+00:00,OBSERVATION_PARTIAL,Explorer /address_transactions/ckb1qzda0cr08m85hc8jlnfp3zer7xulejywt49kt2rr0vthywaa50xwsqv45yf5q6ynep69kppw897xdgxd86w69nstg29fy: The read operation timed out,EXPLORER_TIMEOUT,,WALLET,unknown,,Explorer timeout/service,RETRY_LATER
ckb1qzda0cr08m85hc8jlnfp3zer7xulejywt49kt2rr0vthywaa50xwsqv4twdpchew2fdreeukg2dtl9p7f0wnjxckl7k7s,FAILED_RETRY_EXHAUSTED,PARTIAL,1,2026-09-01T12:32:29.750705+00:00,OBSERVATION_PARTIAL,Explorer /address_transactions/ckb1qzda0cr08m85hc8jlnfp3zer7xulejywt49kt2rr0vthywaa50xwsqv4twdpchew2fdreeukg2dtl9p7f0wnjxckl7k7s: The read operation timed out,EXPLORER_TIMEOUT,,WALLET,unknown,,Explorer timeout/service,RETRY_LATER
ckb1qzda0cr08m85hc8jlnfp3zer7xulejywt49kt2rr0vthywaa50xwsqv54r405f85mw65djy9l56j6v3qp7a6v8crpuwl7,FAILED_RETRY_EXHAUSTED,PARTIAL,1,2026-09-01T12:34:52.506549+00:00,OBSERVATION_PARTIAL,Explorer /address_transactions/ckb1qzda0cr08m85hc8jlnfp3zer7xulejywt49kt2rr0vthywaa50xwsqv54r405f85mw65djy9l56j6v3qp7a6v8crpuwl7: The read operation timed out,EXPLORER_TIMEOUT,,WALLET,1001-5000,1497,Explorer timeout/service,RETRY_LATER
ckb1qzda0cr08m85hc8jlnfp3zer7xulejywt49kt2rr0vthywaa50xwsqv59ncvatjy3r9640tdutfdyacrmz3cwwsu27h6d,FAILED_RETRY_EXHAUSTED,PARTIAL,1,2026-09-01T12:36:52.879632+00:00,OBSERVATION_PARTIAL,Explorer /address_transactions/ckb1qzda0cr08m85hc8jlnfp3zer7xulejywt49kt2rr0vthywaa50xwsqv59ncvatjy3r9640tdutfdyacrmz3cwwsu27h6d: The read operation timed out,EXPLORER_TIMEOUT,,WALLET,unknown,,Explorer timeout/service,RETRY_LATER
ckb1qzda0cr08m85hc8jlnfp3zer7xulejywt49kt2rr0vthywaa50xwsqv5fy2zkt07lz0jwtsukxstvhr9u7rx2zc38tmwe,FAILED_RETRY_EXHAUSTED,PARTIAL,1,2026-09-01T12:38:46.080067+00:00,OBSERVATION_PARTIAL,Explorer /address_transactions/ckb1qzda0cr08m85hc8jlnfp3zer7xulejywt49kt2rr0vthywaa50xwsqv5fy2zkt07lz0jwtsukxstvhr9u7rx2zc38tmwe: The read operation timed out,EXPLORER_TIMEOUT,,WALLET,unknown,,Explorer timeout/service,RETRY_LATER
ckb1qzda0cr08m85hc8jlnfp3zer7xulejywt49kt2rr0vthywaa50xwsqv5vn90nv29ngxyzlddcqhfec4ejag85fgz5ryz3,FAILED_RETRY_EXHAUSTED,PARTIAL,1,2026-09-01T12:45:34.934872+00:00,OBSERVATION_PARTIAL,Explorer /address_transactions/ckb1qzda0cr08m85hc8jlnfp3zer7xulejywt49kt2rr0vthywaa50xwsqv5vn90nv29ngxyzlddcqhfec4ejag85fgz5ryz3: The read operation timed out,EXPLORER_TIMEOUT,,WALLET,unknown,,Explorer timeout/service,RETRY_LATER
ckb1qzda0cr08m85hc8jlnfp3zer7xulejywt49kt2rr0vthywaa50xwsqv6tp2xgrguu45084f4gl9emz8qd6l9hhg9glh2t,FAILED_RETRY_EXHAUSTED,PARTIAL,1,2026-09-01T12:48:40.048652+00:00,OBSERVATION_PARTIAL,Explorer /address_transactions/ckb1qzda0cr08m85hc8jlnfp3zer7xulejywt49kt2rr0vthywaa50xwsqv6tp2xgrguu45084f4gl9emz8qd6l9hhg9glh2t: The read operation timed out,EXPLORER_TIMEOUT,,WALLET,unknown,,Explorer timeout/service,RETRY_LATER
ckb1qzda0cr08m85hc8jlnfp3zer7xulejywt49kt2rr0vthywaa50xwsqv7gsyxmsj224h82fqzvy77nwd3jnpt7uc0r7npc,FAILED_RETRY_EXHAUSTED,PARTIAL,1,2026-09-01T12:51:06.992062+00:00,OBSERVATION_PARTIAL,Explorer /address_transactions/ckb1qzda0cr08m85hc8jlnfp3zer7xulejywt49kt2rr0vthywaa50xwsqv7gsyxmsj224h82fqzvy77nwd3jnpt7uc0r7npc: The read operation timed out,EXPLORER_TIMEOUT,,WALLET,unknown,,Explorer timeout/service,RETRY_LATER
ckb1qzda0cr08m85hc8jlnfp3zer7xulejywt49kt2rr0vthywaa50xwsqv7vnn4a83fkxlf3vdcyjqns8e4dcuv5msj4lqye,FAILED_RETRY_EXHAUSTED,PARTIAL,1,2026-09-01T12:53:01.641074+00:00,OBSERVATION_PARTIAL,Explorer /address_transactions/ckb1qzda0cr08m85hc8jlnfp3zer7xulejywt49kt2rr0vthywaa50xwsqv7vnn4a83fkxlf3vdcyjqns8e4dcuv5msj4lqye: The read operation timed out,EXPLORER_TIMEOUT,,WALLET,unknown,,Explorer timeout/service,RETRY_LATER
ckb1qzda0cr08m85hc8jlnfp3zer7xulejywt49kt2rr0vthywaa50xwsqva6slkwzalfalw2gl7cawxfkx3s2dt8tq3zqy53,FAILED_RETRY_EXHAUSTED,PARTIAL,1,2026-09-01T13:04:41.288511+00:00,OBSERVATION_PARTIAL,Explorer /address_transactions/ckb1qzda0cr08m85hc8jlnfp3zer7xulejywt49kt2rr0vthywaa50xwsqva6slkwzalfalw2gl7cawxfkx3s2dt8tq3zqy53: The read operation timed out,EXPLORER_TIMEOUT,,WALLET,unknown,,Explorer timeout/service,RETRY_LATER
ckb1qzda0cr08m85hc8jlnfp3zer7xulejywt49kt2rr0vthywaa50xwsqvdd6sal6kly783vvjjs7z67v96lrelzss078v03,FAILED_RETRY_EXHAUSTED,PARTIAL,1,2026-09-01T13:06:31.578283+00:00,OBSERVATION_PARTIAL,Explorer /address_transactions/ckb1qzda0cr08m85hc8jlnfp3zer7xulejywt49kt2rr0vthywaa50xwsqvdd6sal6kly783vvjjs7z67v96lrelzss078v03: The read operation timed out,EXPLORER_TIMEOUT,,WALLET,unknown,,Explorer timeout/service,RETRY_LATER
ckb1qzda0cr08m85hc8jlnfp3zer7xulejywt49kt2rr0vthywaa50xwsqvefzf0avujau9vy9yg22xedwqu5hv939gyswlfx,FAILED_RETRY_EXHAUSTED,PARTIAL,1,2026-09-01T13:10:31.464409+00:00,OBSERVATION_PARTIAL,Explorer /address_transactions/ckb1qzda0cr08m85hc8jlnfp3zer7xulejywt49kt2rr0vthywaa50xwsqvefzf0avujau9vy9yg22xedwqu5hv939gyswlfx: The read operation timed out,EXPLORER_TIMEOUT,,WALLET,unknown,,Explorer timeout/service,RETRY_LATER
ckb1qzda0cr08m85hc8jlnfp3zer7xulejywt49kt2rr0vthywaa50xwsqvehcws3ggwuk35js8qz299pmtd20ppvmg5ksx6t,FAILED_RETRY_EXHAUSTED,PARTIAL,1,2026-09-01T13:12:25.548078+00:00,OBSERVATION_PARTIAL,Explorer /address_transactions/ckb1qzda0cr08m85hc8jlnfp3zer7xulejywt49kt2rr0vthywaa50xwsqvehcws3ggwuk35js8qz299pmtd20ppvmg5ksx6t: The read operation timed out,EXPLORER_TIMEOUT,,WALLET,unknown,,Explorer timeout/service,RETRY_LATER
ckb1qzda0cr08m85hc8jlnfp3zer7xulejywt49kt2rr0vthywaa50xwsqvekrxvp6q8v4lr3ej65u0q4qu3sj8yknqq7f5d0,FAILED_RETRY_EXHAUSTED,PARTIAL,1,2026-09-01T13:14:16.517466+00:00,OBSERVATION_PARTIAL,Explorer /address_transactions/ckb1qzda0cr08m85hc8jlnfp3zer7xulejywt49kt2rr0vthywaa50xwsqvekrxvp6q8v4lr3ej65u0q4qu3sj8yknqq7f5d0: The read operation timed out,EXPLORER_TIMEOUT,,WALLET,unknown,,Explorer timeout/service,RETRY_LATER
ckb1qzda0cr08m85hc8jlnfp3zer7xulejywt49kt2rr0vthywaa50xwsqvexj5d7mdsfuygtynap2q7lcqlhr6kdagauegxm,FAILED_RETRY_EXHAUSTED,PARTIAL,1,2026-09-01T13:16:07.804413+00:00,OBSERVATION_PARTIAL,Explorer /address_transactions/ckb1qzda0cr08m85hc8jlnfp3zer7xulejywt49kt2rr0vthywaa50xwsqvexj5d7mdsfuygtynap2q7lcqlhr6kdagauegxm: The read operation timed out,EXPLORER_TIMEOUT,,WALLET,unknown,,Explorer timeout/service,RETRY_LATER
ckb1qzda0cr08m85hc8jlnfp3zer7xulejywt49kt2rr0vthywaa50xwsqvffvgnjm9sgxvvs84v5fwddr9xx8y47ccf90tv3,FAILED_RETRY_EXHAUSTED,PARTIAL,1,2026-09-01T13:18:07.743362+00:00,OBSERVATION_PARTIAL,Explorer /address_transactions/ckb1qzda0cr08m85hc8jlnfp3zer7xulejywt49kt2rr0vthywaa50xwsqvffvgnjm9sgxvvs84v5fwddr9xx8y47ccf90tv3: The read operation timed out,EXPLORER_TIMEOUT,,WALLET,unknown,,Explorer timeout/service,RETRY_LATER
ckb1qzda0cr08m85hc8jlnfp3zer7xulejywt49kt2rr0vthywaa50xwsqvhrfezapvnxmakv6relqsjugjyeccwwaqz6drgw,FAILED_RETRY_EXHAUSTED,PARTIAL,1,2026-09-01T13:21:20.671464+00:00,OBSERVATION_PARTIAL,Explorer /address_transactions/ckb1qzda0cr08m85hc8jlnfp3zer7xulejywt49kt2rr0vthywaa50xwsqvhrfezapvnxmakv6relqsjugjyeccwwaqz6drgw: The read operation timed out,EXPLORER_TIMEOUT,,WALLET,unknown,,Explorer timeout/service,RETRY_LATER
ckb1qzda0cr08m85hc8jlnfp3zer7xulejywt49kt2rr0vthywaa50xwsqvmjk724y9qgf30ccu4zqd5aktvd4e8hcq3r3exj,FAILED_RETRY_EXHAUSTED,PARTIAL,1,2026-09-01T13:25:40.991419+00:00,OBSERVATION_PARTIAL,Explorer /address_transactions/ckb1qzda0cr08m85hc8jlnfp3zer7xulejywt49kt2rr0vthywaa50xwsqvmjk724y9qgf30ccu4zqd5aktvd4e8hcq3r3exj: The read operation timed out,EXPLORER_TIMEOUT,,WALLET,unknown,,Explorer timeout/service,RETRY_LATER
ckb1qzda0cr08m85hc8jlnfp3zer7xulejywt49kt2rr0vthywaa50xwsqvp8xhg5clq467hh46ucqyj3ewsz8ym6hcgnrf4z,FAILED_RETRY_EXHAUSTED,PARTIAL,1,2026-09-01T13:28:00.123555+00:00,OBSERVATION_PARTIAL,Explorer /address_transactions/ckb1qzda0cr08m85hc8jlnfp3zer7xulejywt49kt2rr0vthywaa50xwsqvp8xhg5clq467hh46ucqyj3ewsz8ym6hcgnrf4z: The read operation timed out,EXPLORER_TIMEOUT,,WALLET,unknown,,Explorer timeout/service,RETRY_LATER
ckb1qzda0cr08m85hc8jlnfp3zer7xulejywt49kt2rr0vthywaa50xwsqvpgseqcuuk9dl4s3rp7x0vehjyj3hjwuq5d67zk,FAILED_RETRY_EXHAUSTED,PARTIAL,1,2026-09-01T13:29:52.742803+00:00,OBSERVATION_PARTIAL,Explorer /address_transactions/ckb1qzda0cr08m85hc8jlnfp3zer7xulejywt49kt2rr0vthywaa50xwsqvpgseqcuuk9dl4s3rp7x0vehjyj3hjwuq5d67zk: The read operation timed out,EXPLORER_TIMEOUT,,WALLET,201-500,444,Explorer timeout/service,RETRY_LATER
ckb1qzda0cr08m85hc8jlnfp3zer7xulejywt49kt2rr0vthywaa50xwsqvs3zzveq452hhguh3ac42r07s6r738lxc675d2w,FAILED_RETRY_EXHAUSTED,PARTIAL,1,2026-09-01T13:32:41.729316+00:00,OBSERVATION_PARTIAL,Explorer /address_transactions/ckb1qzda0cr08m85hc8jlnfp3zer7xulejywt49kt2rr0vthywaa50xwsqvs3zzveq452hhguh3ac42r07s6r738lxc675d2w: The read operation timed out,EXPLORER_TIMEOUT,,WALLET,1001-5000,1242,Explorer timeout/service,RETRY_LATER
ckb1qzda0cr08m85hc8jlnfp3zer7xulejywt49kt2rr0vthywaa50xwsqvtdygskru5q65j5d3juvhf4mt9px5aewsvuteqn,FAILED_RETRY_EXHAUSTED,PARTIAL,1,2026-09-01T13:36:16.569604+00:00,OBSERVATION_PARTIAL,Explorer /address_transactions/ckb1qzda0cr08m85hc8jlnfp3zer7xulejywt49kt2rr0vthywaa50xwsqvtdygskru5q65j5d3juvhf4mt9px5aewsvuteqn: The read operation timed out,EXPLORER_TIMEOUT,,WALLET,unknown,,Explorer timeout/service,RETRY_LATER
ckb1qzda0cr08m85hc8jlnfp3zer7xulejywt49kt2rr0vthywaa50xwsqvvlm7uccuwt0shwln4mp4xnetf24h3h4sezvcyk,FAILED_RETRY_EXHAUSTED,PARTIAL,1,2026-09-01T13:40:32.303375+00:00,OBSERVATION_PARTIAL,Explorer /address_transactions/ckb1qzda0cr08m85hc8jlnfp3zer7xulejywt49kt2rr0vthywaa50xwsqvvlm7uccuwt0shwln4mp4xnetf24h3h4sezvcyk: The read operation timed out,EXPLORER_TIMEOUT,,WALLET,501-1000,947,Explorer timeout/service,RETRY_LATER
ckb1qzda0cr08m85hc8jlnfp3zer7xulejywt49kt2rr0vthywaa50xwsqvvs2tgunjtmaazu0zajdrvfhnjgmrxrtgxy3wee,FAILED_RETRY_EXHAUSTED,PARTIAL,1,2026-09-01T13:45:20.747110+00:00,OBSERVATION_PARTIAL,Explorer /address_transactions/ckb1qzda0cr08m85hc8jlnfp3zer7xulejywt49kt2rr0vthywaa50xwsqvvs2tgunjtmaazu0zajdrvfhnjgmrxrtgxy3wee: The read operation timed out,EXPLORER_TIMEOUT,,WALLET,unknown,,Explorer timeout/service,RETRY_LATER
ckb1qzda0cr08m85hc8jlnfp3zer7xulejywt49kt2rr0vthywaa50xwsqw0jcjwc83kxxqhrp7yzpyxvgckp24fwwse0q0rk,FAILED_RETRY_EXHAUSTED,PARTIAL,1,2026-09-01T13:58:34.071924+00:00,OBSERVATION_PARTIAL,Explorer /address_transactions/ckb1qzda0cr08m85hc8jlnfp3zer7xulejywt49kt2rr0vthywaa50xwsqw0jcjwc83kxxqhrp7yzpyxvgckp24fwwse0q0rk: The read operation timed out,EXPLORER_TIMEOUT,,WALLET,unknown,,Explorer timeout/service,RETRY_LATER
ckb1qzda0cr08m85hc8jlnfp3zer7xulejywt49kt2rr0vthywaa50xwsqw25a63jaehqxerg5z263nfp6s3dljrntgwkkw4h,FAILED_RETRY_EXHAUSTED,PARTIAL,1,2026-09-01T14:02:06.402492+00:00,OBSERVATION_PARTIAL,Explorer /address_transactions/ckb1qzda0cr08m85hc8jlnfp3zer7xulejywt49kt2rr0vthywaa50xwsqw25a63jaehqxerg5z263nfp6s3dljrntgwkkw4h: The read operation timed out,EXPLORER_TIMEOUT,,WALLET,51-200,52,Explorer timeout/service,RETRY_LATER
ckb1qzda0cr08m85hc8jlnfp3zer7xulejywt49kt2rr0vthywaa50xwsqw35ntna3rkqcmgextlmp8pfwnmcxlafeqh6ry93,FAILED_RETRY_EXHAUSTED,PARTIAL,1,2026-09-01T14:04:34.631616+00:00,OBSERVATION_PARTIAL,Explorer /address_transactions/ckb1qzda0cr08m85hc8jlnfp3zer7xulejywt49kt2rr0vthywaa50xwsqw35ntna3rkqcmgextlmp8pfwnmcxlafeqh6ry93: The read operation timed out,EXPLORER_TIMEOUT,,WALLET,unknown,,Explorer timeout/service,RETRY_LATER
ckb1qzda0cr08m85hc8jlnfp3zer7xulejywt49kt2rr0vthywaa50xwsqw4h8l5zpl0tyey72702jlhg007u3nragstsf26n,FAILED_RETRY_EXHAUSTED,PARTIAL,1,2026-09-01T14:06:27.430921+00:00,OBSERVATION_PARTIAL,Explorer /address_transactions/ckb1qzda0cr08m85hc8jlnfp3zer7xulejywt49kt2rr0vthywaa50xwsqw4h8l5zpl0tyey72702jlhg007u3nragstsf26n: The read operation timed out,EXPLORER_TIMEOUT,,WALLET,unknown,,Explorer timeout/service,RETRY_LATER
ckb1qzda0cr08m85hc8jlnfp3zer7xulejywt49kt2rr0vthywaa50xwsqw4k0cfcpvzekpmze0czdkzpxqf4dgqaycetlmuf,FAILED_RETRY_EXHAUSTED,PARTIAL,1,2026-09-01T14:08:21.637519+00:00,OBSERVATION_PARTIAL,Explorer /address_transactions/ckb1qzda0cr08m85hc8jlnfp3zer7xulejywt49kt2rr0vthywaa50xwsqw4k0cfcpvzekpmze0czdkzpxqf4dgqaycetlmuf: The read operation timed out,EXPLORER_TIMEOUT,,WALLET,unknown,,Explorer timeout/service,RETRY_LATER
ckb1qzda0cr08m85hc8jlnfp3zer7xulejywt49kt2rr0vthywaa50xwsqw4masztz302vmjlz02qkdx0u2h77v52jswycyu5,FAILED_RETRY_EXHAUSTED,PARTIAL,1,2026-09-01T14:13:59.362104+00:00,OBSERVATION_PARTIAL,Explorer /address_transactions/ckb1qzda0cr08m85hc8jlnfp3zer7xulejywt49kt2rr0vthywaa50xwsqw4masztz302vmjlz02qkdx0u2h77v52jswycyu5: The read operation timed out,EXPLORER_TIMEOUT,,WALLET,1001-5000,1452,Explorer timeout/service,RETRY_LATER
ckb1qzda0cr08m85hc8jlnfp3zer7xulejywt49kt2rr0vthywaa50xwsqw4z50cyvxxvvnt8akzu07gn8agqvlx5js7pep0j,FAILED_RETRY_EXHAUSTED,PARTIAL,1,2026-09-01T14:16:43.596078+00:00,OBSERVATION_PARTIAL,Explorer /address_transactions/ckb1qzda0cr08m85hc8jlnfp3zer7xulejywt49kt2rr0vthywaa50xwsqw4z50cyvxxvvnt8akzu07gn8agqvlx5js7pep0j: The read operation timed out,EXPLORER_TIMEOUT,,WALLET,unknown,,Explorer timeout/service,RETRY_LATER
ckb1qzda0cr08m85hc8jlnfp3zer7xulejywt49kt2rr0vthywaa50xwsqw6pm0xlgq3kdfmf29zqd9yfpd8q2g6duqjl7wqm,FAILED_RETRY_EXHAUSTED,PARTIAL,1,2026-09-01T14:20:01.584080+00:00,OBSERVATION_PARTIAL,Explorer /address_transactions/ckb1qzda0cr08m85hc8jlnfp3zer7xulejywt49kt2rr0vthywaa50xwsqw6pm0xlgq3kdfmf29zqd9yfpd8q2g6duqjl7wqm: The read operation timed out,EXPLORER_TIMEOUT,,WALLET,unknown,,Explorer timeout/service,RETRY_LATER
ckb1qzda0cr08m85hc8jlnfp3zer7xulejywt49kt2rr0vthywaa50xwsqw70980sa70epqpxnhawt4ek50d7t99augeehwa4,FAILED_RETRY_EXHAUSTED,PARTIAL,1,2026-09-01T14:22:21.317526+00:00,OBSERVATION_PARTIAL,Explorer /address_transactions/ckb1qzda0cr08m85hc8jlnfp3zer7xulejywt49kt2rr0vthywaa50xwsqw70980sa70epqpxnhawt4ek50d7t99augeehwa4: The read operation timed out,EXPLORER_TIMEOUT,,WALLET,unknown,,Explorer timeout/service,RETRY_LATER
ckb1qzda0cr08m85hc8jlnfp3zer7xulejywt49kt2rr0vthywaa50xwsqw77m33spsnxcm6zsl9cuaaj8uzpkc46vc6w8y87,FAILED_RETRY_EXHAUSTED,PARTIAL,1,2026-09-01T14:24:40.856845+00:00,OBSERVATION_PARTIAL,Explorer /address_transactions/ckb1qzda0cr08m85hc8jlnfp3zer7xulejywt49kt2rr0vthywaa50xwsqw77m33spsnxcm6zsl9cuaaj8uzpkc46vc6w8y87: The read operation timed out,EXPLORER_TIMEOUT,,WALLET,unknown,,Explorer timeout/service,RETRY_LATER
ckb1qzda0cr08m85hc8jlnfp3zer7xulejywt49kt2rr0vthywaa50xwsqwafdszyl69fd8pd3hnen82j0qt6n9hzuc97c3nn,FAILED_RETRY_EXHAUSTED,PARTIAL,1,2026-09-01T14:29:59.127566+00:00,OBSERVATION_PARTIAL,Explorer /address_transactions/ckb1qzda0cr08m85hc8jlnfp3zer7xulejywt49kt2rr0vthywaa50xwsqwafdszyl69fd8pd3hnen82j0qt6n9hzuc97c3nn: The read operation timed out,EXPLORER_TIMEOUT,,WALLET,unknown,,Explorer timeout/service,RETRY_LATER
ckb1qzda0cr08m85hc8jlnfp3zer7xulejywt49kt2rr0vthywaa50xwsqwclramlxrmcu6r5nwxg55jmhj8ycwtcfs0lxcas,FAILED_RETRY_EXHAUSTED,PARTIAL,1,2026-09-01T14:32:16.521361+00:00,OBSERVATION_PARTIAL,Explorer /address_transactions/ckb1qzda0cr08m85hc8jlnfp3zer7xulejywt49kt2rr0vthywaa50xwsqwclramlxrmcu6r5nwxg55jmhj8ycwtcfs0lxcas: The read operation timed out,EXPLORER_TIMEOUT,,WALLET,unknown,,Explorer timeout/service,RETRY_LATER
ckb1qzda0cr08m85hc8jlnfp3zer7xulejywt49kt2rr0vthywaa50xwsqwd08wtnzyj7wa3ux429fketrlal83gfycf3pgjs,FAILED_RETRY_EXHAUSTED,PARTIAL,1,2026-09-01T14:34:11.915171+00:00,OBSERVATION_PARTIAL,Explorer /address_transactions/ckb1qzda0cr08m85hc8jlnfp3zer7xulejywt49kt2rr0vthywaa50xwsqwd08wtnzyj7wa3ux429fketrlal83gfycf3pgjs: The read operation timed out,EXPLORER_TIMEOUT,,WALLET,unknown,,Explorer timeout/service,RETRY_LATER
ckb1qzda0cr08m85hc8jlnfp3zer7xulejywt49kt2rr0vthywaa50xwsqwdcrrc7pg028fpfwrnsm7ahx5tvd74f2ge9u32a,FAILED_RETRY_EXHAUSTED,PARTIAL,1,2026-09-01T14:36:56.607697+00:00,OBSERVATION_PARTIAL,Explorer /address_transactions/ckb1qzda0cr08m85hc8jlnfp3zer7xulejywt49kt2rr0vthywaa50xwsqwdcrrc7pg028fpfwrnsm7ahx5tvd74f2ge9u32a: The read operation timed out,EXPLORER_TIMEOUT,,WALLET,unknown,,Explorer timeout/service,RETRY_LATER
ckb1qzda0cr08m85hc8jlnfp3zer7xulejywt49kt2rr0vthywaa50xwsqwdqtm7fe8f0r3l4vflgcllp949spattvcdqtpd0,FAILED_RETRY_EXHAUSTED,PARTIAL,1,2026-09-01T14:38:50.584669+00:00,OBSERVATION_PARTIAL,Explorer /address_transactions/ckb1qzda0cr08m85hc8jlnfp3zer7xulejywt49kt2rr0vthywaa50xwsqwdqtm7fe8f0r3l4vflgcllp949spattvcdqtpd0: The read operation timed out,EXPLORER_TIMEOUT,,WALLET,unknown,,Explorer timeout/service,RETRY_LATER
ckb1qzda0cr08m85hc8jlnfp3zer7xulejywt49kt2rr0vthywaa50xwsqwexweexwze3qsd7a425f2hmm8296utjkc0850ly,FAILED_RETRY_EXHAUSTED,PARTIAL,1,2026-09-01T14:41:45.904644+00:00,OBSERVATION_PARTIAL,Explorer /address_transactions/ckb1qzda0cr08m85hc8jlnfp3zer7xulejywt49kt2rr0vthywaa50xwsqwexweexwze3qsd7a425f2hmm8296utjkc0850ly: The read operation timed out,EXPLORER_TIMEOUT,,WALLET,501-1000,648,Explorer timeout/service,RETRY_LATER
ckb1qzda0cr08m85hc8jlnfp3zer7xulejywt49kt2rr0vthywaa50xwsqwgp8u8962lw0pup3qdeaxga29denq87ygrhw3x2,FAILED_RETRY_EXHAUSTED,PARTIAL,1,2026-09-01T14:44:10.474744+00:00,OBSERVATION_PARTIAL,Explorer /address_transactions/ckb1qzda0cr08m85hc8jlnfp3zer7xulejywt49kt2rr0vthywaa50xwsqwgp8u8962lw0pup3qdeaxga29denq87ygrhw3x2: The read operation timed out,EXPLORER_TIMEOUT,,WALLET,unknown,,Explorer timeout/service,RETRY_LATER
ckb1qzda0cr08m85hc8jlnfp3zer7xulejywt49kt2rr0vthywaa50xwsqwhaqpzqjf3dmxpy9krlzj9ltraewaks8s64326j,FAILED_RETRY_EXHAUSTED,PARTIAL,1,2026-09-01T14:46:31.782523+00:00,OBSERVATION_PARTIAL,Explorer /address_transactions/ckb1qzda0cr08m85hc8jlnfp3zer7xulejywt49kt2rr0vthywaa50xwsqwhaqpzqjf3dmxpy9krlzj9ltraewaks8s64326j: The read operation timed out,EXPLORER_TIMEOUT,,WALLET,201-500,388,Explorer timeout/service,RETRY_LATER
ckb1qzda0cr08m85hc8jlnfp3zer7xulejywt49kt2rr0vthywaa50xwsqwjpr5w3ustqzhcyefs88lsh3x67aqth4ckskqq9,FAILED_RETRY_EXHAUSTED,PARTIAL,1,2026-09-01T14:50:30.007185+00:00,OBSERVATION_PARTIAL,Explorer /address_transactions/ckb1qzda0cr08m85hc8jlnfp3zer7xulejywt49kt2rr0vthywaa50xwsqwjpr5w3ustqzhcyefs88lsh3x67aqth4ckskqq9: The read operation timed out,EXPLORER_TIMEOUT,,WALLET,unknown,,Explorer timeout/service,RETRY_LATER
ckb1qzda0cr08m85hc8jlnfp3zer7xulejywt49kt2rr0vthywaa50xwsqwkr8fn99ghht0zeyert3w949f25zjw24gcwcxy8,FAILED_RETRY_EXHAUSTED,PARTIAL,1,2026-09-01T14:52:23.098192+00:00,OBSERVATION_PARTIAL,Explorer /address_transactions/ckb1qzda0cr08m85hc8jlnfp3zer7xulejywt49kt2rr0vthywaa50xwsqwkr8fn99ghht0zeyert3w949f25zjw24gcwcxy8: The read operation timed out,EXPLORER_TIMEOUT,,WALLET,unknown,,Explorer timeout/service,RETRY_LATER
ckb1qzda0cr08m85hc8jlnfp3zer7xulejywt49kt2rr0vthywaa50xwsqwl4qyx3j83nsjlyx3pj9q8msqt9hwmz5g0c8u0j,FAILED_RETRY_EXHAUSTED,PARTIAL,1,2026-09-01T14:54:15.508265+00:00,OBSERVATION_PARTIAL,Explorer /address_transactions/ckb1qzda0cr08m85hc8jlnfp3zer7xulejywt49kt2rr0vthywaa50xwsqwl4qyx3j83nsjlyx3pj9q8msqt9hwmz5g0c8u0j: The read operation timed out,EXPLORER_TIMEOUT,,WALLET,unknown,,Explorer timeout/service,RETRY_LATER
ckb1qzda0cr08m85hc8jlnfp3zer7xulejywt49kt2rr0vthywaa50xwsqwmk6ckqgsgj3vszez0ujy68ryrhfegksq3jpy2e,FAILED_RETRY_EXHAUSTED,PARTIAL,1,2026-09-01T14:56:47.035157+00:00,OBSERVATION_PARTIAL,Explorer /address_transactions/ckb1qzda0cr08m85hc8jlnfp3zer7xulejywt49kt2rr0vthywaa50xwsqwmk6ckqgsgj3vszez0ujy68ryrhfegksq3jpy2e: The read operation timed out,EXPLORER_TIMEOUT,,WALLET,unknown,,Explorer timeout/service,RETRY_LATER
ckb1qzda0cr08m85hc8jlnfp3zer7xulejywt49kt2rr0vthywaa50xwsqwnc9ceapkm570d4tw3dmexkeugzrq3csc0gs9nv,FAILED_RETRY_EXHAUSTED,PARTIAL,1,2026-09-01T15:00:37.147563+00:00,OBSERVATION_PARTIAL,Explorer /address_transactions/ckb1qzda0cr08m85hc8jlnfp3zer7xulejywt49kt2rr0vthywaa50xwsqwnc9ceapkm570d4tw3dmexkeugzrq3csc0gs9nv: The read operation timed out,EXPLORER_TIMEOUT,,WALLET,unknown,,Explorer timeout/service,RETRY_LATER
ckb1qzda0cr08m85hc8jlnfp3zer7xulejywt49kt2rr0vthywaa50xwsqwpcd535qtqw2pdwmaxkyeevw02nhxes8sh82574,FAILED_RETRY_EXHAUSTED,PARTIAL,1,2026-09-01T15:03:02.187258+00:00,OBSERVATION_PARTIAL,Explorer /address_transactions/ckb1qzda0cr08m85hc8jlnfp3zer7xulejywt49kt2rr0vthywaa50xwsqwpcd535qtqw2pdwmaxkyeevw02nhxes8sh82574: The read operation timed out,EXPLORER_TIMEOUT,,WALLET,unknown,,Explorer timeout/service,RETRY_LATER
ckb1qzda0cr08m85hc8jlnfp3zer7xulejywt49kt2rr0vthywaa50xwsqwq58dc707p97auarsgdf6vp07f84t7htgv294a8,FAILED_RETRY_EXHAUSTED,PARTIAL,1,2026-09-01T15:05:56.920815+00:00,OBSERVATION_PARTIAL,Explorer /address_transactions/ckb1qzda0cr08m85hc8jlnfp3zer7xulejywt49kt2rr0vthywaa50xwsqwq58dc707p97auarsgdf6vp07f84t7htgv294a8: The read operation timed out,EXPLORER_TIMEOUT,,WALLET,51-200,75,Explorer timeout/service,RETRY_LATER
ckb1qzda0cr08m85hc8jlnfp3zer7xulejywt49kt2rr0vthywaa50xwsqwtmkeze0klqfy7uxz5qt0jlq5ru5803tqxjnzm3,FAILED_RETRY_EXHAUSTED,PARTIAL,1,2026-09-01T15:12:06.146812+00:00,OBSERVATION_PARTIAL,Explorer /address_transactions/ckb1qzda0cr08m85hc8jlnfp3zer7xulejywt49kt2rr0vthywaa50xwsqwtmkeze0klqfy7uxz5qt0jlq5ru5803tqxjnzm3: The read operation timed out,EXPLORER_TIMEOUT,,WALLET,unknown,,Explorer timeout/service,RETRY_LATER
ckb1qzda0cr08m85hc8jlnfp3zer7xulejywt49kt2rr0vthywaa50xwsqwu20nshpqgcg45hh2zla8uxjmyxxma63ca9emrw,FAILED_RETRY_EXHAUSTED,PARTIAL,1,2026-09-01T15:14:21.187678+00:00,OBSERVATION_PARTIAL,Explorer /address_transactions/ckb1qzda0cr08m85hc8jlnfp3zer7xulejywt49kt2rr0vthywaa50xwsqwu20nshpqgcg45hh2zla8uxjmyxxma63ca9emrw: The read operation timed out,EXPLORER_TIMEOUT,,WALLET,unknown,,Explorer timeout/service,RETRY_LATER
ckb1qzda0cr08m85hc8jlnfp3zer7xulejywt49kt2rr0vthywaa50xwsqwu2dxms7u6kruneqnjxca2thpe0pzwfsszww4c8,FAILED_RETRY_EXHAUSTED,PARTIAL,1,2026-09-01T15:16:12.464607+00:00,OBSERVATION_PARTIAL,Explorer /address_transactions/ckb1qzda0cr08m85hc8jlnfp3zer7xulejywt49kt2rr0vthywaa50xwsqwu2dxms7u6kruneqnjxca2thpe0pzwfsszww4c8: The read operation timed out,EXPLORER_TIMEOUT,,WALLET,1001-5000,1624,Explorer timeout/service,RETRY_LATER
ckb1qzda0cr08m85hc8jlnfp3zer7xulejywt49kt2rr0vthywaa50xwsqwueh2trnuu2uxp97edzcvrhnupns55jusq3ph4l,FAILED_RETRY_EXHAUSTED,PARTIAL,1,2026-09-01T15:18:12.832188+00:00,OBSERVATION_PARTIAL,Explorer /address_transactions/ckb1qzda0cr08m85hc8jlnfp3zer7xulejywt49kt2rr0vthywaa50xwsqwueh2trnuu2uxp97edzcvrhnupns55jusq3ph4l: The read operation timed out,EXPLORER_TIMEOUT,,WALLET,unknown,,Explorer timeout/service,RETRY_LATER
ckb1qzda0cr08m85hc8jlnfp3zer7xulejywt49kt2rr0vthywaa50xwsqwvnfyyu53z75jyfvm2q2fpt8yrw432qqs89xeat,FAILED_RETRY_EXHAUSTED,PARTIAL,1,2026-09-01T15:25:19.854537+00:00,OBSERVATION_PARTIAL,"Explorer /address_transactions/ckb1qzda0cr08m85hc8jlnfp3zer7xulejywt49kt2rr0vthywaa50xwsqwvnfyyu53z75jyfvm2q2fpt8yrw432qqs89xeat: <urlopen error [Errno 8] nodename nor servname provided, or not known>",EXPLORER_NETWORK_ERROR,,WALLET,unknown,,Explorer timeout/service,RETRY_LATER
ckb1qzda0cr08m85hc8jlnfp3zer7xulejywt49kt2rr0vthywaa50xwsqwvrfv8s2ldft92hqj8c028cuhmszmex6szv4as5,FAILED_RETRY_EXHAUSTED,PARTIAL,1,2026-09-01T15:41:55.616591+00:00,OBSERVATION_PARTIAL,"Explorer /address_transactions/ckb1qzda0cr08m85hc8jlnfp3zer7xulejywt49kt2rr0vthywaa50xwsqwvrfv8s2ldft92hqj8c028cuhmszmex6szv4as5: <urlopen error [Errno 8] nodename nor servname provided, or not known>",EXPLORER_NETWORK_ERROR,,WALLET,unknown,,Explorer timeout/service,RETRY_LATER
ckb1qzda0cr08m85hc8jlnfp3zer7xulejywt49kt2rr0vthywaa50xwsqwwgy0v5mrgg0al02ekelxh0tn4xmw0uyc8n7phh,FAILED_RETRY_EXHAUSTED,PARTIAL,1,2026-09-01T15:43:35.974802+00:00,OBSERVATION_PARTIAL,"Explorer /address_transactions/ckb1qzda0cr08m85hc8jlnfp3zer7xulejywt49kt2rr0vthywaa50xwsqwwgy0v5mrgg0al02ekelxh0tn4xmw0uyc8n7phh: <urlopen error [Errno 8] nodename nor servname provided, or not known>",EXPLORER_NETWORK_ERROR,,WALLET,unknown,,Explorer timeout/service,RETRY_LATER
ckb1qzda0cr08m85hc8jlnfp3zer7xulejywt49kt2rr0vthywaa50xwsqwwnl2x4ccmqrpvp3zz9lwxj8ukxqjc46cksfx9f,FAILED_RETRY_EXHAUSTED,PARTIAL,1,2026-09-01T16:00:00.858468+00:00,OBSERVATION_PARTIAL,"Explorer /address_transactions/ckb1qzda0cr08m85hc8jlnfp3zer7xulejywt49kt2rr0vthywaa50xwsqwwnl2x4ccmqrpvp3zz9lwxj8ukxqjc46cksfx9f: <urlopen error [Errno 8] nodename nor servname provided, or not known>",EXPLORER_NETWORK_ERROR,,WALLET,unknown,,Explorer timeout/service,RETRY_LATER
ckb1qzda0cr08m85hc8jlnfp3zer7xulejywt49kt2rr0vthywaa50xwsqwx5d4t4cwytglh7fx5pu96lx79d69ur3q25xsmm,FAILED_RETRY_EXHAUSTED,PARTIAL,1,2026-09-01T16:41:15.587590+00:00,OBSERVATION_PARTIAL,Explorer /address_transactions/ckb1qzda0cr08m85hc8jlnfp3zer7xulejywt49kt2rr0vthywaa50xwsqwx5d4t4cwytglh7fx5pu96lx79d69ur3q25xsmm: The read operation timed out,EXPLORER_TIMEOUT,,WALLET,unknown,,Explorer timeout/service,RETRY_LATER
ckb1qzda0cr08m85hc8jlnfp3zer7xulejywt49kt2rr0vthywaa50xwsqwxa6w0ye7fsk6q5ekdrmynesst3y88nxqmqfn4f,FAILED_RETRY_EXHAUSTED,PARTIAL,1,2026-09-01T16:43:09.375350+00:00,OBSERVATION_PARTIAL,Explorer /address_transactions/ckb1qzda0cr08m85hc8jlnfp3zer7xulejywt49kt2rr0vthywaa50xwsqwxa6w0ye7fsk6q5ekdrmynesst3y88nxqmqfn4f: The read operation timed out,EXPLORER_TIMEOUT,,WALLET,unknown,,Explorer timeout/service,RETRY_LATER
ckb1qzda0cr08m85hc8jlnfp3zer7xulejywt49kt2rr0vthywaa50xwsqwxlcluqtxv4qjnxfa3y53qjyyan3ym5xc0uwhmj,FAILED_RETRY_EXHAUSTED,PARTIAL,1,2026-09-01T16:55:44.841232+00:00,OBSERVATION_PARTIAL,Explorer /address_transactions/ckb1qzda0cr08m85hc8jlnfp3zer7xulejywt49kt2rr0vthywaa50xwsqwxlcluqtxv4qjnxfa3y53qjyyan3ym5xc0uwhmj: The read operation timed out,EXPLORER_TIMEOUT,,WALLET,unknown,,Explorer timeout/service,RETRY_LATER
ckb1qzda0cr08m85hc8jlnfp3zer7xulejywt49kt2rr0vthywaa50xwsqwxz8p53apcnpykd55nh0aqkqvmyd52rusxajcax,FAILED_RETRY_EXHAUSTED,PARTIAL,1,2026-09-01T16:58:45.527029+00:00,OBSERVATION_PARTIAL,"Explorer /address_transactions/ckb1qzda0cr08m85hc8jlnfp3zer7xulejywt49kt2rr0vthywaa50xwsqwxz8p53apcnpykd55nh0aqkqvmyd52rusxajcax: <urlopen error [Errno 8] nodename nor servname provided, or not known>",EXPLORER_NETWORK_ERROR,,WALLET,unknown,,Explorer timeout/service,RETRY_LATER
ckb1qzda0cr08m85hc8jlnfp3zer7xulejywt49kt2rr0vthywaa50xwsqwz6xqpyrsgqm4xt07drgukqjdy5p4eq8semnq2f,FAILED_RETRY_EXHAUSTED,PARTIAL,1,2026-09-01T17:02:04.882760+00:00,OBSERVATION_PARTIAL,"Explorer /address_transactions/ckb1qzda0cr08m85hc8jlnfp3zer7xulejywt49kt2rr0vthywaa50xwsqwz6xqpyrsgqm4xt07drgukqjdy5p4eq8semnq2f: <urlopen error [Errno 8] nodename nor servname provided, or not known>",EXPLORER_NETWORK_ERROR,,WALLET,unknown,,Explorer timeout/service,RETRY_LATER
ckb1qzda0cr08m85hc8jlnfp3zer7xulejywt49kt2rr0vthywaa50xwsqwzmg9q6njct6tvpsylhv4dgdt2jtesqeqzx57u7,FAILED_RETRY_EXHAUSTED,PARTIAL,1,2026-09-01T17:10:39.730959+00:00,OBSERVATION_PARTIAL,Explorer /address_transactions/ckb1qzda0cr08m85hc8jlnfp3zer7xulejywt49kt2rr0vthywaa50xwsqwzmg9q6njct6tvpsylhv4dgdt2jtesqeqzx57u7: The read operation timed out,EXPLORER_TIMEOUT,,WALLET,unknown,,Explorer timeout/service,RETRY_LATER
ckb1qzda0cr08m85hc8jlnfp3zer7xulejywt49kt2rr0vthywaa50xwsqwzq09g8qd95he6qjne0delv4gt4wpzh7su5cj2q,FAILED_RETRY_EXHAUSTED,PARTIAL,1,2026-09-01T17:13:36.720100+00:00,OBSERVATION_PARTIAL,Explorer /address_transactions/ckb1qzda0cr08m85hc8jlnfp3zer7xulejywt49kt2rr0vthywaa50xwsqwzq09g8qd95he6qjne0delv4gt4wpzh7su5cj2q: HTTP Error 504: Gateway Timeout,EXPLORER_HTTP_ERROR,504,WALLET,unknown,,Explorer timeout/service,RETRY_LATER
ckb1qzdcr9un5ezx8tkh03s46m9jymh22jruelq8svzr5krj2nx69dhjvqgjzzqkjvmsqjzrjqayk6ky4jgdwn07040tqqwzg6c7,FAILED_RETRY_EXHAUSTED,PARTIAL,1,2026-09-01T17:19:07.528185+00:00,OBSERVATION_PARTIAL,Explorer /address_transactions/ckb1qzdcr9un5ezx8tkh03s46m9jymh22jruelq8svzr5krj2nx69dhjvqgjzzqkjvmsqjzrjqayk6ky4jgdwn07040tqqwzg6c7: The read operation timed out,EXPLORER_TIMEOUT,,WALLET,unknown,,Explorer timeout/service,RETRY_LATER
ckb1qzfhdsa4syv599s2s3nfrctwga70g0tu07n9gpnun9ydlngf5vsnwqg9qcklzgrl9mhwptz8u840tu0wua39cu2gq5rzmufq0uhwac9vgls74a03amnkyhr3fq0y6ztj,FAILED_RETRY_EXHAUSTED,PARTIAL,1,2026-09-01T18:39:02.032333+00:00,OBSERVATION_PARTIAL,Explorer /address_transactions/ckb1qzfhdsa4syv599s2s3nfrctwga70g0tu07n9gpnun9ydlngf5vsnwqg9qcklzgrl9mhwptz8u840tu0wua39cu2gq5rzmufq0uhwac9vgls74a03amnkyhr3fq0y6ztj: HTTP Error 504: Gateway Timeout,EXPLORER_HTTP_ERROR,504,WALLET,unknown,,Explorer timeout/service,RETRY_LATER
ckb1qzfhdsa4syv599s2s3nfrctwga70g0tu07n9gpnun9ydlngf5vsnwqg9qshsywdrzxuxcz4fau4j4qevrp2d5klmq5zz7q3e5vgmsmq248hjk25r9sv9fkjmlvzf80m7,FAILED_RETRY_EXHAUSTED,PARTIAL,1,2026-09-01T18:40:18.166530+00:00,OBSERVATION_PARTIAL,Explorer /address_transactions/ckb1qzfhdsa4syv599s2s3nfrctwga70g0tu07n9gpnun9ydlngf5vsnwqg9qshsywdrzxuxcz4fau4j4qevrp2d5klmq5zz7q3e5vgmsmq248hjk25r9sv9fkjmlvzf80m7: [Errno 54] Connection reset by peer,EXPLORER_NETWORK_ERROR,,WALLET,201-500,303,Explorer timeout/service,RETRY_LATER
ckb1qzfhdsa4syv599s2s3nfrctwga70g0tu07n9gpnun9ydlngf5vsnwqg9rhw8jpwu9z3f40kyqvucsjx9dxdvnjucqh580cpgjhs4gs2s2vq7w4wq873c8wsldyydqm7v,FAILED_RETRY_EXHAUSTED,PARTIAL,1,2026-09-01T18:51:30.289831+00:00,OBSERVATION_PARTIAL,Explorer /address_transactions/ckb1qzfhdsa4syv599s2s3nfrctwga70g0tu07n9gpnun9ydlngf5vsnwqg9rhw8jpwu9z3f40kyqvucsjx9dxdvnjucqh580cpgjhs4gs2s2vq7w4wq873c8wsldyydqm7v: HTTP Error 504: Gateway Timeout,EXPLORER_HTTP_ERROR,504,WALLET,unknown,,Explorer timeout/service,RETRY_LATER
ckb1qzfhdsa4syv599s2s3nfrctwga70g0tu07n9gpnun9ydlngf5vsnwqg9v2y7zt97wcuzklqar4wxk2tzz3n5cyy3q43gncfvhemrs2mur5w4c6efvg2xwnqsjyalpclt,FAILED_RETRY_EXHAUSTED,PARTIAL,1,2026-09-01T18:54:51.534525+00:00,OBSERVATION_PARTIAL,Explorer /address_transactions/ckb1qzfhdsa4syv599s2s3nfrctwga70g0tu07n9gpnun9ydlngf5vsnwqg9v2y7zt97wcuzklqar4wxk2tzz3n5cyy3q43gncfvhemrs2mur5w4c6efvg2xwnqsjyalpclt: HTTP Error 504: Gateway Timeout,EXPLORER_HTTP_ERROR,504,WALLET,unknown,,Explorer timeout/service,RETRY_LATER
ckb1qzfhdsa4syv599s2s3nfrctwga70g0tu07n9gpnun9ydlngf5vsnwqg9wcehhpwgnw6hd0uu5ae7haq29vzh6w0aq4mrx7u9ezdm2a4lnjnh86l5pg4s2lfel5v62ehc,FAILED_RETRY_EXHAUSTED,PARTIAL,1,2026-09-01T19:09:01.274764+00:00,OBSERVATION_PARTIAL,Explorer /address_transactions/ckb1qzfhdsa4syv599s2s3nfrctwga70g0tu07n9gpnun9ydlngf5vsnwqg9wcehhpwgnw6hd0uu5ae7haq29vzh6w0aq4mrx7u9ezdm2a4lnjnh86l5pg4s2lfel5v62ehc: HTTP Error 504: Gateway Timeout,EXPLORER_HTTP_ERROR,504,WALLET,unknown,,Explorer timeout/service,RETRY_LATER
ckb1qzfhdsa4syv599s2s3nfrctwga70g0tu07n9gpnun9ydlngf5vsnwqg9yr6t499eazdx5f40fewvzm04uuea2gtnqh580cpgjhs4gs2s2vq7w4wq873c8wsldyly8m9p,FAILED_RETRY_EXHAUSTED,PARTIAL,1,2026-09-01T19:17:05.474485+00:00,OBSERVATION_PARTIAL,Explorer /address_transactions/ckb1qzfhdsa4syv599s2s3nfrctwga70g0tu07n9gpnun9ydlngf5vsnwqg9yr6t499eazdx5f40fewvzm04uuea2gtnqh580cpgjhs4gs2s2vq7w4wq873c8wsldyly8m9p: The read operation timed out,EXPLORER_TIMEOUT,,WALLET,unknown,,Explorer timeout/service,RETRY_LATER
ckb1qzfhdsa4syv599s2s3nfrctwga70g0tu07n9gpnun9ydlngf5vsnwqggqlc8fmqp73anzq4x4hm9w42vuvm85n62xsyq0ur5asqlg7e3q2n2majh24xwxdn6fa9rg33tphd,FAILED_RETRY_EXHAUSTED,PARTIAL,1,2026-09-01T19:25:33.078513+00:00,OBSERVATION_PARTIAL,Explorer /address_transactions/ckb1qzfhdsa4syv599s2s3nfrctwga70g0tu07n9gpnun9ydlngf5vsnwqggqlc8fmqp73anzq4x4hm9w42vuvm85n62xsyq0ur5asqlg7e3q2n2majh24xwxdn6fa9rg33tphd: The read operation timed out,EXPLORER_TIMEOUT,,WALLET,unknown,,Explorer timeout/service,RETRY_LATER
ckb1qzfhdsa4syv599s2s3nfrctwga70g0tu07n9gpnun9ydlngf5vsnwqgrtxgt300hp4dtdulhvphvr2zq9eqz36j0qdvepw9a7ux44dhn7asxasdggqhyq282fuu5q568,FAILED_RETRY_EXHAUSTED,PARTIAL,1,2026-09-01T19:38:37.132208+00:00,OBSERVATION_PARTIAL,Explorer /address_transactions/ckb1qzfhdsa4syv599s2s3nfrctwga70g0tu07n9gpnun9ydlngf5vsnwqgrtxgt300hp4dtdulhvphvr2zq9eqz36j0qdvepw9a7ux44dhn7asxasdggqhyq282fuu5q568: HTTP Error 504: Gateway Timeout,EXPLORER_HTTP_ERROR,504,WALLET,unknown,,Explorer timeout/service,RETRY_LATER
