ami_to_selected,ari_to_selected,cluster_count,cluster_sizes,mean_cluster_persistence,mean_membership_probability,min_cluster_size,min_samples,noise_count,noise_ratio,pathological,rejection_reasons,representation,run_id,selection_method
0.7346407253716135,0.5651895922798731,9,"{""3"": 84, ""6"": 60, ""5"": 37, ""4"": 19, ""2"": 31, ""7"": 90, ""8"": 16, ""0"": 15, ""1"": 32}",0.17421720585527986,0.6609521314842008,15,5,129,0.25146198830409355,False,[],HIGH_CONFIDENCE_SCALED,HIGH_CONFIDENCE_SCALED_mcs15_ms5_eom,eom
0.6707737877157431,0.4644854790351999,10,"{""4"": 36, ""7"": 60, ""6"": 37, ""3"": 19, ""2"": 31, ""8"": 90, ""9"": 16, ""0"": 15, ""1"": 32, ""5"": 15}",0.16780769028678927,0.6030101285847941,15,5,162,0.3157894736842105,False,[],HIGH_CONFIDENCE_SCALED,HIGH_CONFIDENCE_SCALED_mcs15_ms5_leaf,leaf
0.7826604696799024,0.6853741740868474,9,"{""5"": 46, ""7"": 60, ""6"": 27, ""3"": 18, ""2"": 31, ""8"": 60, ""0"": 15, ""1"": 16, ""4"": 17}",0.22626036949302383,0.512680978236215,15,10,223,0.4346978557504873,False,[],HIGH_CONFIDENCE_SCALED,HIGH_CONFIDENCE_SCALED_mcs15_ms10_eom,eom
0.7826604696799024,0.6853741740868474,9,"{""5"": 46, ""7"": 60, ""6"": 27, ""3"": 18, ""2"": 31, ""8"": 60, ""0"": 15, ""1"": 16, ""4"": 17}",0.22626036949302383,0.512680978236215,15,10,223,0.4346978557504873,False,[],HIGH_CONFIDENCE_SCALED,HIGH_CONFIDENCE_SCALED_mcs15_ms10_leaf,leaf
0.714914774446906,0.5454388664739968,4,"{""1"": 58, ""3"": 169, ""2"": 27, ""0"": 83}",0.17320410894159083,0.406226751485692,15,20,176,0.34307992202729043,False,[],HIGH_CONFIDENCE_SCALED,HIGH_CONFIDENCE_SCALED_mcs15_ms20_eom,eom
0.714914774446906,0.5454388664739968,4,"{""1"": 58, ""3"": 169, ""2"": 27, ""0"": 83}",0.17320410894159083,0.406226751485692,15,20,176,0.34307992202729043,False,[],HIGH_CONFIDENCE_SCALED,HIGH_CONFIDENCE_SCALED_mcs15_ms20_leaf,leaf
0.7353492621853526,0.5795546649547859,6,"{""2"": 84, ""4"": 109, ""5"": 60, ""3"": 37, ""1"": 31, ""0"": 32}",0.24931720447377362,0.6156893520886169,25,5,160,0.31189083820662766,False,[],HIGH_CONFIDENCE_SCALED,HIGH_CONFIDENCE_SCALED_mcs25_ms5_eom,eom
0.7353492621853526,0.5795546649547859,6,"{""2"": 84, ""4"": 109, ""5"": 60, ""3"": 37, ""1"": 31, ""0"": 32}",0.24931720447377362,0.6156893520886169,25,5,160,0.31189083820662766,False,[],HIGH_CONFIDENCE_SCALED,HIGH_CONFIDENCE_SCALED_mcs25_ms5_leaf,leaf
1.0,1.0,5,"{""1"": 79, ""3"": 60, ""2"": 27, ""0"": 83, ""4"": 60}",0.1967651133363581,0.4772994001008227,25,10,204,0.39766081871345027,False,[],HIGH_CONFIDENCE_SCALED,HIGH_CONFIDENCE_SCALED_mcs25_ms10_eom,eom
1.0,1.0,5,"{""1"": 79, ""3"": 60, ""2"": 27, ""0"": 83, ""4"": 60}",0.1967651133363581,0.4772994001008227,25,10,204,0.39766081871345027,False,[],HIGH_CONFIDENCE_SCALED,HIGH_CONFIDENCE_SCALED_mcs25_ms10_leaf,leaf
0.714914774446906,0.5454388664739968,4,"{""1"": 58, ""3"": 169, ""2"": 27, ""0"": 83}",0.14535592187031726,0.43754713358979463,25,20,176,0.34307992202729043,False,[],HIGH_CONFIDENCE_SCALED,HIGH_CONFIDENCE_SCALED_mcs25_ms20_eom,eom
0.714914774446906,0.5454388664739968,4,"{""1"": 58, ""3"": 169, ""2"": 27, ""0"": 83}",0.14535592187031726,0.43754713358979463,25,20,176,0.34307992202729043,False,[],HIGH_CONFIDENCE_SCALED,HIGH_CONFIDENCE_SCALED_mcs25_ms20_leaf,leaf
0.6253880949966145,0.3872817958857551,3,"{""1"": 84, ""2"": 324, ""0"": 84}",0.144853777265653,0.8420782381967901,40,5,21,0.04093567251461988,False,[],HIGH_CONFIDENCE_SCALED,HIGH_CONFIDENCE_SCALED_mcs40_ms5_eom,eom
0.802081935542391,0.660203593114939,4,"{""1"": 84, ""2"": 109, ""3"": 60, ""0"": 84}",0.2182575165305123,0.6078163753757037,40,5,176,0.34307992202729043,False,[],HIGH_CONFIDENCE_SCALED,HIGH_CONFIDENCE_SCALED_mcs40_ms5_leaf,leaf
0.6561529996328289,0.37581748368315776,3,"{""1"": 79, ""2"": 309, ""0"": 83}",0.1411931074507616,0.7760540699562227,40,10,42,0.08187134502923976,False,[],HIGH_CONFIDENCE_SCALED,HIGH_CONFIDENCE_SCALED_mcs40_ms10_eom,eom
0.9460491382482848,0.8906083328915376,4,"{""1"": 79, ""2"": 60, ""0"": 83, ""3"": 60}",0.18121114730119123,0.5126102415735362,40,10,231,0.4502923976608187,False,[],HIGH_CONFIDENCE_SCALED,HIGH_CONFIDENCE_SCALED_mcs40_ms10_leaf,leaf
0.5944999191680912,0.31803620156814777,3,"{""1"": 58, ""2"": 278, ""0"": 83}",0.15645950121354257,0.589965549689722,40,20,94,0.18323586744639375,False,[],HIGH_CONFIDENCE_SCALED,HIGH_CONFIDENCE_SCALED_mcs40_ms20_eom,eom
0.5944999191680912,0.31803620156814777,3,"{""1"": 58, ""2"": 278, ""0"": 83}",0.15645950121354257,0.589965549689722,40,20,94,0.18323586744639375,False,[],HIGH_CONFIDENCE_SCALED,HIGH_CONFIDENCE_SCALED_mcs40_ms20_leaf,leaf
0.6253880949966145,0.3872817958857551,3,"{""1"": 84, ""2"": 324, ""0"": 84}",0.24465748599917725,0.8489233177623445,60,5,21,0.04093567251461988,False,[],HIGH_CONFIDENCE_SCALED,HIGH_CONFIDENCE_SCALED_mcs60_ms5_eom,eom
0.802081935542391,0.660203593114939,4,"{""1"": 84, ""2"": 109, ""3"": 60, ""0"": 84}",0.19248097196587433,0.6260899217837236,60,5,176,0.34307992202729043,False,[],HIGH_CONFIDENCE_SCALED,HIGH_CONFIDENCE_SCALED_mcs60_ms5_leaf,leaf
0.6561529996328289,0.37581748368315776,3,"{""1"": 79, ""2"": 309, ""0"": 83}",0.18047890608445905,0.7960926830841827,60,10,42,0.08187134502923976,False,[],HIGH_CONFIDENCE_SCALED,HIGH_CONFIDENCE_SCALED_mcs60_ms10_eom,eom
0.9460491382482848,0.8906083328915376,4,"{""1"": 79, ""2"": 60, ""0"": 83, ""3"": 60}",0.10314563434364311,0.5409713093247783,60,10,231,0.4502923976608187,False,[],HIGH_CONFIDENCE_SCALED,HIGH_CONFIDENCE_SCALED_mcs60_ms10_leaf,leaf
0.423315995623498,0.1725375504847091,2,"{""1"": 409, ""0"": 83}",0.21378928144357412,0.6824189607199178,60,20,21,0.04093567251461988,False,[],HIGH_CONFIDENCE_SCALED,HIGH_CONFIDENCE_SCALED_mcs60_ms20_eom,eom
0.423315995623498,0.1725375504847091,2,"{""1"": 409, ""0"": 83}",0.21378928144357412,0.6824189607199178,60,20,21,0.04093567251461988,False,[],HIGH_CONFIDENCE_SCALED,HIGH_CONFIDENCE_SCALED_mcs60_ms20_leaf,leaf
0.4658959013201102,0.5010935655833764,5,"{""3"": 345, ""4"": 34, ""1"": 30, ""0"": 15, ""2"": 18}",0.23104856405847135,0.7979646788533903,15,5,71,0.13840155945419103,False,[],HIGH_CONFIDENCE_PCA3,HIGH_CONFIDENCE_PCA3_mcs15_ms5_eom,eom
0.28413676714964414,0.1603150710186342,8,"{""7"": 61, ""3"": 34, ""1"": 30, ""4"": 24, ""5"": 17, ""6"": 34, ""0"": 15, ""2"": 18}",0.16305813021511162,0.43590441374394945,15,5,280,0.5458089668615984,False,[],HIGH_CONFIDENCE_PCA3,HIGH_CONFIDENCE_PCA3_mcs15_ms5_leaf,leaf
0.4728114937814074,0.5329693110633976,5,"{""4"": 354, ""3"": 16, ""2"": 30, ""0"": 15, ""1"": 16}",0.28241510603621006,0.73410988825118,15,10,82,0.15984405458089668,False,[],HIGH_CONFIDENCE_PCA3,HIGH_CONFIDENCE_PCA3_mcs15_ms10_eom,eom
0.30157747926459205,0.20004577472095614,7,"{""6"": 63, ""3"": 16, ""2"": 30, ""5"": 50, ""0"": 15, ""1"": 16, ""4"": 15}",0.21504146966250287,0.37132202168603395,15,10,308,0.6003898635477583,False,[],HIGH_CONFIDENCE_PCA3,HIGH_CONFIDENCE_PCA3_mcs15_ms10_leaf,leaf
0.6475687507249349,0.5743511744943356,3,"{""2"": 350, ""1"": 17, ""0"": 84}",0.24132338236172216,0.5015911737704465,15,20,62,0.12085769980506822,False,[],HIGH_CONFIDENCE_PCA3,HIGH_CONFIDENCE_PCA3_mcs15_ms20_eom,eom
0.6475687507249349,0.5743511744943356,3,"{""2"": 350, ""1"": 17, ""0"": 84}",0.24132338236172216,0.5015911737704465,15,20,62,0.12085769980506822,False,[],HIGH_CONFIDENCE_PCA3,HIGH_CONFIDENCE_PCA3_mcs15_ms20_leaf,leaf
0.6231432781412343,0.5503538016014138,3,"{""1"": 345, ""2"": 34, ""0"": 85}",0.23364854475756103,0.6548383608486165,25,5,49,0.09551656920077972,False,[],HIGH_CONFIDENCE_PCA3,HIGH_CONFIDENCE_PCA3_mcs25_ms5_eom,eom
0.5193406917827609,0.38445242400900065,4,"{""3"": 61, ""1"": 34, ""0"": 85, ""2"": 34}",0.16506917841775193,0.33261186237087487,25,5,299,0.5828460038986355,False,[],HIGH_CONFIDENCE_PCA3,HIGH_CONFIDENCE_PCA3_mcs25_ms5_leaf,leaf
1.0,1.0,2,"{""1"": 426, ""0"": 84}",0.397011085791302,0.6747329534725494,25,10,3,0.005847953216374269,False,[],HIGH_CONFIDENCE_PCA3,HIGH_CONFIDENCE_PCA3_mcs25_ms10_eom,eom
0.5706275415892144,0.4334734933892075,3,"{""2"": 63, ""0"": 84, ""1"": 50}",0.24422175977060387,0.29878914175166826,25,10,316,0.6159844054580896,False,[],HIGH_CONFIDENCE_PCA3,HIGH_CONFIDENCE_PCA3_mcs25_ms10_leaf,leaf
0.945937007471123,0.9686043773990762,2,"{""1"": 422, ""0"": 84}",0.3956516613581852,0.5460604082974608,25,20,7,0.01364522417153996,False,[],HIGH_CONFIDENCE_PCA3,HIGH_CONFIDENCE_PCA3_mcs25_ms20_eom,eom
0.945937007471123,0.9686043773990762,2,"{""1"": 422, ""0"": 84}",0.3956516613581852,0.5460604082974608,25,20,7,0.01364522417153996,False,[],HIGH_CONFIDENCE_PCA3,HIGH_CONFIDENCE_PCA3_mcs25_ms20_leaf,leaf
0.9848958229177064,0.998389171367176,2,"{""1"": 426, ""0"": 85}",0.43511271143737984,0.5644119028147574,40,5,2,0.003898635477582846,False,[],HIGH_CONFIDENCE_PCA3,HIGH_CONFIDENCE_PCA3_mcs40_ms5_eom,eom
0.9848958229177064,0.998389171367176,2,"{""1"": 426, ""0"": 85}",0.43511271143737984,0.5644119028147574,40,5,2,0.003898635477582846,False,[],HIGH_CONFIDENCE_PCA3,HIGH_CONFIDENCE_PCA3_mcs40_ms5_leaf,leaf
1.0,1.0,2,"{""1"": 426, ""0"": 84}",0.3805584788094247,0.7205568013559192,40,10,3,0.005847953216374269,False,[],HIGH_CONFIDENCE_PCA3,HIGH_CONFIDENCE_PCA3_mcs40_ms10_eom,eom
0.5706275415892144,0.4334734933892075,3,"{""2"": 63, ""0"": 84, ""1"": 50}",0.19245331405133026,0.3561528437225996,40,10,316,0.6159844054580896,False,[],HIGH_CONFIDENCE_PCA3,HIGH_CONFIDENCE_PCA3_mcs40_ms10_leaf,leaf
0.945937007471123,0.9686043773990762,2,"{""1"": 422, ""0"": 84}",0.3791079450177618,0.6172268494413718,40,20,7,0.01364522417153996,False,[],HIGH_CONFIDENCE_PCA3,HIGH_CONFIDENCE_PCA3_mcs40_ms20_eom,eom
0.945937007471123,0.9686043773990762,2,"{""1"": 422, ""0"": 84}",0.3791079450177618,0.6172268494413718,40,20,7,0.01364522417153996,False,[],HIGH_CONFIDENCE_PCA3,HIGH_CONFIDENCE_PCA3_mcs40_ms20_leaf,leaf
0.9848958229177064,0.998389171367176,2,"{""1"": 426, ""0"": 85}",0.40852553409057707,0.6885273620417275,60,5,2,0.003898635477582846,False,[],HIGH_CONFIDENCE_PCA3,HIGH_CONFIDENCE_PCA3_mcs60_ms5_eom,eom
0.9848958229177064,0.998389171367176,2,"{""1"": 426, ""0"": 85}",0.40852553409057707,0.6885273620417275,60,5,2,0.003898635477582846,False,[],HIGH_CONFIDENCE_PCA3,HIGH_CONFIDENCE_PCA3_mcs60_ms5_leaf,leaf
1.0,1.0,2,"{""1"": 426, ""0"": 84}",0.41611426979789584,0.7071492566004913,60,10,3,0.005847953216374269,False,[],HIGH_CONFIDENCE_PCA3,HIGH_CONFIDENCE_PCA3_mcs60_ms10_eom,eom
1.0,1.0,2,"{""1"": 426, ""0"": 84}",0.41611426979789584,0.7071492566004913,60,10,3,0.005847953216374269,False,[],HIGH_CONFIDENCE_PCA3,HIGH_CONFIDENCE_PCA3_mcs60_ms10_leaf,leaf
0.945937007471123,0.9686043773990762,2,"{""1"": 422, ""0"": 84}",0.38701439724714426,0.6970378085652557,60,20,7,0.01364522417153996,False,[],HIGH_CONFIDENCE_PCA3,HIGH_CONFIDENCE_PCA3_mcs60_ms20_eom,eom
0.945937007471123,0.9686043773990762,2,"{""1"": 422, ""0"": 84}",0.38701439724714426,0.6970378085652557,60,20,7,0.01364522417153996,False,[],HIGH_CONFIDENCE_PCA3,HIGH_CONFIDENCE_PCA3_mcs60_ms20_leaf,leaf
0.6441486846661996,0.5017365267776615,6,"{""2"": 81, ""5"": 209, ""3"": 25, ""1"": 68, ""4"": 26, ""0"": 15}",0.21363149839278875,0.7001193186383954,15,5,89,0.17348927875243664,False,[],HIGH_CONFIDENCE_PCA4,HIGH_CONFIDENCE_PCA4_mcs15_ms5_eom,eom
0.48392749767733034,0.2205353748858601,8,"{""4"": 34, ""6"": 64, ""2"": 25, ""1"": 68, ""5"": 26, ""7"": 47, ""0"": 15, ""3"": 16}",0.1710220722075393,0.49073117227475055,15,5,218,0.4249512670565302,False,[],HIGH_CONFIDENCE_PCA4,HIGH_CONFIDENCE_PCA4_mcs15_ms5_leaf,leaf
0.7409405021135447,0.7719201862984718,6,"{""3"": 78, ""5"": 286, ""4"": 23, ""2"": 30, ""0"": 15, ""1"": 16}",0.26358674415287797,0.7901836330125962,15,10,65,0.1267056530214425,False,[],HIGH_CONFIDENCE_PCA4,HIGH_CONFIDENCE_PCA4_mcs15_ms10_eom,eom
0.5200411896006212,0.29055792061366637,8,"{""3"": 78, ""7"": 60, ""4"": 23, ""2"": 30, ""5"": 15, ""0"": 15, ""6"": 35, ""1"": 16}",0.21690320918210776,0.47417224241304673,15,10,241,0.4697855750487329,False,[],HIGH_CONFIDENCE_PCA4,HIGH_CONFIDENCE_PCA4_mcs15_ms10_leaf,leaf
0.7561856112040868,0.7465534653288892,3,"{""1"": 55, ""2"": 279, ""0"": 84}",0.24307545308638798,0.6026033524468984,15,20,95,0.18518518518518517,False,[],HIGH_CONFIDENCE_PCA4,HIGH_CONFIDENCE_PCA4_mcs15_ms20_eom,eom
0.6147321188412409,0.45533036797400966,4,"{""1"": 55, ""2"": 61, ""0"": 84, ""3"": 18}",0.163040607553946,0.31840510010873835,15,20,295,0.5750487329434698,False,[],HIGH_CONFIDENCE_PCA4,HIGH_CONFIDENCE_PCA4_mcs15_ms20_leaf,leaf
0.6726212799627183,0.5217850044338662,5,"{""1"": 81, ""4"": 209, ""2"": 25, ""0"": 84, ""3"": 26}",0.16736776881480253,0.6703791281819884,25,5,88,0.17153996101364521,False,[],HIGH_CONFIDENCE_PCA4,HIGH_CONFIDENCE_PCA4_mcs25_ms5_eom,eom
0.5981986755276835,0.3523005570204874,6,"{""1"": 81, ""4"": 64, ""2"": 25, ""0"": 84, ""3"": 26, ""5"": 47}",0.14127428996687702,0.5196450886807145,25,5,186,0.36257309941520466,False,[],HIGH_CONFIDENCE_PCA4,HIGH_CONFIDENCE_PCA4_mcs25_ms5_leaf,leaf
1.0,1.0,3,"{""1"": 78, ""2"": 322, ""0"": 84}",0.2624049272315489,0.66254225173997,25,10,29,0.056530214424951264,False,[],HIGH_CONFIDENCE_PCA4,HIGH_CONFIDENCE_PCA4_mcs25_ms10_eom,eom
0.7143433818318478,0.5202918569357969,4,"{""1"": 78, ""3"": 60, ""0"": 84, ""2"": 35}",0.1867099771946753,0.3942787516523384,25,10,256,0.49902534113060426,False,[],HIGH_CONFIDENCE_PCA4,HIGH_CONFIDENCE_PCA4_mcs25_ms10_leaf,leaf
0.7561856112040868,0.7465534653288892,3,"{""1"": 55, ""2"": 279, ""0"": 84}",0.2483352374354947,0.538824360850233,25,20,95,0.18518518518518517,False,[],HIGH_CONFIDENCE_PCA4,HIGH_CONFIDENCE_PCA4_mcs25_ms20_eom,eom
0.7561856112040868,0.7465534653288892,3,"{""1"": 55, ""2"": 279, ""0"": 84}",0.2483352374354947,0.538824360850233,25,20,95,0.18518518518518517,False,[],HIGH_CONFIDENCE_PCA4,HIGH_CONFIDENCE_PCA4_mcs25_ms20_leaf,leaf
0.9254624752483931,0.9733215759392072,3,"{""1"": 81, ""2"": 321, ""0"": 84}",0.2803097052976706,0.7067007569357263,40,5,27,0.05263157894736842,False,[],HIGH_CONFIDENCE_PCA4,HIGH_CONFIDENCE_PCA4_mcs40_ms5_eom,eom
0.669181644816103,0.47945159120607067,4,"{""1"": 81, ""2"": 64, ""0"": 84, ""3"": 47}",0.17413400125576972,0.47985985120423374,40,5,237,0.4619883040935672,False,[],HIGH_CONFIDENCE_PCA4,HIGH_CONFIDENCE_PCA4_mcs40_ms5_leaf,leaf
1.0,1.0,3,"{""1"": 78, ""2"": 322, ""0"": 84}",0.25987547535530603,0.6430257821848177,40,10,29,0.056530214424951264,False,[],HIGH_CONFIDENCE_PCA4,HIGH_CONFIDENCE_PCA4_mcs40_ms10_eom,eom
1.0,1.0,3,"{""1"": 78, ""2"": 322, ""0"": 84}",0.25987547535530603,0.6430257821848177,40,10,29,0.056530214424951264,False,[],HIGH_CONFIDENCE_PCA4,HIGH_CONFIDENCE_PCA4_mcs40_ms10_leaf,leaf
0.7561856112040868,0.7465534653288892,3,"{""1"": 55, ""2"": 279, ""0"": 84}",0.2176726507840022,0.6016458048669338,40,20,95,0.18518518518518517,False,[],HIGH_CONFIDENCE_PCA4,HIGH_CONFIDENCE_PCA4_mcs40_ms20_eom,eom
0.7561856112040868,0.7465534653288892,3,"{""1"": 55, ""2"": 279, ""0"": 84}",0.2176726507840022,0.6016458048669338,40,20,95,0.18518518518518517,False,[],HIGH_CONFIDENCE_PCA4,HIGH_CONFIDENCE_PCA4_mcs40_ms20_leaf,leaf
0.9254624752483931,0.9733215759392072,3,"{""1"": 81, ""2"": 321, ""0"": 84}",0.2378487954791161,0.7171737438754135,60,5,27,0.05263157894736842,False,[],HIGH_CONFIDENCE_PCA4,HIGH_CONFIDENCE_PCA4_mcs60_ms5_eom,eom
0.9254624752483931,0.9733215759392072,3,"{""1"": 81, ""2"": 321, ""0"": 84}",0.2378487954791161,0.7171737438754135,60,5,27,0.05263157894736842,False,[],HIGH_CONFIDENCE_PCA4,HIGH_CONFIDENCE_PCA4_mcs60_ms5_leaf,leaf
1.0,1.0,3,"{""1"": 78, ""2"": 322, ""0"": 84}",0.24968957525297064,0.7339667507477534,60,10,29,0.056530214424951264,False,[],HIGH_CONFIDENCE_PCA4,HIGH_CONFIDENCE_PCA4_mcs60_ms10_eom,eom
1.0,1.0,3,"{""1"": 78, ""2"": 322, ""0"": 84}",0.24968957525297064,0.7339667507477534,60,10,29,0.056530214424951264,False,[],HIGH_CONFIDENCE_PCA4,HIGH_CONFIDENCE_PCA4_mcs60_ms10_leaf,leaf
0.6206248910747733,0.5029418207653664,2,"{""1"": 422, ""0"": 84}",0.3275234379354846,0.6577776676160076,60,20,7,0.01364522417153996,False,[],HIGH_CONFIDENCE_PCA4,HIGH_CONFIDENCE_PCA4_mcs60_ms20_eom,eom
0.6206248910747733,0.5029418207653664,2,"{""1"": 422, ""0"": 84}",0.3275234379354846,0.6577776676160076,60,20,7,0.01364522417153996,False,[],HIGH_CONFIDENCE_PCA4,HIGH_CONFIDENCE_PCA4_mcs60_ms20_leaf,leaf
0.7805058552749479,0.9443413446092105,4,"{""0"": 426, ""2"": 32, ""1"": 15, ""3"": 19}",0.26004616287472315,0.9282218448403171,15,5,21,0.04093567251461988,False,[],HIGH_CONFIDENCE_PCA6,HIGH_CONFIDENCE_PCA6_mcs15_ms5_eom,eom
0.250356755176722,0.0769346737647242,11,"{""5"": 34, ""9"": 59, ""7"": 36, ""3"": 21, ""1"": 32, ""10"": 52, ""6"": 17, ""8"": 16, ""0"": 15, ""2"": 19, ""4"": 16}",0.16997767525964566,0.5590707606464875,15,5,196,0.3820662768031189,False,[],HIGH_CONFIDENCE_PCA6,HIGH_CONFIDENCE_PCA6_mcs15_ms5_leaf,leaf
0.7925536952736403,0.9516073956248876,4,"{""0"": 425, ""3"": 31, ""1"": 15, ""2"": 17}",0.2922960978461815,0.932053447427117,15,10,25,0.04873294346978557,False,[],HIGH_CONFIDENCE_PCA6,HIGH_CONFIDENCE_PCA6_mcs15_ms10_eom,eom
0.2612281812719181,0.10323787419901606,9,"{""5"": 33, ""8"": 61, ""6"": 48, ""3"": 23, ""2"": 31, ""7"": 32, ""0"": 15, ""1"": 17, ""4"": 16}",0.19354922514492964,0.49457256954042605,15,10,237,0.4619883040935672,False,[],HIGH_CONFIDENCE_PCA6,HIGH_CONFIDENCE_PCA6_mcs15_ms10_leaf,leaf
0.935837438663873,0.9612221691485516,2,"{""1"": 420, ""0"": 84}",0.22523962166340478,0.8423124669080799,15,20,9,0.017543859649122806,False,[],HIGH_CONFIDENCE_PCA6,HIGH_CONFIDENCE_PCA6_mcs15_ms20_eom,eom
0.4766042094564567,0.2596181918191202,4,"{""1"": 36, ""3"": 142, ""2"": 35, ""0"": 84}",0.17481927679614842,0.3929866623920765,15,20,216,0.42105263157894735,False,[],HIGH_CONFIDENCE_PCA6,HIGH_CONFIDENCE_PCA6_mcs15_ms20_leaf,leaf
0.9660990513298431,0.990405327098978,2,"{""1"": 426, ""0"": 85}",0.25800810646598615,0.8992054323823643,25,5,2,0.003898635477582846,False,[],HIGH_CONFIDENCE_PCA6,HIGH_CONFIDENCE_PCA6_mcs25_ms5_eom,eom
0.4150829707901637,0.19357213617861022,5,"{""0"": 85, ""1"": 64, ""3"": 59, ""2"": 55, ""4"": 52}",0.19890417143708375,0.49157388743309,25,5,198,0.38596491228070173,False,[],HIGH_CONFIDENCE_PCA6,HIGH_CONFIDENCE_PCA6_mcs25_ms5_leaf,leaf
1.0,1.0,2,"{""1"": 425, ""0"": 84}",0.27136088537495295,0.890294112244624,25,10,4,0.007797270955165692,False,[],HIGH_CONFIDENCE_PCA6,HIGH_CONFIDENCE_PCA6_mcs25_ms10_eom,eom
0.4362619424474342,0.23197027677098073,5,"{""1"": 58, ""4"": 61, ""2"": 48, ""0"": 84, ""3"": 32}",0.20800000079021858,0.4422807116680793,25,10,230,0.44834307992202727,False,[],HIGH_CONFIDENCE_PCA6,HIGH_CONFIDENCE_PCA6_mcs25_ms10_leaf,leaf
0.935837438663873,0.9612221691485516,2,"{""1"": 420, ""0"": 84}",0.21545541526248269,0.8539429720359624,25,20,9,0.017543859649122806,False,[],HIGH_CONFIDENCE_PCA6,HIGH_CONFIDENCE_PCA6_mcs25_ms20_eom,eom
0.4766042094564567,0.2596181918191202,4,"{""1"": 36, ""3"": 142, ""2"": 35, ""0"": 84}",0.1509308600476306,0.4245794222633196,25,20,216,0.42105263157894735,False,[],HIGH_CONFIDENCE_PCA6,HIGH_CONFIDENCE_PCA6_mcs25_ms20_leaf,leaf
0.9660990513298431,0.990405327098978,2,"{""1"": 426, ""0"": 85}",0.2137001652059522,0.9480495548816816,40,5,2,0.003898635477582846,False,[],HIGH_CONFIDENCE_PCA6,HIGH_CONFIDENCE_PCA6_mcs40_ms5_eom,eom
0.4150829707901637,0.19357213617861022,5,"{""0"": 85, ""1"": 64, ""3"": 59, ""2"": 55, ""4"": 52}",0.14014496422507636,0.5843957772142894,40,5,198,0.38596491228070173,False,[],HIGH_CONFIDENCE_PCA6,HIGH_CONFIDENCE_PCA6_mcs40_ms5_leaf,leaf
1.0,1.0,2,"{""1"": 425, ""0"": 84}",0.19407317210859704,0.9413956140313785,40,10,4,0.007797270955165692,False,[],HIGH_CONFIDENCE_PCA6,HIGH_CONFIDENCE_PCA6_mcs40_ms10_eom,eom
0.45431459634434773,0.21894525698679362,4,"{""1"": 58, ""3"": 176, ""2"": 48, ""0"": 84}",0.15829294473120475,0.5741674174202547,40,10,147,0.28654970760233917,False,[],HIGH_CONFIDENCE_PCA6,HIGH_CONFIDENCE_PCA6_mcs40_ms10_leaf,leaf
0.935837438663873,0.9612221691485516,2,"{""1"": 420, ""0"": 84}",0.2495740323189289,0.5632233427275148,40,20,9,0.017543859649122806,False,[],HIGH_CONFIDENCE_PCA6,HIGH_CONFIDENCE_PCA6_mcs40_ms20_eom,eom
0.935837438663873,0.9612221691485516,2,"{""1"": 420, ""0"": 84}",0.2495740323189289,0.5632233427275148,40,20,9,0.017543859649122806,False,[],HIGH_CONFIDENCE_PCA6,HIGH_CONFIDENCE_PCA6_mcs40_ms20_leaf,leaf
0.9660990513298431,0.990405327098978,2,"{""1"": 426, ""0"": 85}",0.32283657852069503,0.9549653287344425,60,5,2,0.003898635477582846,False,[],HIGH_CONFIDENCE_PCA6,HIGH_CONFIDENCE_PCA6_mcs60_ms5_eom,eom
0.5434955514292568,0.37987330728314206,3,"{""0"": 85, ""1"": 64, ""2"": 285}",0.24937377278510117,0.7293302176277536,60,5,79,0.1539961013645224,False,[],HIGH_CONFIDENCE_PCA6,HIGH_CONFIDENCE_PCA6_mcs60_ms5_leaf,leaf
1.0,1.0,2,"{""1"": 425, ""0"": 84}",0.3572129852932555,0.6939655169891904,60,10,4,0.007797270955165692,False,[],HIGH_CONFIDENCE_PCA6,HIGH_CONFIDENCE_PCA6_mcs60_ms10_eom,eom
1.0,1.0,2,"{""1"": 425, ""0"": 84}",0.3572129852932555,0.6939655169891904,60,10,4,0.007797270955165692,False,[],HIGH_CONFIDENCE_PCA6,HIGH_CONFIDENCE_PCA6_mcs60_ms10_leaf,leaf
0.935837438663873,0.9612221691485516,2,"{""1"": 420, ""0"": 84}",0.2589843424096467,0.6680904796457731,60,20,9,0.017543859649122806,False,[],HIGH_CONFIDENCE_PCA6,HIGH_CONFIDENCE_PCA6_mcs60_ms20_eom,eom
0.935837438663873,0.9612221691485516,2,"{""1"": 420, ""0"": 84}",0.2589843424096467,0.6680904796457731,60,20,9,0.017543859649122806,False,[],HIGH_CONFIDENCE_PCA6,HIGH_CONFIDENCE_PCA6_mcs60_ms20_leaf,leaf
0.7598850557127068,0.8168060409838978,3,"{""1"": 47, ""2"": 48, ""0"": 21}",0.1900108008037522,0.41530517621482604,15,5,133,0.5341365461847389,False,[],TEMPORAL_STRUCTURE_SCALED,TEMPORAL_STRUCTURE_SCALED_mcs15_ms5_eom,eom
0.7598850557127068,0.8168060409838978,3,"{""1"": 47, ""2"": 48, ""0"": 21}",0.1900108008037522,0.41530517621482604,15,5,133,0.5341365461847389,False,[],TEMPORAL_STRUCTURE_SCALED,TEMPORAL_STRUCTURE_SCALED_mcs15_ms5_leaf,leaf
1.0,1.0,2,"{""1"": 44, ""0"": 64}",0.14997549394603082,0.37660605569291195,15,10,141,0.5662650602409639,False,[],TEMPORAL_STRUCTURE_SCALED,TEMPORAL_STRUCTURE_SCALED_mcs15_ms10_eom,eom
1.0,1.0,2,"{""1"": 44, ""0"": 64}",0.14997549394603082,0.37660605569291195,15,10,141,0.5662650602409639,False,[],TEMPORAL_STRUCTURE_SCALED,TEMPORAL_STRUCTURE_SCALED_mcs15_ms10_leaf,leaf
0.47052024106377266,0.4294645959568108,2,"{""1"": 37, ""0"": 21}",0.04702168602985071,0.22833103342114183,15,20,191,0.7670682730923695,False,[],TEMPORAL_STRUCTURE_SCALED,TEMPORAL_STRUCTURE_SCALED_mcs15_ms20_eom,eom
0.47052024106377266,0.4294645959568108,2,"{""1"": 37, ""0"": 21}",0.04702168602985071,0.22833103342114183,15,20,191,0.7670682730923695,False,[],TEMPORAL_STRUCTURE_SCALED,TEMPORAL_STRUCTURE_SCALED_mcs15_ms20_leaf,leaf
0.7301972244412348,0.74607681851249,2,"{""0"": 47, ""1"": 48}",0.1631676779768057,0.36476673628273776,25,5,154,0.6184738955823293,False,[],TEMPORAL_STRUCTURE_SCALED,TEMPORAL_STRUCTURE_SCALED_mcs25_ms5_eom,eom
0.7301972244412348,0.74607681851249,2,"{""0"": 47, ""1"": 48}",0.1631676779768057,0.36476673628273776,25,5,154,0.6184738955823293,False,[],TEMPORAL_STRUCTURE_SCALED,TEMPORAL_STRUCTURE_SCALED_mcs25_ms5_leaf,leaf
1.0,1.0,2,"{""1"": 44, ""0"": 64}",0.12397536652867233,0.40703606822651967,25,10,141,0.5662650602409639,False,[],TEMPORAL_STRUCTURE_SCALED,TEMPORAL_STRUCTURE_SCALED_mcs25_ms10_eom,eom
1.0,1.0,2,"{""1"": 44, ""0"": 64}",0.12397536652867233,0.40703606822651967,25,10,141,0.5662650602409639,False,[],TEMPORAL_STRUCTURE_SCALED,TEMPORAL_STRUCTURE_SCALED_mcs25_ms10_leaf,leaf
0.0,0.0,0,{},0,0.0,25,20,249,1.0,True,"[""FEWER_THAN_TWO_CLUSTERS"", ""NOISE_ABOVE_80_PERCENT""]",TEMPORAL_STRUCTURE_SCALED,TEMPORAL_STRUCTURE_SCALED_mcs25_ms20_eom,eom
0.0,0.0,0,{},0,0.0,25,20,249,1.0,True,"[""FEWER_THAN_TWO_CLUSTERS"", ""NOISE_ABOVE_80_PERCENT""]",TEMPORAL_STRUCTURE_SCALED,TEMPORAL_STRUCTURE_SCALED_mcs25_ms20_leaf,leaf
0.7301972244412348,0.74607681851249,2,"{""0"": 47, ""1"": 48}",0.08874983696607323,0.3793811828280541,40,5,154,0.6184738955823293,False,[],TEMPORAL_STRUCTURE_SCALED,TEMPORAL_STRUCTURE_SCALED_mcs40_ms5_eom,eom
0.7301972244412348,0.74607681851249,2,"{""0"": 47, ""1"": 48}",0.08874983696607323,0.3793811828280541,40,5,154,0.6184738955823293,False,[],TEMPORAL_STRUCTURE_SCALED,TEMPORAL_STRUCTURE_SCALED_mcs40_ms5_leaf,leaf
1.0,1.0,2,"{""1"": 44, ""0"": 64}",0.05714915622222713,0.42655532965280574,40,10,141,0.5662650602409639,False,[],TEMPORAL_STRUCTURE_SCALED,TEMPORAL_STRUCTURE_SCALED_mcs40_ms10_eom,eom
1.0,1.0,2,"{""1"": 44, ""0"": 64}",0.05714915622222713,0.42655532965280574,40,10,141,0.5662650602409639,False,[],TEMPORAL_STRUCTURE_SCALED,TEMPORAL_STRUCTURE_SCALED_mcs40_ms10_leaf,leaf
0.0,0.0,0,{},0,0.0,40,20,249,1.0,True,"[""FEWER_THAN_TWO_CLUSTERS"", ""NOISE_ABOVE_80_PERCENT""]",TEMPORAL_STRUCTURE_SCALED,TEMPORAL_STRUCTURE_SCALED_mcs40_ms20_eom,eom
0.0,0.0,0,{},0,0.0,40,20,249,1.0,True,"[""FEWER_THAN_TWO_CLUSTERS"", ""NOISE_ABOVE_80_PERCENT""]",TEMPORAL_STRUCTURE_SCALED,TEMPORAL_STRUCTURE_SCALED_mcs40_ms20_leaf,leaf
0.0,0.0,0,{},0,0.0,60,5,249,1.0,True,"[""FEWER_THAN_TWO_CLUSTERS"", ""NOISE_ABOVE_80_PERCENT""]",TEMPORAL_STRUCTURE_SCALED,TEMPORAL_STRUCTURE_SCALED_mcs60_ms5_eom,eom
0.0,0.0,0,{},0,0.0,60,5,249,1.0,True,"[""FEWER_THAN_TWO_CLUSTERS"", ""NOISE_ABOVE_80_PERCENT""]",TEMPORAL_STRUCTURE_SCALED,TEMPORAL_STRUCTURE_SCALED_mcs60_ms5_leaf,leaf
0.0,0.0,0,{},0,0.0,60,10,249,1.0,True,"[""FEWER_THAN_TWO_CLUSTERS"", ""NOISE_ABOVE_80_PERCENT""]",TEMPORAL_STRUCTURE_SCALED,TEMPORAL_STRUCTURE_SCALED_mcs60_ms10_eom,eom
0.0,0.0,0,{},0,0.0,60,10,249,1.0,True,"[""FEWER_THAN_TWO_CLUSTERS"", ""NOISE_ABOVE_80_PERCENT""]",TEMPORAL_STRUCTURE_SCALED,TEMPORAL_STRUCTURE_SCALED_mcs60_ms10_leaf,leaf
0.0,0.0,0,{},0,0.0,60,20,249,1.0,True,"[""FEWER_THAN_TWO_CLUSTERS"", ""NOISE_ABOVE_80_PERCENT""]",TEMPORAL_STRUCTURE_SCALED,TEMPORAL_STRUCTURE_SCALED_mcs60_ms20_eom,eom
0.0,0.0,0,{},0,0.0,60,20,249,1.0,True,"[""FEWER_THAN_TWO_CLUSTERS"", ""NOISE_ABOVE_80_PERCENT""]",TEMPORAL_STRUCTURE_SCALED,TEMPORAL_STRUCTURE_SCALED_mcs60_ms20_leaf,leaf
0.21628180977058142,0.017784339710023248,2,"{""1"": 38, ""0"": 22}",0.22064796061622236,0.2204552957239851,15,5,189,0.7590361445783133,False,[],TEMPORAL_STRUCTURE_PCA3,TEMPORAL_STRUCTURE_PCA3_mcs15_ms5_eom,eom
0.21628180977058142,0.017784339710023248,2,"{""1"": 38, ""0"": 22}",0.22064796061622236,0.2204552957239851,15,5,189,0.7590361445783133,False,[],TEMPORAL_STRUCTURE_PCA3,TEMPORAL_STRUCTURE_PCA3_mcs15_ms5_leaf,leaf
1.0,1.0,2,"{""0"": 136, ""1"": 15}",0.12377257836984253,0.5043768652775563,15,10,98,0.39357429718875503,False,[],TEMPORAL_STRUCTURE_PCA3,TEMPORAL_STRUCTURE_PCA3_mcs15_ms10_eom,eom
0.40007976102614273,0.14219312669443215,3,"{""1"": 20, ""2"": 27, ""0"": 15}",0.1388460581489456,0.24021980198506937,15,10,187,0.751004016064257,False,[],TEMPORAL_STRUCTURE_PCA3,TEMPORAL_STRUCTURE_PCA3_mcs15_ms10_leaf,leaf
0.1301556390202335,-0.03604222292406055,2,"{""0"": 18, ""1"": 18}",0.03315369954766564,0.1439135428971367,15,20,213,0.8554216867469879,True,"[""NOISE_ABOVE_80_PERCENT""]",TEMPORAL_STRUCTURE_PCA3,TEMPORAL_STRUCTURE_PCA3_mcs15_ms20_eom,eom
0.1301556390202335,-0.03604222292406055,2,"{""0"": 18, ""1"": 18}",0.03315369954766564,0.1439135428971367,15,20,213,0.8554216867469879,True,"[""NOISE_ABOVE_80_PERCENT""]",TEMPORAL_STRUCTURE_PCA3,TEMPORAL_STRUCTURE_PCA3_mcs15_ms20_leaf,leaf
0.0,0.0,0,{},0,0.0,25,5,249,1.0,True,"[""FEWER_THAN_TWO_CLUSTERS"", ""NOISE_ABOVE_80_PERCENT""]",TEMPORAL_STRUCTURE_PCA3,TEMPORAL_STRUCTURE_PCA3_mcs25_ms5_eom,eom
0.0,0.0,0,{},0,0.0,25,5,249,1.0,True,"[""FEWER_THAN_TWO_CLUSTERS"", ""NOISE_ABOVE_80_PERCENT""]",TEMPORAL_STRUCTURE_PCA3,TEMPORAL_STRUCTURE_PCA3_mcs25_ms5_leaf,leaf
0.0,0.0,0,{},0,0.0,25,10,249,1.0,True,"[""FEWER_THAN_TWO_CLUSTERS"", ""NOISE_ABOVE_80_PERCENT""]",TEMPORAL_STRUCTURE_PCA3,TEMPORAL_STRUCTURE_PCA3_mcs25_ms10_eom,eom
0.0,0.0,0,{},0,0.0,25,10,249,1.0,True,"[""FEWER_THAN_TWO_CLUSTERS"", ""NOISE_ABOVE_80_PERCENT""]",TEMPORAL_STRUCTURE_PCA3,TEMPORAL_STRUCTURE_PCA3_mcs25_ms10_leaf,leaf
0.0,0.0,0,{},0,0.0,25,20,249,1.0,True,"[""FEWER_THAN_TWO_CLUSTERS"", ""NOISE_ABOVE_80_PERCENT""]",TEMPORAL_STRUCTURE_PCA3,TEMPORAL_STRUCTURE_PCA3_mcs25_ms20_eom,eom
0.0,0.0,0,{},0,0.0,25,20,249,1.0,True,"[""FEWER_THAN_TWO_CLUSTERS"", ""NOISE_ABOVE_80_PERCENT""]",TEMPORAL_STRUCTURE_PCA3,TEMPORAL_STRUCTURE_PCA3_mcs25_ms20_leaf,leaf
0.0,0.0,0,{},0,0.0,40,5,249,1.0,True,"[""FEWER_THAN_TWO_CLUSTERS"", ""NOISE_ABOVE_80_PERCENT""]",TEMPORAL_STRUCTURE_PCA3,TEMPORAL_STRUCTURE_PCA3_mcs40_ms5_eom,eom
0.0,0.0,0,{},0,0.0,40,5,249,1.0,True,"[""FEWER_THAN_TWO_CLUSTERS"", ""NOISE_ABOVE_80_PERCENT""]",TEMPORAL_STRUCTURE_PCA3,TEMPORAL_STRUCTURE_PCA3_mcs40_ms5_leaf,leaf
0.0,0.0,0,{},0,0.0,40,10,249,1.0,True,"[""FEWER_THAN_TWO_CLUSTERS"", ""NOISE_ABOVE_80_PERCENT""]",TEMPORAL_STRUCTURE_PCA3,TEMPORAL_STRUCTURE_PCA3_mcs40_ms10_eom,eom
0.0,0.0,0,{},0,0.0,40,10,249,1.0,True,"[""FEWER_THAN_TWO_CLUSTERS"", ""NOISE_ABOVE_80_PERCENT""]",TEMPORAL_STRUCTURE_PCA3,TEMPORAL_STRUCTURE_PCA3_mcs40_ms10_leaf,leaf
0.0,0.0,0,{},0,0.0,40,20,249,1.0,True,"[""FEWER_THAN_TWO_CLUSTERS"", ""NOISE_ABOVE_80_PERCENT""]",TEMPORAL_STRUCTURE_PCA3,TEMPORAL_STRUCTURE_PCA3_mcs40_ms20_eom,eom
0.0,0.0,0,{},0,0.0,40,20,249,1.0,True,"[""FEWER_THAN_TWO_CLUSTERS"", ""NOISE_ABOVE_80_PERCENT""]",TEMPORAL_STRUCTURE_PCA3,TEMPORAL_STRUCTURE_PCA3_mcs40_ms20_leaf,leaf
0.0,0.0,0,{},0,0.0,60,5,249,1.0,True,"[""FEWER_THAN_TWO_CLUSTERS"", ""NOISE_ABOVE_80_PERCENT""]",TEMPORAL_STRUCTURE_PCA3,TEMPORAL_STRUCTURE_PCA3_mcs60_ms5_eom,eom
0.0,0.0,0,{},0,0.0,60,5,249,1.0,True,"[""FEWER_THAN_TWO_CLUSTERS"", ""NOISE_ABOVE_80_PERCENT""]",TEMPORAL_STRUCTURE_PCA3,TEMPORAL_STRUCTURE_PCA3_mcs60_ms5_leaf,leaf
0.0,0.0,0,{},0,0.0,60,10,249,1.0,True,"[""FEWER_THAN_TWO_CLUSTERS"", ""NOISE_ABOVE_80_PERCENT""]",TEMPORAL_STRUCTURE_PCA3,TEMPORAL_STRUCTURE_PCA3_mcs60_ms10_eom,eom
0.0,0.0,0,{},0,0.0,60,10,249,1.0,True,"[""FEWER_THAN_TWO_CLUSTERS"", ""NOISE_ABOVE_80_PERCENT""]",TEMPORAL_STRUCTURE_PCA3,TEMPORAL_STRUCTURE_PCA3_mcs60_ms10_leaf,leaf
0.0,0.0,0,{},0,0.0,60,20,249,1.0,True,"[""FEWER_THAN_TWO_CLUSTERS"", ""NOISE_ABOVE_80_PERCENT""]",TEMPORAL_STRUCTURE_PCA3,TEMPORAL_STRUCTURE_PCA3_mcs60_ms20_eom,eom
0.0,0.0,0,{},0,0.0,60,20,249,1.0,True,"[""FEWER_THAN_TWO_CLUSTERS"", ""NOISE_ABOVE_80_PERCENT""]",TEMPORAL_STRUCTURE_PCA3,TEMPORAL_STRUCTURE_PCA3_mcs60_ms20_leaf,leaf
1.0,1.0,2,"{""0"": 19, ""1"": 85}",0.14894720408514997,0.538022128115418,15,5,68,0.3953488372093023,False,[],CELL_STRUCTURE_SCALED,CELL_STRUCTURE_SCALED_mcs15_ms5_eom,eom
1.0,1.0,2,"{""0"": 19, ""1"": 85}",0.14894720408514997,0.538022128115418,15,5,68,0.3953488372093023,False,[],CELL_STRUCTURE_SCALED,CELL_STRUCTURE_SCALED_mcs15_ms5_leaf,leaf
0.0,0.0,0,{},0,0.0,15,10,172,1.0,True,"[""FEWER_THAN_TWO_CLUSTERS"", ""NOISE_ABOVE_80_PERCENT""]",CELL_STRUCTURE_SCALED,CELL_STRUCTURE_SCALED_mcs15_ms10_eom,eom
0.0,0.0,0,{},0,0.0,15,10,172,1.0,True,"[""FEWER_THAN_TWO_CLUSTERS"", ""NOISE_ABOVE_80_PERCENT""]",CELL_STRUCTURE_SCALED,CELL_STRUCTURE_SCALED_mcs15_ms10_leaf,leaf
0.0,0.0,0,{},0,0.0,15,20,172,1.0,True,"[""FEWER_THAN_TWO_CLUSTERS"", ""NOISE_ABOVE_80_PERCENT""]",CELL_STRUCTURE_SCALED,CELL_STRUCTURE_SCALED_mcs15_ms20_eom,eom
0.0,0.0,0,{},0,0.0,15,20,172,1.0,True,"[""FEWER_THAN_TWO_CLUSTERS"", ""NOISE_ABOVE_80_PERCENT""]",CELL_STRUCTURE_SCALED,CELL_STRUCTURE_SCALED_mcs15_ms20_leaf,leaf
0.0,0.0,0,{},0,0.0,25,5,172,1.0,True,"[""FEWER_THAN_TWO_CLUSTERS"", ""NOISE_ABOVE_80_PERCENT""]",CELL_STRUCTURE_SCALED,CELL_STRUCTURE_SCALED_mcs25_ms5_eom,eom
0.0,0.0,0,{},0,0.0,25,5,172,1.0,True,"[""FEWER_THAN_TWO_CLUSTERS"", ""NOISE_ABOVE_80_PERCENT""]",CELL_STRUCTURE_SCALED,CELL_STRUCTURE_SCALED_mcs25_ms5_leaf,leaf
0.0,0.0,0,{},0,0.0,25,10,172,1.0,True,"[""FEWER_THAN_TWO_CLUSTERS"", ""NOISE_ABOVE_80_PERCENT""]",CELL_STRUCTURE_SCALED,CELL_STRUCTURE_SCALED_mcs25_ms10_eom,eom
0.0,0.0,0,{},0,0.0,25,10,172,1.0,True,"[""FEWER_THAN_TWO_CLUSTERS"", ""NOISE_ABOVE_80_PERCENT""]",CELL_STRUCTURE_SCALED,CELL_STRUCTURE_SCALED_mcs25_ms10_leaf,leaf
0.0,0.0,0,{},0,0.0,25,20,172,1.0,True,"[""FEWER_THAN_TWO_CLUSTERS"", ""NOISE_ABOVE_80_PERCENT""]",CELL_STRUCTURE_SCALED,CELL_STRUCTURE_SCALED_mcs25_ms20_eom,eom
0.0,0.0,0,{},0,0.0,25,20,172,1.0,True,"[""FEWER_THAN_TWO_CLUSTERS"", ""NOISE_ABOVE_80_PERCENT""]",CELL_STRUCTURE_SCALED,CELL_STRUCTURE_SCALED_mcs25_ms20_leaf,leaf
0.0,0.0,0,{},0,0.0,40,5,172,1.0,True,"[""FEWER_THAN_TWO_CLUSTERS"", ""NOISE_ABOVE_80_PERCENT""]",CELL_STRUCTURE_SCALED,CELL_STRUCTURE_SCALED_mcs40_ms5_eom,eom
0.0,0.0,0,{},0,0.0,40,5,172,1.0,True,"[""FEWER_THAN_TWO_CLUSTERS"", ""NOISE_ABOVE_80_PERCENT""]",CELL_STRUCTURE_SCALED,CELL_STRUCTURE_SCALED_mcs40_ms5_leaf,leaf
0.0,0.0,0,{},0,0.0,40,10,172,1.0,True,"[""FEWER_THAN_TWO_CLUSTERS"", ""NOISE_ABOVE_80_PERCENT""]",CELL_STRUCTURE_SCALED,CELL_STRUCTURE_SCALED_mcs40_ms10_eom,eom
0.0,0.0,0,{},0,0.0,40,10,172,1.0,True,"[""FEWER_THAN_TWO_CLUSTERS"", ""NOISE_ABOVE_80_PERCENT""]",CELL_STRUCTURE_SCALED,CELL_STRUCTURE_SCALED_mcs40_ms10_leaf,leaf
0.0,0.0,0,{},0,0.0,40,20,172,1.0,True,"[""FEWER_THAN_TWO_CLUSTERS"", ""NOISE_ABOVE_80_PERCENT""]",CELL_STRUCTURE_SCALED,CELL_STRUCTURE_SCALED_mcs40_ms20_eom,eom
0.0,0.0,0,{},0,0.0,40,20,172,1.0,True,"[""FEWER_THAN_TWO_CLUSTERS"", ""NOISE_ABOVE_80_PERCENT""]",CELL_STRUCTURE_SCALED,CELL_STRUCTURE_SCALED_mcs40_ms20_leaf,leaf
0.0,0.0,0,{},0,0.0,60,5,172,1.0,True,"[""FEWER_THAN_TWO_CLUSTERS"", ""NOISE_ABOVE_80_PERCENT""]",CELL_STRUCTURE_SCALED,CELL_STRUCTURE_SCALED_mcs60_ms5_eom,eom
0.0,0.0,0,{},0,0.0,60,5,172,1.0,True,"[""FEWER_THAN_TWO_CLUSTERS"", ""NOISE_ABOVE_80_PERCENT""]",CELL_STRUCTURE_SCALED,CELL_STRUCTURE_SCALED_mcs60_ms5_leaf,leaf
0.0,0.0,0,{},0,0.0,60,10,172,1.0,True,"[""FEWER_THAN_TWO_CLUSTERS"", ""NOISE_ABOVE_80_PERCENT""]",CELL_STRUCTURE_SCALED,CELL_STRUCTURE_SCALED_mcs60_ms10_eom,eom
0.0,0.0,0,{},0,0.0,60,10,172,1.0,True,"[""FEWER_THAN_TWO_CLUSTERS"", ""NOISE_ABOVE_80_PERCENT""]",CELL_STRUCTURE_SCALED,CELL_STRUCTURE_SCALED_mcs60_ms10_leaf,leaf
0.0,0.0,0,{},0,0.0,60,20,172,1.0,True,"[""FEWER_THAN_TWO_CLUSTERS"", ""NOISE_ABOVE_80_PERCENT""]",CELL_STRUCTURE_SCALED,CELL_STRUCTURE_SCALED_mcs60_ms20_eom,eom
0.0,0.0,0,{},0,0.0,60,20,172,1.0,True,"[""FEWER_THAN_TWO_CLUSTERS"", ""NOISE_ABOVE_80_PERCENT""]",CELL_STRUCTURE_SCALED,CELL_STRUCTURE_SCALED_mcs60_ms20_leaf,leaf
0.20709905879531038,0.008004907910652384,2,"{""0"": 22, ""1"": 84}",0.17121721984555466,0.5609416604391169,15,5,66,0.38372093023255816,False,[],CELL_STRUCTURE_PCA7,CELL_STRUCTURE_PCA7_mcs15_ms5_eom,eom
0.6159759756006881,0.5643124978898011,3,"{""0"": 22, ""1"": 23, ""2"": 15}",0.03782979681386376,0.34637848217960665,15,5,112,0.6511627906976745,False,[],CELL_STRUCTURE_PCA7,CELL_STRUCTURE_PCA7_mcs15_ms5_leaf,leaf
1.0,1.0,2,"{""0"": 20, ""1"": 16}",0.04550412936984431,0.20852296729730602,15,10,136,0.7906976744186046,False,[],CELL_STRUCTURE_PCA7,CELL_STRUCTURE_PCA7_mcs15_ms10_eom,eom
1.0,1.0,2,"{""0"": 20, ""1"": 16}",0.04550412936984431,0.20852296729730602,15,10,136,0.7906976744186046,False,[],CELL_STRUCTURE_PCA7,CELL_STRUCTURE_PCA7_mcs15_ms10_leaf,leaf
0.0,0.0,0,{},0,0.0,15,20,172,1.0,True,"[""FEWER_THAN_TWO_CLUSTERS"", ""NOISE_ABOVE_80_PERCENT""]",CELL_STRUCTURE_PCA7,CELL_STRUCTURE_PCA7_mcs15_ms20_eom,eom
0.0,0.0,0,{},0,0.0,15,20,172,1.0,True,"[""FEWER_THAN_TWO_CLUSTERS"", ""NOISE_ABOVE_80_PERCENT""]",CELL_STRUCTURE_PCA7,CELL_STRUCTURE_PCA7_mcs15_ms20_leaf,leaf
0.0,0.0,0,{},0,0.0,25,5,172,1.0,True,"[""FEWER_THAN_TWO_CLUSTERS"", ""NOISE_ABOVE_80_PERCENT""]",CELL_STRUCTURE_PCA7,CELL_STRUCTURE_PCA7_mcs25_ms5_eom,eom
0.0,0.0,0,{},0,0.0,25,5,172,1.0,True,"[""FEWER_THAN_TWO_CLUSTERS"", ""NOISE_ABOVE_80_PERCENT""]",CELL_STRUCTURE_PCA7,CELL_STRUCTURE_PCA7_mcs25_ms5_leaf,leaf
0.0,0.0,0,{},0,0.0,25,10,172,1.0,True,"[""FEWER_THAN_TWO_CLUSTERS"", ""NOISE_ABOVE_80_PERCENT""]",CELL_STRUCTURE_PCA7,CELL_STRUCTURE_PCA7_mcs25_ms10_eom,eom
0.0,0.0,0,{},0,0.0,25,10,172,1.0,True,"[""FEWER_THAN_TWO_CLUSTERS"", ""NOISE_ABOVE_80_PERCENT""]",CELL_STRUCTURE_PCA7,CELL_STRUCTURE_PCA7_mcs25_ms10_leaf,leaf
0.0,0.0,0,{},0,0.0,25,20,172,1.0,True,"[""FEWER_THAN_TWO_CLUSTERS"", ""NOISE_ABOVE_80_PERCENT""]",CELL_STRUCTURE_PCA7,CELL_STRUCTURE_PCA7_mcs25_ms20_eom,eom
0.0,0.0,0,{},0,0.0,25,20,172,1.0,True,"[""FEWER_THAN_TWO_CLUSTERS"", ""NOISE_ABOVE_80_PERCENT""]",CELL_STRUCTURE_PCA7,CELL_STRUCTURE_PCA7_mcs25_ms20_leaf,leaf
0.0,0.0,0,{},0,0.0,40,5,172,1.0,True,"[""FEWER_THAN_TWO_CLUSTERS"", ""NOISE_ABOVE_80_PERCENT""]",CELL_STRUCTURE_PCA7,CELL_STRUCTURE_PCA7_mcs40_ms5_eom,eom
0.0,0.0,0,{},0,0.0,40,5,172,1.0,True,"[""FEWER_THAN_TWO_CLUSTERS"", ""NOISE_ABOVE_80_PERCENT""]",CELL_STRUCTURE_PCA7,CELL_STRUCTURE_PCA7_mcs40_ms5_leaf,leaf
0.0,0.0,0,{},0,0.0,40,10,172,1.0,True,"[""FEWER_THAN_TWO_CLUSTERS"", ""NOISE_ABOVE_80_PERCENT""]",CELL_STRUCTURE_PCA7,CELL_STRUCTURE_PCA7_mcs40_ms10_eom,eom
0.0,0.0,0,{},0,0.0,40,10,172,1.0,True,"[""FEWER_THAN_TWO_CLUSTERS"", ""NOISE_ABOVE_80_PERCENT""]",CELL_STRUCTURE_PCA7,CELL_STRUCTURE_PCA7_mcs40_ms10_leaf,leaf
0.0,0.0,0,{},0,0.0,40,20,172,1.0,True,"[""FEWER_THAN_TWO_CLUSTERS"", ""NOISE_ABOVE_80_PERCENT""]",CELL_STRUCTURE_PCA7,CELL_STRUCTURE_PCA7_mcs40_ms20_eom,eom
0.0,0.0,0,{},0,0.0,40,20,172,1.0,True,"[""FEWER_THAN_TWO_CLUSTERS"", ""NOISE_ABOVE_80_PERCENT""]",CELL_STRUCTURE_PCA7,CELL_STRUCTURE_PCA7_mcs40_ms20_leaf,leaf
0.0,0.0,0,{},0,0.0,60,5,172,1.0,True,"[""FEWER_THAN_TWO_CLUSTERS"", ""NOISE_ABOVE_80_PERCENT""]",CELL_STRUCTURE_PCA7,CELL_STRUCTURE_PCA7_mcs60_ms5_eom,eom
0.0,0.0,0,{},0,0.0,60,5,172,1.0,True,"[""FEWER_THAN_TWO_CLUSTERS"", ""NOISE_ABOVE_80_PERCENT""]",CELL_STRUCTURE_PCA7,CELL_STRUCTURE_PCA7_mcs60_ms5_leaf,leaf
0.0,0.0,0,{},0,0.0,60,10,172,1.0,True,"[""FEWER_THAN_TWO_CLUSTERS"", ""NOISE_ABOVE_80_PERCENT""]",CELL_STRUCTURE_PCA7,CELL_STRUCTURE_PCA7_mcs60_ms10_eom,eom
0.0,0.0,0,{},0,0.0,60,10,172,1.0,True,"[""FEWER_THAN_TWO_CLUSTERS"", ""NOISE_ABOVE_80_PERCENT""]",CELL_STRUCTURE_PCA7,CELL_STRUCTURE_PCA7_mcs60_ms10_leaf,leaf
0.0,0.0,0,{},0,0.0,60,20,172,1.0,True,"[""FEWER_THAN_TWO_CLUSTERS"", ""NOISE_ABOVE_80_PERCENT""]",CELL_STRUCTURE_PCA7,CELL_STRUCTURE_PCA7_mcs60_ms20_eom,eom
0.0,0.0,0,{},0,0.0,60,20,172,1.0,True,"[""FEWER_THAN_TWO_CLUSTERS"", ""NOISE_ABOVE_80_PERCENT""]",CELL_STRUCTURE_PCA7,CELL_STRUCTURE_PCA7_mcs60_ms20_leaf,leaf
